ARM GAS  C:\msys64\tmp\ccU8cwaS.s 			page 1


   1              		.cpu cortex-m7
   2              		.arch armv7e-m
   3              		.fpu fpv5-d16
   4              		.eabi_attribute 28, 1
   5              		.eabi_attribute 20, 1
   6              		.eabi_attribute 21, 1
   7              		.eabi_attribute 23, 3
   8              		.eabi_attribute 24, 1
   9              		.eabi_attribute 25, 1
  10              		.eabi_attribute 26, 1
  11              		.eabi_attribute 30, 1
  12              		.eabi_attribute 34, 1
  13              		.eabi_attribute 18, 4
  14              		.file	"stm32h7xx_hal_dma2d.c"
  15              		.text
  16              	.Ltext0:
  17              		.cfi_sections	.debug_frame
  18              		.file 1 "Drivers/STM32H7xx_HAL_Driver/Src/stm32h7xx_hal_dma2d.c"
  19              		.section	.text.DMA2D_SetConfig,"ax",%progbits
  20              		.align	1
  21              		.syntax unified
  22              		.thumb
  23              		.thumb_func
  25              	DMA2D_SetConfig:
  26              	.LVL0:
  27              	.LFB175:
   1:Drivers/STM32H7xx_HAL_Driver/Src/stm32h7xx_hal_dma2d.c **** /**
   2:Drivers/STM32H7xx_HAL_Driver/Src/stm32h7xx_hal_dma2d.c ****   ******************************************************************************
   3:Drivers/STM32H7xx_HAL_Driver/Src/stm32h7xx_hal_dma2d.c ****   * @file    stm32h7xx_hal_dma2d.c
   4:Drivers/STM32H7xx_HAL_Driver/Src/stm32h7xx_hal_dma2d.c ****   * @author  MCD Application Team
   5:Drivers/STM32H7xx_HAL_Driver/Src/stm32h7xx_hal_dma2d.c ****   * @brief   DMA2D HAL module driver.
   6:Drivers/STM32H7xx_HAL_Driver/Src/stm32h7xx_hal_dma2d.c ****   *          This file provides firmware functions to manage the following
   7:Drivers/STM32H7xx_HAL_Driver/Src/stm32h7xx_hal_dma2d.c ****   *          functionalities of the DMA2D peripheral:
   8:Drivers/STM32H7xx_HAL_Driver/Src/stm32h7xx_hal_dma2d.c ****   *           + Initialization and de-initialization functions
   9:Drivers/STM32H7xx_HAL_Driver/Src/stm32h7xx_hal_dma2d.c ****   *           + IO operation functions
  10:Drivers/STM32H7xx_HAL_Driver/Src/stm32h7xx_hal_dma2d.c ****   *           + Peripheral Control functions
  11:Drivers/STM32H7xx_HAL_Driver/Src/stm32h7xx_hal_dma2d.c ****   *           + Peripheral State and Errors functions
  12:Drivers/STM32H7xx_HAL_Driver/Src/stm32h7xx_hal_dma2d.c ****   *
  13:Drivers/STM32H7xx_HAL_Driver/Src/stm32h7xx_hal_dma2d.c ****   ******************************************************************************
  14:Drivers/STM32H7xx_HAL_Driver/Src/stm32h7xx_hal_dma2d.c ****   * @attention
  15:Drivers/STM32H7xx_HAL_Driver/Src/stm32h7xx_hal_dma2d.c ****   *
  16:Drivers/STM32H7xx_HAL_Driver/Src/stm32h7xx_hal_dma2d.c ****   * Copyright (c) 2017 STMicroelectronics.
  17:Drivers/STM32H7xx_HAL_Driver/Src/stm32h7xx_hal_dma2d.c ****   * All rights reserved.
  18:Drivers/STM32H7xx_HAL_Driver/Src/stm32h7xx_hal_dma2d.c ****   *
  19:Drivers/STM32H7xx_HAL_Driver/Src/stm32h7xx_hal_dma2d.c ****   * This software is licensed under terms that can be found in the LICENSE file
  20:Drivers/STM32H7xx_HAL_Driver/Src/stm32h7xx_hal_dma2d.c ****   * in the root directory of this software component.
  21:Drivers/STM32H7xx_HAL_Driver/Src/stm32h7xx_hal_dma2d.c ****   * If no LICENSE file comes with this software, it is provided AS-IS.
  22:Drivers/STM32H7xx_HAL_Driver/Src/stm32h7xx_hal_dma2d.c ****   *
  23:Drivers/STM32H7xx_HAL_Driver/Src/stm32h7xx_hal_dma2d.c ****   ******************************************************************************
  24:Drivers/STM32H7xx_HAL_Driver/Src/stm32h7xx_hal_dma2d.c ****   @verbatim
  25:Drivers/STM32H7xx_HAL_Driver/Src/stm32h7xx_hal_dma2d.c ****   ==============================================================================
  26:Drivers/STM32H7xx_HAL_Driver/Src/stm32h7xx_hal_dma2d.c ****                         ##### How to use this driver #####
  27:Drivers/STM32H7xx_HAL_Driver/Src/stm32h7xx_hal_dma2d.c ****   ==============================================================================
  28:Drivers/STM32H7xx_HAL_Driver/Src/stm32h7xx_hal_dma2d.c ****     [..]
  29:Drivers/STM32H7xx_HAL_Driver/Src/stm32h7xx_hal_dma2d.c ****       (#) Program the required configuration through the following parameters:
  30:Drivers/STM32H7xx_HAL_Driver/Src/stm32h7xx_hal_dma2d.c ****           the transfer mode, the output color mode and the output offset using
  31:Drivers/STM32H7xx_HAL_Driver/Src/stm32h7xx_hal_dma2d.c ****           HAL_DMA2D_Init() function.
ARM GAS  C:\msys64\tmp\ccU8cwaS.s 			page 2


  32:Drivers/STM32H7xx_HAL_Driver/Src/stm32h7xx_hal_dma2d.c **** 
  33:Drivers/STM32H7xx_HAL_Driver/Src/stm32h7xx_hal_dma2d.c ****       (#) Program the required configuration through the following parameters:
  34:Drivers/STM32H7xx_HAL_Driver/Src/stm32h7xx_hal_dma2d.c ****           the input color mode, the input color, the input alpha value, the alpha mode,
  35:Drivers/STM32H7xx_HAL_Driver/Src/stm32h7xx_hal_dma2d.c ****           the red/blue swap mode, the inverted alpha mode and the input offset using
  36:Drivers/STM32H7xx_HAL_Driver/Src/stm32h7xx_hal_dma2d.c ****           HAL_DMA2D_ConfigLayer() function for foreground or/and background layer.
  37:Drivers/STM32H7xx_HAL_Driver/Src/stm32h7xx_hal_dma2d.c **** 
  38:Drivers/STM32H7xx_HAL_Driver/Src/stm32h7xx_hal_dma2d.c ****      *** Polling mode IO operation ***
  39:Drivers/STM32H7xx_HAL_Driver/Src/stm32h7xx_hal_dma2d.c ****      =================================
  40:Drivers/STM32H7xx_HAL_Driver/Src/stm32h7xx_hal_dma2d.c ****     [..]
  41:Drivers/STM32H7xx_HAL_Driver/Src/stm32h7xx_hal_dma2d.c ****        (#) Configure pdata parameter (explained hereafter), destination and data length
  42:Drivers/STM32H7xx_HAL_Driver/Src/stm32h7xx_hal_dma2d.c ****            and enable the transfer using HAL_DMA2D_Start().
  43:Drivers/STM32H7xx_HAL_Driver/Src/stm32h7xx_hal_dma2d.c ****        (#) Wait for end of transfer using HAL_DMA2D_PollForTransfer(), at this stage
  44:Drivers/STM32H7xx_HAL_Driver/Src/stm32h7xx_hal_dma2d.c ****            user can specify the value of timeout according to his end application.
  45:Drivers/STM32H7xx_HAL_Driver/Src/stm32h7xx_hal_dma2d.c **** 
  46:Drivers/STM32H7xx_HAL_Driver/Src/stm32h7xx_hal_dma2d.c ****      *** Interrupt mode IO operation ***
  47:Drivers/STM32H7xx_HAL_Driver/Src/stm32h7xx_hal_dma2d.c ****      ===================================
  48:Drivers/STM32H7xx_HAL_Driver/Src/stm32h7xx_hal_dma2d.c ****      [..]
  49:Drivers/STM32H7xx_HAL_Driver/Src/stm32h7xx_hal_dma2d.c ****        (#) Configure pdata parameter, destination and data length and enable
  50:Drivers/STM32H7xx_HAL_Driver/Src/stm32h7xx_hal_dma2d.c ****            the transfer using HAL_DMA2D_Start_IT().
  51:Drivers/STM32H7xx_HAL_Driver/Src/stm32h7xx_hal_dma2d.c ****        (#) Use HAL_DMA2D_IRQHandler() called under DMA2D_IRQHandler() interrupt subroutine.
  52:Drivers/STM32H7xx_HAL_Driver/Src/stm32h7xx_hal_dma2d.c ****        (#) At the end of data transfer HAL_DMA2D_IRQHandler() function is executed and user can
  53:Drivers/STM32H7xx_HAL_Driver/Src/stm32h7xx_hal_dma2d.c ****            add his own function by customization of function pointer XferCpltCallback (member
  54:Drivers/STM32H7xx_HAL_Driver/Src/stm32h7xx_hal_dma2d.c ****            of DMA2D handle structure).
  55:Drivers/STM32H7xx_HAL_Driver/Src/stm32h7xx_hal_dma2d.c ****        (#) In case of error, the HAL_DMA2D_IRQHandler() function calls the callback
  56:Drivers/STM32H7xx_HAL_Driver/Src/stm32h7xx_hal_dma2d.c ****            XferErrorCallback.
  57:Drivers/STM32H7xx_HAL_Driver/Src/stm32h7xx_hal_dma2d.c **** 
  58:Drivers/STM32H7xx_HAL_Driver/Src/stm32h7xx_hal_dma2d.c ****          -@-   In Register-to-Memory transfer mode, pdata parameter is the register
  59:Drivers/STM32H7xx_HAL_Driver/Src/stm32h7xx_hal_dma2d.c ****                color, in Memory-to-memory or Memory-to-Memory with pixel format
  60:Drivers/STM32H7xx_HAL_Driver/Src/stm32h7xx_hal_dma2d.c ****                conversion pdata is the source address.
  61:Drivers/STM32H7xx_HAL_Driver/Src/stm32h7xx_hal_dma2d.c **** 
  62:Drivers/STM32H7xx_HAL_Driver/Src/stm32h7xx_hal_dma2d.c ****          -@-   Configure the foreground source address, the background source address,
  63:Drivers/STM32H7xx_HAL_Driver/Src/stm32h7xx_hal_dma2d.c ****                the destination and data length then Enable the transfer using
  64:Drivers/STM32H7xx_HAL_Driver/Src/stm32h7xx_hal_dma2d.c ****                HAL_DMA2D_BlendingStart() in polling mode and HAL_DMA2D_BlendingStart_IT()
  65:Drivers/STM32H7xx_HAL_Driver/Src/stm32h7xx_hal_dma2d.c ****                in interrupt mode.
  66:Drivers/STM32H7xx_HAL_Driver/Src/stm32h7xx_hal_dma2d.c **** 
  67:Drivers/STM32H7xx_HAL_Driver/Src/stm32h7xx_hal_dma2d.c ****          -@-   HAL_DMA2D_BlendingStart() and HAL_DMA2D_BlendingStart_IT() functions
  68:Drivers/STM32H7xx_HAL_Driver/Src/stm32h7xx_hal_dma2d.c ****                are used if the memory to memory with blending transfer mode is selected.
  69:Drivers/STM32H7xx_HAL_Driver/Src/stm32h7xx_hal_dma2d.c **** 
  70:Drivers/STM32H7xx_HAL_Driver/Src/stm32h7xx_hal_dma2d.c ****       (#) Optionally, configure and enable the CLUT using HAL_DMA2D_CLUTLoad() in polling
  71:Drivers/STM32H7xx_HAL_Driver/Src/stm32h7xx_hal_dma2d.c ****           mode or HAL_DMA2D_CLUTLoad_IT() in interrupt mode.
  72:Drivers/STM32H7xx_HAL_Driver/Src/stm32h7xx_hal_dma2d.c **** 
  73:Drivers/STM32H7xx_HAL_Driver/Src/stm32h7xx_hal_dma2d.c ****       (#) Optionally, configure the line watermark in using the API HAL_DMA2D_ProgramLineEvent().
  74:Drivers/STM32H7xx_HAL_Driver/Src/stm32h7xx_hal_dma2d.c **** 
  75:Drivers/STM32H7xx_HAL_Driver/Src/stm32h7xx_hal_dma2d.c ****       (#) Optionally, configure the dead time value in the AHB clock cycle inserted between two
  76:Drivers/STM32H7xx_HAL_Driver/Src/stm32h7xx_hal_dma2d.c ****           consecutive accesses on the AHB master port in using the API HAL_DMA2D_ConfigDeadTime()
  77:Drivers/STM32H7xx_HAL_Driver/Src/stm32h7xx_hal_dma2d.c ****           and enable/disable the functionality  with the APIs HAL_DMA2D_EnableDeadTime() or
  78:Drivers/STM32H7xx_HAL_Driver/Src/stm32h7xx_hal_dma2d.c ****           HAL_DMA2D_DisableDeadTime().
  79:Drivers/STM32H7xx_HAL_Driver/Src/stm32h7xx_hal_dma2d.c **** 
  80:Drivers/STM32H7xx_HAL_Driver/Src/stm32h7xx_hal_dma2d.c ****       (#) The transfer can be suspended, resumed and aborted using the following
  81:Drivers/STM32H7xx_HAL_Driver/Src/stm32h7xx_hal_dma2d.c ****           functions: HAL_DMA2D_Suspend(), HAL_DMA2D_Resume(), HAL_DMA2D_Abort().
  82:Drivers/STM32H7xx_HAL_Driver/Src/stm32h7xx_hal_dma2d.c **** 
  83:Drivers/STM32H7xx_HAL_Driver/Src/stm32h7xx_hal_dma2d.c ****       (#) The CLUT loading can be suspended, resumed and aborted using the following
  84:Drivers/STM32H7xx_HAL_Driver/Src/stm32h7xx_hal_dma2d.c ****           functions: HAL_DMA2D_CLUTLoading_Suspend(), HAL_DMA2D_CLUTLoading_Resume(),
  85:Drivers/STM32H7xx_HAL_Driver/Src/stm32h7xx_hal_dma2d.c ****           HAL_DMA2D_CLUTLoading_Abort().
  86:Drivers/STM32H7xx_HAL_Driver/Src/stm32h7xx_hal_dma2d.c **** 
  87:Drivers/STM32H7xx_HAL_Driver/Src/stm32h7xx_hal_dma2d.c ****       (#) To control the DMA2D state, use the following function: HAL_DMA2D_GetState().
  88:Drivers/STM32H7xx_HAL_Driver/Src/stm32h7xx_hal_dma2d.c **** 
ARM GAS  C:\msys64\tmp\ccU8cwaS.s 			page 3


  89:Drivers/STM32H7xx_HAL_Driver/Src/stm32h7xx_hal_dma2d.c ****       (#) To read the DMA2D error code, use the following function: HAL_DMA2D_GetError().
  90:Drivers/STM32H7xx_HAL_Driver/Src/stm32h7xx_hal_dma2d.c **** 
  91:Drivers/STM32H7xx_HAL_Driver/Src/stm32h7xx_hal_dma2d.c ****      *** DMA2D HAL driver macros list ***
  92:Drivers/STM32H7xx_HAL_Driver/Src/stm32h7xx_hal_dma2d.c ****      =============================================
  93:Drivers/STM32H7xx_HAL_Driver/Src/stm32h7xx_hal_dma2d.c ****      [..]
  94:Drivers/STM32H7xx_HAL_Driver/Src/stm32h7xx_hal_dma2d.c ****        Below the list of most used macros in DMA2D HAL driver :
  95:Drivers/STM32H7xx_HAL_Driver/Src/stm32h7xx_hal_dma2d.c **** 
  96:Drivers/STM32H7xx_HAL_Driver/Src/stm32h7xx_hal_dma2d.c ****       (+) __HAL_DMA2D_ENABLE: Enable the DMA2D peripheral.
  97:Drivers/STM32H7xx_HAL_Driver/Src/stm32h7xx_hal_dma2d.c ****       (+) __HAL_DMA2D_GET_FLAG: Get the DMA2D pending flags.
  98:Drivers/STM32H7xx_HAL_Driver/Src/stm32h7xx_hal_dma2d.c ****       (+) __HAL_DMA2D_CLEAR_FLAG: Clear the DMA2D pending flags.
  99:Drivers/STM32H7xx_HAL_Driver/Src/stm32h7xx_hal_dma2d.c ****       (+) __HAL_DMA2D_ENABLE_IT: Enable the specified DMA2D interrupts.
 100:Drivers/STM32H7xx_HAL_Driver/Src/stm32h7xx_hal_dma2d.c ****       (+) __HAL_DMA2D_DISABLE_IT: Disable the specified DMA2D interrupts.
 101:Drivers/STM32H7xx_HAL_Driver/Src/stm32h7xx_hal_dma2d.c ****       (+) __HAL_DMA2D_GET_IT_SOURCE: Check whether the specified DMA2D interrupt is enabled or not.
 102:Drivers/STM32H7xx_HAL_Driver/Src/stm32h7xx_hal_dma2d.c **** 
 103:Drivers/STM32H7xx_HAL_Driver/Src/stm32h7xx_hal_dma2d.c ****      *** Callback registration ***
 104:Drivers/STM32H7xx_HAL_Driver/Src/stm32h7xx_hal_dma2d.c ****      ===================================
 105:Drivers/STM32H7xx_HAL_Driver/Src/stm32h7xx_hal_dma2d.c ****      [..]
 106:Drivers/STM32H7xx_HAL_Driver/Src/stm32h7xx_hal_dma2d.c ****       (#) The compilation define  USE_HAL_DMA2D_REGISTER_CALLBACKS when set to 1
 107:Drivers/STM32H7xx_HAL_Driver/Src/stm32h7xx_hal_dma2d.c ****           allows the user to configure dynamically the driver callbacks.
 108:Drivers/STM32H7xx_HAL_Driver/Src/stm32h7xx_hal_dma2d.c ****           Use function @ref HAL_DMA2D_RegisterCallback() to register a user callback.
 109:Drivers/STM32H7xx_HAL_Driver/Src/stm32h7xx_hal_dma2d.c **** 
 110:Drivers/STM32H7xx_HAL_Driver/Src/stm32h7xx_hal_dma2d.c ****       (#) Function @ref HAL_DMA2D_RegisterCallback() allows to register following callbacks:
 111:Drivers/STM32H7xx_HAL_Driver/Src/stm32h7xx_hal_dma2d.c ****             (+) XferCpltCallback : callback for transfer complete.
 112:Drivers/STM32H7xx_HAL_Driver/Src/stm32h7xx_hal_dma2d.c ****             (+) XferErrorCallback : callback for transfer error.
 113:Drivers/STM32H7xx_HAL_Driver/Src/stm32h7xx_hal_dma2d.c ****             (+) LineEventCallback : callback for line event.
 114:Drivers/STM32H7xx_HAL_Driver/Src/stm32h7xx_hal_dma2d.c ****             (+) CLUTLoadingCpltCallback : callback for CLUT loading completion.
 115:Drivers/STM32H7xx_HAL_Driver/Src/stm32h7xx_hal_dma2d.c ****             (+) MspInitCallback    : DMA2D MspInit.
 116:Drivers/STM32H7xx_HAL_Driver/Src/stm32h7xx_hal_dma2d.c ****             (+) MspDeInitCallback  : DMA2D MspDeInit.
 117:Drivers/STM32H7xx_HAL_Driver/Src/stm32h7xx_hal_dma2d.c ****           This function takes as parameters the HAL peripheral handle, the Callback ID
 118:Drivers/STM32H7xx_HAL_Driver/Src/stm32h7xx_hal_dma2d.c ****           and a pointer to the user callback function.
 119:Drivers/STM32H7xx_HAL_Driver/Src/stm32h7xx_hal_dma2d.c **** 
 120:Drivers/STM32H7xx_HAL_Driver/Src/stm32h7xx_hal_dma2d.c ****       (#) Use function @ref HAL_DMA2D_UnRegisterCallback() to reset a callback to the default
 121:Drivers/STM32H7xx_HAL_Driver/Src/stm32h7xx_hal_dma2d.c ****           weak (overridden) function.
 122:Drivers/STM32H7xx_HAL_Driver/Src/stm32h7xx_hal_dma2d.c ****           @ref HAL_DMA2D_UnRegisterCallback() takes as parameters the HAL peripheral handle,
 123:Drivers/STM32H7xx_HAL_Driver/Src/stm32h7xx_hal_dma2d.c ****           and the Callback ID.
 124:Drivers/STM32H7xx_HAL_Driver/Src/stm32h7xx_hal_dma2d.c ****           This function allows to reset following callbacks:
 125:Drivers/STM32H7xx_HAL_Driver/Src/stm32h7xx_hal_dma2d.c ****             (+) XferCpltCallback : callback for transfer complete.
 126:Drivers/STM32H7xx_HAL_Driver/Src/stm32h7xx_hal_dma2d.c ****             (+) XferErrorCallback : callback for transfer error.
 127:Drivers/STM32H7xx_HAL_Driver/Src/stm32h7xx_hal_dma2d.c ****             (+) LineEventCallback : callback for line event.
 128:Drivers/STM32H7xx_HAL_Driver/Src/stm32h7xx_hal_dma2d.c ****             (+) CLUTLoadingCpltCallback : callback for CLUT loading completion.
 129:Drivers/STM32H7xx_HAL_Driver/Src/stm32h7xx_hal_dma2d.c ****             (+) MspInitCallback    : DMA2D MspInit.
 130:Drivers/STM32H7xx_HAL_Driver/Src/stm32h7xx_hal_dma2d.c ****             (+) MspDeInitCallback  : DMA2D MspDeInit.
 131:Drivers/STM32H7xx_HAL_Driver/Src/stm32h7xx_hal_dma2d.c **** 
 132:Drivers/STM32H7xx_HAL_Driver/Src/stm32h7xx_hal_dma2d.c ****       (#) By default, after the @ref HAL_DMA2D_Init and if the state is HAL_DMA2D_STATE_RESET
 133:Drivers/STM32H7xx_HAL_Driver/Src/stm32h7xx_hal_dma2d.c ****           all callbacks are reset to the corresponding legacy weak (overridden) functions:
 134:Drivers/STM32H7xx_HAL_Driver/Src/stm32h7xx_hal_dma2d.c ****           examples @ref HAL_DMA2D_LineEventCallback(), @ref HAL_DMA2D_CLUTLoadingCpltCallback()
 135:Drivers/STM32H7xx_HAL_Driver/Src/stm32h7xx_hal_dma2d.c ****           Exception done for MspInit and MspDeInit callbacks that are respectively
 136:Drivers/STM32H7xx_HAL_Driver/Src/stm32h7xx_hal_dma2d.c ****           reset to the legacy weak (overridden) functions in the @ref HAL_DMA2D_Init
 137:Drivers/STM32H7xx_HAL_Driver/Src/stm32h7xx_hal_dma2d.c ****           and @ref HAL_DMA2D_DeInit only when these callbacks are null (not registered beforehand)
 138:Drivers/STM32H7xx_HAL_Driver/Src/stm32h7xx_hal_dma2d.c ****           If not, MspInit or MspDeInit are not null, the @ref HAL_DMA2D_Init and @ref HAL_DMA2D_DeI
 139:Drivers/STM32H7xx_HAL_Driver/Src/stm32h7xx_hal_dma2d.c ****           keep and use the user MspInit/MspDeInit callbacks (registered beforehand).
 140:Drivers/STM32H7xx_HAL_Driver/Src/stm32h7xx_hal_dma2d.c **** 
 141:Drivers/STM32H7xx_HAL_Driver/Src/stm32h7xx_hal_dma2d.c ****           Exception as well for Transfer Completion and Transfer Error callbacks that are not defin
 142:Drivers/STM32H7xx_HAL_Driver/Src/stm32h7xx_hal_dma2d.c ****           as weak (overridden) functions. They must be defined by the user to be resorted to.
 143:Drivers/STM32H7xx_HAL_Driver/Src/stm32h7xx_hal_dma2d.c **** 
 144:Drivers/STM32H7xx_HAL_Driver/Src/stm32h7xx_hal_dma2d.c ****           Callbacks can be registered/unregistered in READY state only.
 145:Drivers/STM32H7xx_HAL_Driver/Src/stm32h7xx_hal_dma2d.c ****           Exception done for MspInit/MspDeInit callbacks that can be registered/unregistered
ARM GAS  C:\msys64\tmp\ccU8cwaS.s 			page 4


 146:Drivers/STM32H7xx_HAL_Driver/Src/stm32h7xx_hal_dma2d.c ****           in READY or RESET state, thus registered (user) MspInit/DeInit callbacks can be used
 147:Drivers/STM32H7xx_HAL_Driver/Src/stm32h7xx_hal_dma2d.c ****           during the Init/DeInit.
 148:Drivers/STM32H7xx_HAL_Driver/Src/stm32h7xx_hal_dma2d.c ****           In that case first register the MspInit/MspDeInit user callbacks
 149:Drivers/STM32H7xx_HAL_Driver/Src/stm32h7xx_hal_dma2d.c ****           using @ref HAL_DMA2D_RegisterCallback before calling @ref HAL_DMA2D_DeInit
 150:Drivers/STM32H7xx_HAL_Driver/Src/stm32h7xx_hal_dma2d.c ****           or @ref HAL_DMA2D_Init function.
 151:Drivers/STM32H7xx_HAL_Driver/Src/stm32h7xx_hal_dma2d.c **** 
 152:Drivers/STM32H7xx_HAL_Driver/Src/stm32h7xx_hal_dma2d.c ****           When The compilation define USE_HAL_DMA2D_REGISTER_CALLBACKS is set to 0 or
 153:Drivers/STM32H7xx_HAL_Driver/Src/stm32h7xx_hal_dma2d.c ****           not defined, the callback registering feature is not available
 154:Drivers/STM32H7xx_HAL_Driver/Src/stm32h7xx_hal_dma2d.c ****           and weak (overridden) callbacks are used.
 155:Drivers/STM32H7xx_HAL_Driver/Src/stm32h7xx_hal_dma2d.c **** 
 156:Drivers/STM32H7xx_HAL_Driver/Src/stm32h7xx_hal_dma2d.c ****      [..]
 157:Drivers/STM32H7xx_HAL_Driver/Src/stm32h7xx_hal_dma2d.c ****       (@) You can refer to the DMA2D HAL driver header file for more useful macros
 158:Drivers/STM32H7xx_HAL_Driver/Src/stm32h7xx_hal_dma2d.c **** 
 159:Drivers/STM32H7xx_HAL_Driver/Src/stm32h7xx_hal_dma2d.c ****   @endverbatim
 160:Drivers/STM32H7xx_HAL_Driver/Src/stm32h7xx_hal_dma2d.c ****   ******************************************************************************
 161:Drivers/STM32H7xx_HAL_Driver/Src/stm32h7xx_hal_dma2d.c ****   */
 162:Drivers/STM32H7xx_HAL_Driver/Src/stm32h7xx_hal_dma2d.c **** 
 163:Drivers/STM32H7xx_HAL_Driver/Src/stm32h7xx_hal_dma2d.c **** /* Includes ------------------------------------------------------------------*/
 164:Drivers/STM32H7xx_HAL_Driver/Src/stm32h7xx_hal_dma2d.c **** #include "stm32h7xx_hal.h"
 165:Drivers/STM32H7xx_HAL_Driver/Src/stm32h7xx_hal_dma2d.c **** 
 166:Drivers/STM32H7xx_HAL_Driver/Src/stm32h7xx_hal_dma2d.c **** #ifdef HAL_DMA2D_MODULE_ENABLED
 167:Drivers/STM32H7xx_HAL_Driver/Src/stm32h7xx_hal_dma2d.c **** #if defined (DMA2D)
 168:Drivers/STM32H7xx_HAL_Driver/Src/stm32h7xx_hal_dma2d.c **** 
 169:Drivers/STM32H7xx_HAL_Driver/Src/stm32h7xx_hal_dma2d.c **** /** @addtogroup STM32H7xx_HAL_Driver
 170:Drivers/STM32H7xx_HAL_Driver/Src/stm32h7xx_hal_dma2d.c ****   * @{
 171:Drivers/STM32H7xx_HAL_Driver/Src/stm32h7xx_hal_dma2d.c ****   */
 172:Drivers/STM32H7xx_HAL_Driver/Src/stm32h7xx_hal_dma2d.c **** 
 173:Drivers/STM32H7xx_HAL_Driver/Src/stm32h7xx_hal_dma2d.c **** /** @defgroup DMA2D  DMA2D
 174:Drivers/STM32H7xx_HAL_Driver/Src/stm32h7xx_hal_dma2d.c ****   * @brief DMA2D HAL module driver
 175:Drivers/STM32H7xx_HAL_Driver/Src/stm32h7xx_hal_dma2d.c ****   * @{
 176:Drivers/STM32H7xx_HAL_Driver/Src/stm32h7xx_hal_dma2d.c ****   */
 177:Drivers/STM32H7xx_HAL_Driver/Src/stm32h7xx_hal_dma2d.c **** 
 178:Drivers/STM32H7xx_HAL_Driver/Src/stm32h7xx_hal_dma2d.c **** /* Private types -------------------------------------------------------------*/
 179:Drivers/STM32H7xx_HAL_Driver/Src/stm32h7xx_hal_dma2d.c **** /* Private define ------------------------------------------------------------*/
 180:Drivers/STM32H7xx_HAL_Driver/Src/stm32h7xx_hal_dma2d.c **** /** @defgroup DMA2D_Private_Constants DMA2D Private Constants
 181:Drivers/STM32H7xx_HAL_Driver/Src/stm32h7xx_hal_dma2d.c ****   * @{
 182:Drivers/STM32H7xx_HAL_Driver/Src/stm32h7xx_hal_dma2d.c ****   */
 183:Drivers/STM32H7xx_HAL_Driver/Src/stm32h7xx_hal_dma2d.c **** 
 184:Drivers/STM32H7xx_HAL_Driver/Src/stm32h7xx_hal_dma2d.c **** /** @defgroup DMA2D_TimeOut DMA2D Time Out
 185:Drivers/STM32H7xx_HAL_Driver/Src/stm32h7xx_hal_dma2d.c ****   * @{
 186:Drivers/STM32H7xx_HAL_Driver/Src/stm32h7xx_hal_dma2d.c ****   */
 187:Drivers/STM32H7xx_HAL_Driver/Src/stm32h7xx_hal_dma2d.c **** #define DMA2D_TIMEOUT_ABORT           (1000U)  /*!<  1s  */
 188:Drivers/STM32H7xx_HAL_Driver/Src/stm32h7xx_hal_dma2d.c **** #define DMA2D_TIMEOUT_SUSPEND         (1000U)  /*!<  1s  */
 189:Drivers/STM32H7xx_HAL_Driver/Src/stm32h7xx_hal_dma2d.c **** /**
 190:Drivers/STM32H7xx_HAL_Driver/Src/stm32h7xx_hal_dma2d.c ****   * @}
 191:Drivers/STM32H7xx_HAL_Driver/Src/stm32h7xx_hal_dma2d.c ****   */
 192:Drivers/STM32H7xx_HAL_Driver/Src/stm32h7xx_hal_dma2d.c **** 
 193:Drivers/STM32H7xx_HAL_Driver/Src/stm32h7xx_hal_dma2d.c **** /**
 194:Drivers/STM32H7xx_HAL_Driver/Src/stm32h7xx_hal_dma2d.c ****   * @}
 195:Drivers/STM32H7xx_HAL_Driver/Src/stm32h7xx_hal_dma2d.c ****   */
 196:Drivers/STM32H7xx_HAL_Driver/Src/stm32h7xx_hal_dma2d.c **** 
 197:Drivers/STM32H7xx_HAL_Driver/Src/stm32h7xx_hal_dma2d.c **** /* Private variables ---------------------------------------------------------*/
 198:Drivers/STM32H7xx_HAL_Driver/Src/stm32h7xx_hal_dma2d.c **** /* Private constants ---------------------------------------------------------*/
 199:Drivers/STM32H7xx_HAL_Driver/Src/stm32h7xx_hal_dma2d.c **** /* Private macro -------------------------------------------------------------*/
 200:Drivers/STM32H7xx_HAL_Driver/Src/stm32h7xx_hal_dma2d.c **** /* Private function prototypes -----------------------------------------------*/
 201:Drivers/STM32H7xx_HAL_Driver/Src/stm32h7xx_hal_dma2d.c **** /** @addtogroup DMA2D_Private_Functions DMA2D Private Functions
 202:Drivers/STM32H7xx_HAL_Driver/Src/stm32h7xx_hal_dma2d.c ****   * @{
ARM GAS  C:\msys64\tmp\ccU8cwaS.s 			page 5


 203:Drivers/STM32H7xx_HAL_Driver/Src/stm32h7xx_hal_dma2d.c ****   */
 204:Drivers/STM32H7xx_HAL_Driver/Src/stm32h7xx_hal_dma2d.c **** static void DMA2D_SetConfig(DMA2D_HandleTypeDef *hdma2d, uint32_t pdata, uint32_t DstAddress, uint3
 205:Drivers/STM32H7xx_HAL_Driver/Src/stm32h7xx_hal_dma2d.c ****                             uint32_t Height);
 206:Drivers/STM32H7xx_HAL_Driver/Src/stm32h7xx_hal_dma2d.c **** /**
 207:Drivers/STM32H7xx_HAL_Driver/Src/stm32h7xx_hal_dma2d.c ****   * @}
 208:Drivers/STM32H7xx_HAL_Driver/Src/stm32h7xx_hal_dma2d.c ****   */
 209:Drivers/STM32H7xx_HAL_Driver/Src/stm32h7xx_hal_dma2d.c **** 
 210:Drivers/STM32H7xx_HAL_Driver/Src/stm32h7xx_hal_dma2d.c **** /* Private functions ---------------------------------------------------------*/
 211:Drivers/STM32H7xx_HAL_Driver/Src/stm32h7xx_hal_dma2d.c **** /* Exported functions --------------------------------------------------------*/
 212:Drivers/STM32H7xx_HAL_Driver/Src/stm32h7xx_hal_dma2d.c **** /** @defgroup DMA2D_Exported_Functions DMA2D Exported Functions
 213:Drivers/STM32H7xx_HAL_Driver/Src/stm32h7xx_hal_dma2d.c ****   * @{
 214:Drivers/STM32H7xx_HAL_Driver/Src/stm32h7xx_hal_dma2d.c ****   */
 215:Drivers/STM32H7xx_HAL_Driver/Src/stm32h7xx_hal_dma2d.c **** 
 216:Drivers/STM32H7xx_HAL_Driver/Src/stm32h7xx_hal_dma2d.c **** /** @defgroup DMA2D_Exported_Functions_Group1 Initialization and de-initialization functions
 217:Drivers/STM32H7xx_HAL_Driver/Src/stm32h7xx_hal_dma2d.c ****   *  @brief   Initialization and Configuration functions
 218:Drivers/STM32H7xx_HAL_Driver/Src/stm32h7xx_hal_dma2d.c ****   *
 219:Drivers/STM32H7xx_HAL_Driver/Src/stm32h7xx_hal_dma2d.c **** @verbatim
 220:Drivers/STM32H7xx_HAL_Driver/Src/stm32h7xx_hal_dma2d.c ****  ===============================================================================
 221:Drivers/STM32H7xx_HAL_Driver/Src/stm32h7xx_hal_dma2d.c ****                 ##### Initialization and Configuration functions #####
 222:Drivers/STM32H7xx_HAL_Driver/Src/stm32h7xx_hal_dma2d.c ****  ===============================================================================
 223:Drivers/STM32H7xx_HAL_Driver/Src/stm32h7xx_hal_dma2d.c ****     [..]  This section provides functions allowing to:
 224:Drivers/STM32H7xx_HAL_Driver/Src/stm32h7xx_hal_dma2d.c ****       (+) Initialize and configure the DMA2D
 225:Drivers/STM32H7xx_HAL_Driver/Src/stm32h7xx_hal_dma2d.c ****       (+) De-initialize the DMA2D
 226:Drivers/STM32H7xx_HAL_Driver/Src/stm32h7xx_hal_dma2d.c **** 
 227:Drivers/STM32H7xx_HAL_Driver/Src/stm32h7xx_hal_dma2d.c **** @endverbatim
 228:Drivers/STM32H7xx_HAL_Driver/Src/stm32h7xx_hal_dma2d.c ****   * @{
 229:Drivers/STM32H7xx_HAL_Driver/Src/stm32h7xx_hal_dma2d.c ****   */
 230:Drivers/STM32H7xx_HAL_Driver/Src/stm32h7xx_hal_dma2d.c **** 
 231:Drivers/STM32H7xx_HAL_Driver/Src/stm32h7xx_hal_dma2d.c **** /**
 232:Drivers/STM32H7xx_HAL_Driver/Src/stm32h7xx_hal_dma2d.c ****   * @brief  Initialize the DMA2D according to the specified
 233:Drivers/STM32H7xx_HAL_Driver/Src/stm32h7xx_hal_dma2d.c ****   *         parameters in the DMA2D_InitTypeDef and create the associated handle.
 234:Drivers/STM32H7xx_HAL_Driver/Src/stm32h7xx_hal_dma2d.c ****   * @param  hdma2d pointer to a DMA2D_HandleTypeDef structure that contains
 235:Drivers/STM32H7xx_HAL_Driver/Src/stm32h7xx_hal_dma2d.c ****   *                 the configuration information for the DMA2D.
 236:Drivers/STM32H7xx_HAL_Driver/Src/stm32h7xx_hal_dma2d.c ****   * @retval HAL status
 237:Drivers/STM32H7xx_HAL_Driver/Src/stm32h7xx_hal_dma2d.c ****   */
 238:Drivers/STM32H7xx_HAL_Driver/Src/stm32h7xx_hal_dma2d.c **** HAL_StatusTypeDef HAL_DMA2D_Init(DMA2D_HandleTypeDef *hdma2d)
 239:Drivers/STM32H7xx_HAL_Driver/Src/stm32h7xx_hal_dma2d.c **** {
 240:Drivers/STM32H7xx_HAL_Driver/Src/stm32h7xx_hal_dma2d.c ****   /* Check the DMA2D peripheral state */
 241:Drivers/STM32H7xx_HAL_Driver/Src/stm32h7xx_hal_dma2d.c ****   if (hdma2d == NULL)
 242:Drivers/STM32H7xx_HAL_Driver/Src/stm32h7xx_hal_dma2d.c ****   {
 243:Drivers/STM32H7xx_HAL_Driver/Src/stm32h7xx_hal_dma2d.c ****     return HAL_ERROR;
 244:Drivers/STM32H7xx_HAL_Driver/Src/stm32h7xx_hal_dma2d.c ****   }
 245:Drivers/STM32H7xx_HAL_Driver/Src/stm32h7xx_hal_dma2d.c **** 
 246:Drivers/STM32H7xx_HAL_Driver/Src/stm32h7xx_hal_dma2d.c ****   /* Check the parameters */
 247:Drivers/STM32H7xx_HAL_Driver/Src/stm32h7xx_hal_dma2d.c ****   assert_param(IS_DMA2D_ALL_INSTANCE(hdma2d->Instance));
 248:Drivers/STM32H7xx_HAL_Driver/Src/stm32h7xx_hal_dma2d.c ****   assert_param(IS_DMA2D_MODE(hdma2d->Init.Mode));
 249:Drivers/STM32H7xx_HAL_Driver/Src/stm32h7xx_hal_dma2d.c ****   assert_param(IS_DMA2D_CMODE(hdma2d->Init.ColorMode));
 250:Drivers/STM32H7xx_HAL_Driver/Src/stm32h7xx_hal_dma2d.c ****   assert_param(IS_DMA2D_OFFSET(hdma2d->Init.OutputOffset));
 251:Drivers/STM32H7xx_HAL_Driver/Src/stm32h7xx_hal_dma2d.c ****   assert_param(IS_DMA2D_ALPHA_INVERTED(hdma2d->Init.AlphaInverted));
 252:Drivers/STM32H7xx_HAL_Driver/Src/stm32h7xx_hal_dma2d.c ****   assert_param(IS_DMA2D_RB_SWAP(hdma2d->Init.RedBlueSwap));
 253:Drivers/STM32H7xx_HAL_Driver/Src/stm32h7xx_hal_dma2d.c ****   assert_param(IS_DMA2D_LOM_MODE(hdma2d->Init.LineOffsetMode));
 254:Drivers/STM32H7xx_HAL_Driver/Src/stm32h7xx_hal_dma2d.c ****   assert_param(IS_DMA2D_BYTES_SWAP(hdma2d->Init.BytesSwap));
 255:Drivers/STM32H7xx_HAL_Driver/Src/stm32h7xx_hal_dma2d.c **** 
 256:Drivers/STM32H7xx_HAL_Driver/Src/stm32h7xx_hal_dma2d.c **** #if (USE_HAL_DMA2D_REGISTER_CALLBACKS == 1)
 257:Drivers/STM32H7xx_HAL_Driver/Src/stm32h7xx_hal_dma2d.c ****   if (hdma2d->State == HAL_DMA2D_STATE_RESET)
 258:Drivers/STM32H7xx_HAL_Driver/Src/stm32h7xx_hal_dma2d.c ****   {
 259:Drivers/STM32H7xx_HAL_Driver/Src/stm32h7xx_hal_dma2d.c ****     /* Reset Callback pointers in HAL_DMA2D_STATE_RESET only */
ARM GAS  C:\msys64\tmp\ccU8cwaS.s 			page 6


 260:Drivers/STM32H7xx_HAL_Driver/Src/stm32h7xx_hal_dma2d.c ****     hdma2d->LineEventCallback       = HAL_DMA2D_LineEventCallback;
 261:Drivers/STM32H7xx_HAL_Driver/Src/stm32h7xx_hal_dma2d.c ****     hdma2d->CLUTLoadingCpltCallback = HAL_DMA2D_CLUTLoadingCpltCallback;
 262:Drivers/STM32H7xx_HAL_Driver/Src/stm32h7xx_hal_dma2d.c ****     if (hdma2d->MspInitCallback == NULL)
 263:Drivers/STM32H7xx_HAL_Driver/Src/stm32h7xx_hal_dma2d.c ****     {
 264:Drivers/STM32H7xx_HAL_Driver/Src/stm32h7xx_hal_dma2d.c ****       hdma2d->MspInitCallback = HAL_DMA2D_MspInit;
 265:Drivers/STM32H7xx_HAL_Driver/Src/stm32h7xx_hal_dma2d.c ****     }
 266:Drivers/STM32H7xx_HAL_Driver/Src/stm32h7xx_hal_dma2d.c **** 
 267:Drivers/STM32H7xx_HAL_Driver/Src/stm32h7xx_hal_dma2d.c ****     /* Init the low level hardware */
 268:Drivers/STM32H7xx_HAL_Driver/Src/stm32h7xx_hal_dma2d.c ****     hdma2d->MspInitCallback(hdma2d);
 269:Drivers/STM32H7xx_HAL_Driver/Src/stm32h7xx_hal_dma2d.c ****   }
 270:Drivers/STM32H7xx_HAL_Driver/Src/stm32h7xx_hal_dma2d.c **** #else
 271:Drivers/STM32H7xx_HAL_Driver/Src/stm32h7xx_hal_dma2d.c ****   if (hdma2d->State == HAL_DMA2D_STATE_RESET)
 272:Drivers/STM32H7xx_HAL_Driver/Src/stm32h7xx_hal_dma2d.c ****   {
 273:Drivers/STM32H7xx_HAL_Driver/Src/stm32h7xx_hal_dma2d.c ****     /* Allocate lock resource and initialize it */
 274:Drivers/STM32H7xx_HAL_Driver/Src/stm32h7xx_hal_dma2d.c ****     hdma2d->Lock = HAL_UNLOCKED;
 275:Drivers/STM32H7xx_HAL_Driver/Src/stm32h7xx_hal_dma2d.c ****     /* Init the low level hardware */
 276:Drivers/STM32H7xx_HAL_Driver/Src/stm32h7xx_hal_dma2d.c ****     HAL_DMA2D_MspInit(hdma2d);
 277:Drivers/STM32H7xx_HAL_Driver/Src/stm32h7xx_hal_dma2d.c ****   }
 278:Drivers/STM32H7xx_HAL_Driver/Src/stm32h7xx_hal_dma2d.c **** #endif /* (USE_HAL_DMA2D_REGISTER_CALLBACKS) */
 279:Drivers/STM32H7xx_HAL_Driver/Src/stm32h7xx_hal_dma2d.c **** 
 280:Drivers/STM32H7xx_HAL_Driver/Src/stm32h7xx_hal_dma2d.c ****   /* Change DMA2D peripheral state */
 281:Drivers/STM32H7xx_HAL_Driver/Src/stm32h7xx_hal_dma2d.c ****   hdma2d->State = HAL_DMA2D_STATE_BUSY;
 282:Drivers/STM32H7xx_HAL_Driver/Src/stm32h7xx_hal_dma2d.c **** 
 283:Drivers/STM32H7xx_HAL_Driver/Src/stm32h7xx_hal_dma2d.c ****   /* DMA2D CR register configuration -------------------------------------------*/
 284:Drivers/STM32H7xx_HAL_Driver/Src/stm32h7xx_hal_dma2d.c ****   MODIFY_REG(hdma2d->Instance->CR, DMA2D_CR_MODE | DMA2D_CR_LOM, hdma2d->Init.Mode | hdma2d->Init.L
 285:Drivers/STM32H7xx_HAL_Driver/Src/stm32h7xx_hal_dma2d.c **** 
 286:Drivers/STM32H7xx_HAL_Driver/Src/stm32h7xx_hal_dma2d.c ****   /* DMA2D OPFCCR register configuration ---------------------------------------*/
 287:Drivers/STM32H7xx_HAL_Driver/Src/stm32h7xx_hal_dma2d.c ****   MODIFY_REG(hdma2d->Instance->OPFCCR, DMA2D_OPFCCR_CM | DMA2D_OPFCCR_SB,
 288:Drivers/STM32H7xx_HAL_Driver/Src/stm32h7xx_hal_dma2d.c ****              hdma2d->Init.ColorMode | hdma2d->Init.BytesSwap);
 289:Drivers/STM32H7xx_HAL_Driver/Src/stm32h7xx_hal_dma2d.c **** 
 290:Drivers/STM32H7xx_HAL_Driver/Src/stm32h7xx_hal_dma2d.c ****   /* DMA2D OOR register configuration ------------------------------------------*/
 291:Drivers/STM32H7xx_HAL_Driver/Src/stm32h7xx_hal_dma2d.c ****   MODIFY_REG(hdma2d->Instance->OOR, DMA2D_OOR_LO, hdma2d->Init.OutputOffset);
 292:Drivers/STM32H7xx_HAL_Driver/Src/stm32h7xx_hal_dma2d.c ****   /* DMA2D OPFCCR AI and RBS fields setting (Output Alpha Inversion)*/
 293:Drivers/STM32H7xx_HAL_Driver/Src/stm32h7xx_hal_dma2d.c ****   MODIFY_REG(hdma2d->Instance->OPFCCR, (DMA2D_OPFCCR_AI | DMA2D_OPFCCR_RBS),
 294:Drivers/STM32H7xx_HAL_Driver/Src/stm32h7xx_hal_dma2d.c ****              ((hdma2d->Init.AlphaInverted << DMA2D_OPFCCR_AI_Pos) | \
 295:Drivers/STM32H7xx_HAL_Driver/Src/stm32h7xx_hal_dma2d.c ****               (hdma2d->Init.RedBlueSwap << DMA2D_OPFCCR_RBS_Pos)));
 296:Drivers/STM32H7xx_HAL_Driver/Src/stm32h7xx_hal_dma2d.c **** 
 297:Drivers/STM32H7xx_HAL_Driver/Src/stm32h7xx_hal_dma2d.c **** 
 298:Drivers/STM32H7xx_HAL_Driver/Src/stm32h7xx_hal_dma2d.c ****   /* Update error code */
 299:Drivers/STM32H7xx_HAL_Driver/Src/stm32h7xx_hal_dma2d.c ****   hdma2d->ErrorCode = HAL_DMA2D_ERROR_NONE;
 300:Drivers/STM32H7xx_HAL_Driver/Src/stm32h7xx_hal_dma2d.c **** 
 301:Drivers/STM32H7xx_HAL_Driver/Src/stm32h7xx_hal_dma2d.c ****   /* Initialize the DMA2D state*/
 302:Drivers/STM32H7xx_HAL_Driver/Src/stm32h7xx_hal_dma2d.c ****   hdma2d->State  = HAL_DMA2D_STATE_READY;
 303:Drivers/STM32H7xx_HAL_Driver/Src/stm32h7xx_hal_dma2d.c **** 
 304:Drivers/STM32H7xx_HAL_Driver/Src/stm32h7xx_hal_dma2d.c ****   return HAL_OK;
 305:Drivers/STM32H7xx_HAL_Driver/Src/stm32h7xx_hal_dma2d.c **** }
 306:Drivers/STM32H7xx_HAL_Driver/Src/stm32h7xx_hal_dma2d.c **** 
 307:Drivers/STM32H7xx_HAL_Driver/Src/stm32h7xx_hal_dma2d.c **** /**
 308:Drivers/STM32H7xx_HAL_Driver/Src/stm32h7xx_hal_dma2d.c ****   * @brief  Deinitializes the DMA2D peripheral registers to their default reset
 309:Drivers/STM32H7xx_HAL_Driver/Src/stm32h7xx_hal_dma2d.c ****   *         values.
 310:Drivers/STM32H7xx_HAL_Driver/Src/stm32h7xx_hal_dma2d.c ****   * @param  hdma2d pointer to a DMA2D_HandleTypeDef structure that contains
 311:Drivers/STM32H7xx_HAL_Driver/Src/stm32h7xx_hal_dma2d.c ****   *                 the configuration information for the DMA2D.
 312:Drivers/STM32H7xx_HAL_Driver/Src/stm32h7xx_hal_dma2d.c ****   * @retval None
 313:Drivers/STM32H7xx_HAL_Driver/Src/stm32h7xx_hal_dma2d.c ****   */
 314:Drivers/STM32H7xx_HAL_Driver/Src/stm32h7xx_hal_dma2d.c **** 
 315:Drivers/STM32H7xx_HAL_Driver/Src/stm32h7xx_hal_dma2d.c **** HAL_StatusTypeDef HAL_DMA2D_DeInit(DMA2D_HandleTypeDef *hdma2d)
 316:Drivers/STM32H7xx_HAL_Driver/Src/stm32h7xx_hal_dma2d.c **** {
ARM GAS  C:\msys64\tmp\ccU8cwaS.s 			page 7


 317:Drivers/STM32H7xx_HAL_Driver/Src/stm32h7xx_hal_dma2d.c **** 
 318:Drivers/STM32H7xx_HAL_Driver/Src/stm32h7xx_hal_dma2d.c ****   /* Check the DMA2D peripheral state */
 319:Drivers/STM32H7xx_HAL_Driver/Src/stm32h7xx_hal_dma2d.c ****   if (hdma2d == NULL)
 320:Drivers/STM32H7xx_HAL_Driver/Src/stm32h7xx_hal_dma2d.c ****   {
 321:Drivers/STM32H7xx_HAL_Driver/Src/stm32h7xx_hal_dma2d.c ****     return HAL_ERROR;
 322:Drivers/STM32H7xx_HAL_Driver/Src/stm32h7xx_hal_dma2d.c ****   }
 323:Drivers/STM32H7xx_HAL_Driver/Src/stm32h7xx_hal_dma2d.c **** 
 324:Drivers/STM32H7xx_HAL_Driver/Src/stm32h7xx_hal_dma2d.c ****   /* Before aborting any DMA2D transfer or CLUT loading, check
 325:Drivers/STM32H7xx_HAL_Driver/Src/stm32h7xx_hal_dma2d.c ****      first whether or not DMA2D clock is enabled */
 326:Drivers/STM32H7xx_HAL_Driver/Src/stm32h7xx_hal_dma2d.c ****   if (__HAL_RCC_DMA2D_IS_CLK_ENABLED() == 1U)
 327:Drivers/STM32H7xx_HAL_Driver/Src/stm32h7xx_hal_dma2d.c ****   {
 328:Drivers/STM32H7xx_HAL_Driver/Src/stm32h7xx_hal_dma2d.c ****     /* Abort DMA2D transfer if any */
 329:Drivers/STM32H7xx_HAL_Driver/Src/stm32h7xx_hal_dma2d.c ****     if ((hdma2d->Instance->CR & DMA2D_CR_START) == DMA2D_CR_START)
 330:Drivers/STM32H7xx_HAL_Driver/Src/stm32h7xx_hal_dma2d.c ****     {
 331:Drivers/STM32H7xx_HAL_Driver/Src/stm32h7xx_hal_dma2d.c ****       if (HAL_DMA2D_Abort(hdma2d) != HAL_OK)
 332:Drivers/STM32H7xx_HAL_Driver/Src/stm32h7xx_hal_dma2d.c ****       {
 333:Drivers/STM32H7xx_HAL_Driver/Src/stm32h7xx_hal_dma2d.c ****         /* Issue when aborting DMA2D transfer */
 334:Drivers/STM32H7xx_HAL_Driver/Src/stm32h7xx_hal_dma2d.c ****         return HAL_ERROR;
 335:Drivers/STM32H7xx_HAL_Driver/Src/stm32h7xx_hal_dma2d.c ****       }
 336:Drivers/STM32H7xx_HAL_Driver/Src/stm32h7xx_hal_dma2d.c ****     }
 337:Drivers/STM32H7xx_HAL_Driver/Src/stm32h7xx_hal_dma2d.c ****     else
 338:Drivers/STM32H7xx_HAL_Driver/Src/stm32h7xx_hal_dma2d.c ****     {
 339:Drivers/STM32H7xx_HAL_Driver/Src/stm32h7xx_hal_dma2d.c ****       /* Abort background CLUT loading if any */
 340:Drivers/STM32H7xx_HAL_Driver/Src/stm32h7xx_hal_dma2d.c ****       if ((hdma2d->Instance->BGPFCCR & DMA2D_BGPFCCR_START) == DMA2D_BGPFCCR_START)
 341:Drivers/STM32H7xx_HAL_Driver/Src/stm32h7xx_hal_dma2d.c ****       {
 342:Drivers/STM32H7xx_HAL_Driver/Src/stm32h7xx_hal_dma2d.c ****         if (HAL_DMA2D_CLUTLoading_Abort(hdma2d, 0U) != HAL_OK)
 343:Drivers/STM32H7xx_HAL_Driver/Src/stm32h7xx_hal_dma2d.c ****         {
 344:Drivers/STM32H7xx_HAL_Driver/Src/stm32h7xx_hal_dma2d.c ****           /* Issue when aborting background CLUT loading */
 345:Drivers/STM32H7xx_HAL_Driver/Src/stm32h7xx_hal_dma2d.c ****           return HAL_ERROR;
 346:Drivers/STM32H7xx_HAL_Driver/Src/stm32h7xx_hal_dma2d.c ****         }
 347:Drivers/STM32H7xx_HAL_Driver/Src/stm32h7xx_hal_dma2d.c ****       }
 348:Drivers/STM32H7xx_HAL_Driver/Src/stm32h7xx_hal_dma2d.c ****       else
 349:Drivers/STM32H7xx_HAL_Driver/Src/stm32h7xx_hal_dma2d.c ****       {
 350:Drivers/STM32H7xx_HAL_Driver/Src/stm32h7xx_hal_dma2d.c ****         /* Abort foreground CLUT loading if any */
 351:Drivers/STM32H7xx_HAL_Driver/Src/stm32h7xx_hal_dma2d.c ****         if ((hdma2d->Instance->FGPFCCR & DMA2D_FGPFCCR_START) == DMA2D_FGPFCCR_START)
 352:Drivers/STM32H7xx_HAL_Driver/Src/stm32h7xx_hal_dma2d.c ****         {
 353:Drivers/STM32H7xx_HAL_Driver/Src/stm32h7xx_hal_dma2d.c ****           if (HAL_DMA2D_CLUTLoading_Abort(hdma2d, 1U) != HAL_OK)
 354:Drivers/STM32H7xx_HAL_Driver/Src/stm32h7xx_hal_dma2d.c ****           {
 355:Drivers/STM32H7xx_HAL_Driver/Src/stm32h7xx_hal_dma2d.c ****             /* Issue when aborting foreground CLUT loading */
 356:Drivers/STM32H7xx_HAL_Driver/Src/stm32h7xx_hal_dma2d.c ****             return HAL_ERROR;
 357:Drivers/STM32H7xx_HAL_Driver/Src/stm32h7xx_hal_dma2d.c ****           }
 358:Drivers/STM32H7xx_HAL_Driver/Src/stm32h7xx_hal_dma2d.c ****         }
 359:Drivers/STM32H7xx_HAL_Driver/Src/stm32h7xx_hal_dma2d.c ****       }
 360:Drivers/STM32H7xx_HAL_Driver/Src/stm32h7xx_hal_dma2d.c ****     }
 361:Drivers/STM32H7xx_HAL_Driver/Src/stm32h7xx_hal_dma2d.c ****   }
 362:Drivers/STM32H7xx_HAL_Driver/Src/stm32h7xx_hal_dma2d.c **** 
 363:Drivers/STM32H7xx_HAL_Driver/Src/stm32h7xx_hal_dma2d.c ****   /* Reset DMA2D control registers*/
 364:Drivers/STM32H7xx_HAL_Driver/Src/stm32h7xx_hal_dma2d.c ****   hdma2d->Instance->CR       =    0U;
 365:Drivers/STM32H7xx_HAL_Driver/Src/stm32h7xx_hal_dma2d.c ****   hdma2d->Instance->IFCR     = 0x3FU;
 366:Drivers/STM32H7xx_HAL_Driver/Src/stm32h7xx_hal_dma2d.c ****   hdma2d->Instance->FGOR     =    0U;
 367:Drivers/STM32H7xx_HAL_Driver/Src/stm32h7xx_hal_dma2d.c ****   hdma2d->Instance->BGOR     =    0U;
 368:Drivers/STM32H7xx_HAL_Driver/Src/stm32h7xx_hal_dma2d.c ****   hdma2d->Instance->FGPFCCR  =    0U;
 369:Drivers/STM32H7xx_HAL_Driver/Src/stm32h7xx_hal_dma2d.c ****   hdma2d->Instance->BGPFCCR  =    0U;
 370:Drivers/STM32H7xx_HAL_Driver/Src/stm32h7xx_hal_dma2d.c ****   hdma2d->Instance->OPFCCR   =    0U;
 371:Drivers/STM32H7xx_HAL_Driver/Src/stm32h7xx_hal_dma2d.c **** 
 372:Drivers/STM32H7xx_HAL_Driver/Src/stm32h7xx_hal_dma2d.c **** #if (USE_HAL_DMA2D_REGISTER_CALLBACKS == 1)
 373:Drivers/STM32H7xx_HAL_Driver/Src/stm32h7xx_hal_dma2d.c **** 
ARM GAS  C:\msys64\tmp\ccU8cwaS.s 			page 8


 374:Drivers/STM32H7xx_HAL_Driver/Src/stm32h7xx_hal_dma2d.c ****   if (hdma2d->MspDeInitCallback == NULL)
 375:Drivers/STM32H7xx_HAL_Driver/Src/stm32h7xx_hal_dma2d.c ****   {
 376:Drivers/STM32H7xx_HAL_Driver/Src/stm32h7xx_hal_dma2d.c ****     hdma2d->MspDeInitCallback = HAL_DMA2D_MspDeInit;
 377:Drivers/STM32H7xx_HAL_Driver/Src/stm32h7xx_hal_dma2d.c ****   }
 378:Drivers/STM32H7xx_HAL_Driver/Src/stm32h7xx_hal_dma2d.c **** 
 379:Drivers/STM32H7xx_HAL_Driver/Src/stm32h7xx_hal_dma2d.c ****   /* DeInit the low level hardware */
 380:Drivers/STM32H7xx_HAL_Driver/Src/stm32h7xx_hal_dma2d.c ****   hdma2d->MspDeInitCallback(hdma2d);
 381:Drivers/STM32H7xx_HAL_Driver/Src/stm32h7xx_hal_dma2d.c **** 
 382:Drivers/STM32H7xx_HAL_Driver/Src/stm32h7xx_hal_dma2d.c **** #else
 383:Drivers/STM32H7xx_HAL_Driver/Src/stm32h7xx_hal_dma2d.c ****   /* Carry on with de-initialization of low level hardware */
 384:Drivers/STM32H7xx_HAL_Driver/Src/stm32h7xx_hal_dma2d.c ****   HAL_DMA2D_MspDeInit(hdma2d);
 385:Drivers/STM32H7xx_HAL_Driver/Src/stm32h7xx_hal_dma2d.c **** #endif /* (USE_HAL_DMA2D_REGISTER_CALLBACKS) */
 386:Drivers/STM32H7xx_HAL_Driver/Src/stm32h7xx_hal_dma2d.c **** 
 387:Drivers/STM32H7xx_HAL_Driver/Src/stm32h7xx_hal_dma2d.c ****   /* Update error code */
 388:Drivers/STM32H7xx_HAL_Driver/Src/stm32h7xx_hal_dma2d.c ****   hdma2d->ErrorCode = HAL_DMA2D_ERROR_NONE;
 389:Drivers/STM32H7xx_HAL_Driver/Src/stm32h7xx_hal_dma2d.c **** 
 390:Drivers/STM32H7xx_HAL_Driver/Src/stm32h7xx_hal_dma2d.c ****   /* Initialize the DMA2D state*/
 391:Drivers/STM32H7xx_HAL_Driver/Src/stm32h7xx_hal_dma2d.c ****   hdma2d->State  = HAL_DMA2D_STATE_RESET;
 392:Drivers/STM32H7xx_HAL_Driver/Src/stm32h7xx_hal_dma2d.c **** 
 393:Drivers/STM32H7xx_HAL_Driver/Src/stm32h7xx_hal_dma2d.c ****   /* Release Lock */
 394:Drivers/STM32H7xx_HAL_Driver/Src/stm32h7xx_hal_dma2d.c ****   __HAL_UNLOCK(hdma2d);
 395:Drivers/STM32H7xx_HAL_Driver/Src/stm32h7xx_hal_dma2d.c **** 
 396:Drivers/STM32H7xx_HAL_Driver/Src/stm32h7xx_hal_dma2d.c ****   return HAL_OK;
 397:Drivers/STM32H7xx_HAL_Driver/Src/stm32h7xx_hal_dma2d.c **** }
 398:Drivers/STM32H7xx_HAL_Driver/Src/stm32h7xx_hal_dma2d.c **** 
 399:Drivers/STM32H7xx_HAL_Driver/Src/stm32h7xx_hal_dma2d.c **** /**
 400:Drivers/STM32H7xx_HAL_Driver/Src/stm32h7xx_hal_dma2d.c ****   * @brief  Initializes the DMA2D MSP.
 401:Drivers/STM32H7xx_HAL_Driver/Src/stm32h7xx_hal_dma2d.c ****   * @param  hdma2d pointer to a DMA2D_HandleTypeDef structure that contains
 402:Drivers/STM32H7xx_HAL_Driver/Src/stm32h7xx_hal_dma2d.c ****   *                 the configuration information for the DMA2D.
 403:Drivers/STM32H7xx_HAL_Driver/Src/stm32h7xx_hal_dma2d.c ****   * @retval None
 404:Drivers/STM32H7xx_HAL_Driver/Src/stm32h7xx_hal_dma2d.c ****   */
 405:Drivers/STM32H7xx_HAL_Driver/Src/stm32h7xx_hal_dma2d.c **** __weak void HAL_DMA2D_MspInit(DMA2D_HandleTypeDef *hdma2d)
 406:Drivers/STM32H7xx_HAL_Driver/Src/stm32h7xx_hal_dma2d.c **** {
 407:Drivers/STM32H7xx_HAL_Driver/Src/stm32h7xx_hal_dma2d.c ****   /* Prevent unused argument(s) compilation warning */
 408:Drivers/STM32H7xx_HAL_Driver/Src/stm32h7xx_hal_dma2d.c ****   UNUSED(hdma2d);
 409:Drivers/STM32H7xx_HAL_Driver/Src/stm32h7xx_hal_dma2d.c **** 
 410:Drivers/STM32H7xx_HAL_Driver/Src/stm32h7xx_hal_dma2d.c ****   /* NOTE : This function should not be modified; when the callback is needed,
 411:Drivers/STM32H7xx_HAL_Driver/Src/stm32h7xx_hal_dma2d.c ****             the HAL_DMA2D_MspInit can be implemented in the user file.
 412:Drivers/STM32H7xx_HAL_Driver/Src/stm32h7xx_hal_dma2d.c ****    */
 413:Drivers/STM32H7xx_HAL_Driver/Src/stm32h7xx_hal_dma2d.c **** }
 414:Drivers/STM32H7xx_HAL_Driver/Src/stm32h7xx_hal_dma2d.c **** 
 415:Drivers/STM32H7xx_HAL_Driver/Src/stm32h7xx_hal_dma2d.c **** /**
 416:Drivers/STM32H7xx_HAL_Driver/Src/stm32h7xx_hal_dma2d.c ****   * @brief  DeInitializes the DMA2D MSP.
 417:Drivers/STM32H7xx_HAL_Driver/Src/stm32h7xx_hal_dma2d.c ****   * @param  hdma2d pointer to a DMA2D_HandleTypeDef structure that contains
 418:Drivers/STM32H7xx_HAL_Driver/Src/stm32h7xx_hal_dma2d.c ****   *                 the configuration information for the DMA2D.
 419:Drivers/STM32H7xx_HAL_Driver/Src/stm32h7xx_hal_dma2d.c ****   * @retval None
 420:Drivers/STM32H7xx_HAL_Driver/Src/stm32h7xx_hal_dma2d.c ****   */
 421:Drivers/STM32H7xx_HAL_Driver/Src/stm32h7xx_hal_dma2d.c **** __weak void HAL_DMA2D_MspDeInit(DMA2D_HandleTypeDef *hdma2d)
 422:Drivers/STM32H7xx_HAL_Driver/Src/stm32h7xx_hal_dma2d.c **** {
 423:Drivers/STM32H7xx_HAL_Driver/Src/stm32h7xx_hal_dma2d.c ****   /* Prevent unused argument(s) compilation warning */
 424:Drivers/STM32H7xx_HAL_Driver/Src/stm32h7xx_hal_dma2d.c ****   UNUSED(hdma2d);
 425:Drivers/STM32H7xx_HAL_Driver/Src/stm32h7xx_hal_dma2d.c **** 
 426:Drivers/STM32H7xx_HAL_Driver/Src/stm32h7xx_hal_dma2d.c ****   /* NOTE : This function should not be modified; when the callback is needed,
 427:Drivers/STM32H7xx_HAL_Driver/Src/stm32h7xx_hal_dma2d.c ****             the HAL_DMA2D_MspDeInit can be implemented in the user file.
 428:Drivers/STM32H7xx_HAL_Driver/Src/stm32h7xx_hal_dma2d.c ****    */
 429:Drivers/STM32H7xx_HAL_Driver/Src/stm32h7xx_hal_dma2d.c **** }
 430:Drivers/STM32H7xx_HAL_Driver/Src/stm32h7xx_hal_dma2d.c **** 
ARM GAS  C:\msys64\tmp\ccU8cwaS.s 			page 9


 431:Drivers/STM32H7xx_HAL_Driver/Src/stm32h7xx_hal_dma2d.c **** #if (USE_HAL_DMA2D_REGISTER_CALLBACKS == 1)
 432:Drivers/STM32H7xx_HAL_Driver/Src/stm32h7xx_hal_dma2d.c **** /**
 433:Drivers/STM32H7xx_HAL_Driver/Src/stm32h7xx_hal_dma2d.c ****   * @brief  Register a User DMA2D Callback
 434:Drivers/STM32H7xx_HAL_Driver/Src/stm32h7xx_hal_dma2d.c ****   *         To be used instead of the weak (overridden) predefined callback
 435:Drivers/STM32H7xx_HAL_Driver/Src/stm32h7xx_hal_dma2d.c ****   * @param hdma2d DMA2D handle
 436:Drivers/STM32H7xx_HAL_Driver/Src/stm32h7xx_hal_dma2d.c ****   * @param CallbackID ID of the callback to be registered
 437:Drivers/STM32H7xx_HAL_Driver/Src/stm32h7xx_hal_dma2d.c ****   *        This parameter can be one of the following values:
 438:Drivers/STM32H7xx_HAL_Driver/Src/stm32h7xx_hal_dma2d.c ****   *          @arg @ref HAL_DMA2D_TRANSFERCOMPLETE_CB_ID DMA2D transfer complete Callback ID
 439:Drivers/STM32H7xx_HAL_Driver/Src/stm32h7xx_hal_dma2d.c ****   *          @arg @ref HAL_DMA2D_TRANSFERERROR_CB_ID DMA2D transfer error Callback ID
 440:Drivers/STM32H7xx_HAL_Driver/Src/stm32h7xx_hal_dma2d.c ****   *          @arg @ref HAL_DMA2D_LINEEVENT_CB_ID DMA2D line event Callback ID
 441:Drivers/STM32H7xx_HAL_Driver/Src/stm32h7xx_hal_dma2d.c ****   *          @arg @ref HAL_DMA2D_CLUTLOADINGCPLT_CB_ID DMA2D CLUT loading completion Callback ID
 442:Drivers/STM32H7xx_HAL_Driver/Src/stm32h7xx_hal_dma2d.c ****   *          @arg @ref HAL_DMA2D_MSPINIT_CB_ID DMA2D MspInit callback ID
 443:Drivers/STM32H7xx_HAL_Driver/Src/stm32h7xx_hal_dma2d.c ****   *          @arg @ref HAL_DMA2D_MSPDEINIT_CB_ID DMA2D MspDeInit callback ID
 444:Drivers/STM32H7xx_HAL_Driver/Src/stm32h7xx_hal_dma2d.c ****   * @param pCallback pointer to the Callback function
 445:Drivers/STM32H7xx_HAL_Driver/Src/stm32h7xx_hal_dma2d.c ****   * @note No weak predefined callbacks are defined for HAL_DMA2D_TRANSFERCOMPLETE_CB_ID or HAL_DMA2
 446:Drivers/STM32H7xx_HAL_Driver/Src/stm32h7xx_hal_dma2d.c ****   * @retval status
 447:Drivers/STM32H7xx_HAL_Driver/Src/stm32h7xx_hal_dma2d.c ****   */
 448:Drivers/STM32H7xx_HAL_Driver/Src/stm32h7xx_hal_dma2d.c **** HAL_StatusTypeDef HAL_DMA2D_RegisterCallback(DMA2D_HandleTypeDef *hdma2d, HAL_DMA2D_CallbackIDTypeD
 449:Drivers/STM32H7xx_HAL_Driver/Src/stm32h7xx_hal_dma2d.c ****                                              pDMA2D_CallbackTypeDef pCallback)
 450:Drivers/STM32H7xx_HAL_Driver/Src/stm32h7xx_hal_dma2d.c **** {
 451:Drivers/STM32H7xx_HAL_Driver/Src/stm32h7xx_hal_dma2d.c ****   HAL_StatusTypeDef status = HAL_OK;
 452:Drivers/STM32H7xx_HAL_Driver/Src/stm32h7xx_hal_dma2d.c **** 
 453:Drivers/STM32H7xx_HAL_Driver/Src/stm32h7xx_hal_dma2d.c ****   if (pCallback == NULL)
 454:Drivers/STM32H7xx_HAL_Driver/Src/stm32h7xx_hal_dma2d.c ****   {
 455:Drivers/STM32H7xx_HAL_Driver/Src/stm32h7xx_hal_dma2d.c ****     /* Update the error code */
 456:Drivers/STM32H7xx_HAL_Driver/Src/stm32h7xx_hal_dma2d.c ****     hdma2d->ErrorCode |= HAL_DMA2D_ERROR_INVALID_CALLBACK;
 457:Drivers/STM32H7xx_HAL_Driver/Src/stm32h7xx_hal_dma2d.c ****     return HAL_ERROR;
 458:Drivers/STM32H7xx_HAL_Driver/Src/stm32h7xx_hal_dma2d.c ****   }
 459:Drivers/STM32H7xx_HAL_Driver/Src/stm32h7xx_hal_dma2d.c ****   /* Process locked */
 460:Drivers/STM32H7xx_HAL_Driver/Src/stm32h7xx_hal_dma2d.c ****   __HAL_LOCK(hdma2d);
 461:Drivers/STM32H7xx_HAL_Driver/Src/stm32h7xx_hal_dma2d.c **** 
 462:Drivers/STM32H7xx_HAL_Driver/Src/stm32h7xx_hal_dma2d.c ****   if (HAL_DMA2D_STATE_READY == hdma2d->State)
 463:Drivers/STM32H7xx_HAL_Driver/Src/stm32h7xx_hal_dma2d.c ****   {
 464:Drivers/STM32H7xx_HAL_Driver/Src/stm32h7xx_hal_dma2d.c ****     switch (CallbackID)
 465:Drivers/STM32H7xx_HAL_Driver/Src/stm32h7xx_hal_dma2d.c ****     {
 466:Drivers/STM32H7xx_HAL_Driver/Src/stm32h7xx_hal_dma2d.c ****       case HAL_DMA2D_TRANSFERCOMPLETE_CB_ID :
 467:Drivers/STM32H7xx_HAL_Driver/Src/stm32h7xx_hal_dma2d.c ****         hdma2d->XferCpltCallback = pCallback;
 468:Drivers/STM32H7xx_HAL_Driver/Src/stm32h7xx_hal_dma2d.c ****         break;
 469:Drivers/STM32H7xx_HAL_Driver/Src/stm32h7xx_hal_dma2d.c **** 
 470:Drivers/STM32H7xx_HAL_Driver/Src/stm32h7xx_hal_dma2d.c ****       case HAL_DMA2D_TRANSFERERROR_CB_ID :
 471:Drivers/STM32H7xx_HAL_Driver/Src/stm32h7xx_hal_dma2d.c ****         hdma2d->XferErrorCallback = pCallback;
 472:Drivers/STM32H7xx_HAL_Driver/Src/stm32h7xx_hal_dma2d.c ****         break;
 473:Drivers/STM32H7xx_HAL_Driver/Src/stm32h7xx_hal_dma2d.c **** 
 474:Drivers/STM32H7xx_HAL_Driver/Src/stm32h7xx_hal_dma2d.c ****       case HAL_DMA2D_LINEEVENT_CB_ID :
 475:Drivers/STM32H7xx_HAL_Driver/Src/stm32h7xx_hal_dma2d.c ****         hdma2d->LineEventCallback = pCallback;
 476:Drivers/STM32H7xx_HAL_Driver/Src/stm32h7xx_hal_dma2d.c ****         break;
 477:Drivers/STM32H7xx_HAL_Driver/Src/stm32h7xx_hal_dma2d.c **** 
 478:Drivers/STM32H7xx_HAL_Driver/Src/stm32h7xx_hal_dma2d.c ****       case HAL_DMA2D_CLUTLOADINGCPLT_CB_ID :
 479:Drivers/STM32H7xx_HAL_Driver/Src/stm32h7xx_hal_dma2d.c ****         hdma2d->CLUTLoadingCpltCallback = pCallback;
 480:Drivers/STM32H7xx_HAL_Driver/Src/stm32h7xx_hal_dma2d.c ****         break;
 481:Drivers/STM32H7xx_HAL_Driver/Src/stm32h7xx_hal_dma2d.c **** 
 482:Drivers/STM32H7xx_HAL_Driver/Src/stm32h7xx_hal_dma2d.c ****       case HAL_DMA2D_MSPINIT_CB_ID :
 483:Drivers/STM32H7xx_HAL_Driver/Src/stm32h7xx_hal_dma2d.c ****         hdma2d->MspInitCallback = pCallback;
 484:Drivers/STM32H7xx_HAL_Driver/Src/stm32h7xx_hal_dma2d.c ****         break;
 485:Drivers/STM32H7xx_HAL_Driver/Src/stm32h7xx_hal_dma2d.c **** 
 486:Drivers/STM32H7xx_HAL_Driver/Src/stm32h7xx_hal_dma2d.c ****       case HAL_DMA2D_MSPDEINIT_CB_ID :
 487:Drivers/STM32H7xx_HAL_Driver/Src/stm32h7xx_hal_dma2d.c ****         hdma2d->MspDeInitCallback = pCallback;
ARM GAS  C:\msys64\tmp\ccU8cwaS.s 			page 10


 488:Drivers/STM32H7xx_HAL_Driver/Src/stm32h7xx_hal_dma2d.c ****         break;
 489:Drivers/STM32H7xx_HAL_Driver/Src/stm32h7xx_hal_dma2d.c **** 
 490:Drivers/STM32H7xx_HAL_Driver/Src/stm32h7xx_hal_dma2d.c ****       default :
 491:Drivers/STM32H7xx_HAL_Driver/Src/stm32h7xx_hal_dma2d.c ****         /* Update the error code */
 492:Drivers/STM32H7xx_HAL_Driver/Src/stm32h7xx_hal_dma2d.c ****         hdma2d->ErrorCode |= HAL_DMA2D_ERROR_INVALID_CALLBACK;
 493:Drivers/STM32H7xx_HAL_Driver/Src/stm32h7xx_hal_dma2d.c ****         /* update return status */
 494:Drivers/STM32H7xx_HAL_Driver/Src/stm32h7xx_hal_dma2d.c ****         status =  HAL_ERROR;
 495:Drivers/STM32H7xx_HAL_Driver/Src/stm32h7xx_hal_dma2d.c ****         break;
 496:Drivers/STM32H7xx_HAL_Driver/Src/stm32h7xx_hal_dma2d.c ****     }
 497:Drivers/STM32H7xx_HAL_Driver/Src/stm32h7xx_hal_dma2d.c ****   }
 498:Drivers/STM32H7xx_HAL_Driver/Src/stm32h7xx_hal_dma2d.c ****   else if (HAL_DMA2D_STATE_RESET == hdma2d->State)
 499:Drivers/STM32H7xx_HAL_Driver/Src/stm32h7xx_hal_dma2d.c ****   {
 500:Drivers/STM32H7xx_HAL_Driver/Src/stm32h7xx_hal_dma2d.c ****     switch (CallbackID)
 501:Drivers/STM32H7xx_HAL_Driver/Src/stm32h7xx_hal_dma2d.c ****     {
 502:Drivers/STM32H7xx_HAL_Driver/Src/stm32h7xx_hal_dma2d.c ****       case HAL_DMA2D_MSPINIT_CB_ID :
 503:Drivers/STM32H7xx_HAL_Driver/Src/stm32h7xx_hal_dma2d.c ****         hdma2d->MspInitCallback = pCallback;
 504:Drivers/STM32H7xx_HAL_Driver/Src/stm32h7xx_hal_dma2d.c ****         break;
 505:Drivers/STM32H7xx_HAL_Driver/Src/stm32h7xx_hal_dma2d.c **** 
 506:Drivers/STM32H7xx_HAL_Driver/Src/stm32h7xx_hal_dma2d.c ****       case HAL_DMA2D_MSPDEINIT_CB_ID :
 507:Drivers/STM32H7xx_HAL_Driver/Src/stm32h7xx_hal_dma2d.c ****         hdma2d->MspDeInitCallback = pCallback;
 508:Drivers/STM32H7xx_HAL_Driver/Src/stm32h7xx_hal_dma2d.c ****         break;
 509:Drivers/STM32H7xx_HAL_Driver/Src/stm32h7xx_hal_dma2d.c **** 
 510:Drivers/STM32H7xx_HAL_Driver/Src/stm32h7xx_hal_dma2d.c ****       default :
 511:Drivers/STM32H7xx_HAL_Driver/Src/stm32h7xx_hal_dma2d.c ****         /* Update the error code */
 512:Drivers/STM32H7xx_HAL_Driver/Src/stm32h7xx_hal_dma2d.c ****         hdma2d->ErrorCode |= HAL_DMA2D_ERROR_INVALID_CALLBACK;
 513:Drivers/STM32H7xx_HAL_Driver/Src/stm32h7xx_hal_dma2d.c ****         /* update return status */
 514:Drivers/STM32H7xx_HAL_Driver/Src/stm32h7xx_hal_dma2d.c ****         status =  HAL_ERROR;
 515:Drivers/STM32H7xx_HAL_Driver/Src/stm32h7xx_hal_dma2d.c ****         break;
 516:Drivers/STM32H7xx_HAL_Driver/Src/stm32h7xx_hal_dma2d.c ****     }
 517:Drivers/STM32H7xx_HAL_Driver/Src/stm32h7xx_hal_dma2d.c ****   }
 518:Drivers/STM32H7xx_HAL_Driver/Src/stm32h7xx_hal_dma2d.c ****   else
 519:Drivers/STM32H7xx_HAL_Driver/Src/stm32h7xx_hal_dma2d.c ****   {
 520:Drivers/STM32H7xx_HAL_Driver/Src/stm32h7xx_hal_dma2d.c ****     /* Update the error code */
 521:Drivers/STM32H7xx_HAL_Driver/Src/stm32h7xx_hal_dma2d.c ****     hdma2d->ErrorCode |= HAL_DMA2D_ERROR_INVALID_CALLBACK;
 522:Drivers/STM32H7xx_HAL_Driver/Src/stm32h7xx_hal_dma2d.c ****     /* update return status */
 523:Drivers/STM32H7xx_HAL_Driver/Src/stm32h7xx_hal_dma2d.c ****     status =  HAL_ERROR;
 524:Drivers/STM32H7xx_HAL_Driver/Src/stm32h7xx_hal_dma2d.c ****   }
 525:Drivers/STM32H7xx_HAL_Driver/Src/stm32h7xx_hal_dma2d.c **** 
 526:Drivers/STM32H7xx_HAL_Driver/Src/stm32h7xx_hal_dma2d.c ****   /* Release Lock */
 527:Drivers/STM32H7xx_HAL_Driver/Src/stm32h7xx_hal_dma2d.c ****   __HAL_UNLOCK(hdma2d);
 528:Drivers/STM32H7xx_HAL_Driver/Src/stm32h7xx_hal_dma2d.c ****   return status;
 529:Drivers/STM32H7xx_HAL_Driver/Src/stm32h7xx_hal_dma2d.c **** }
 530:Drivers/STM32H7xx_HAL_Driver/Src/stm32h7xx_hal_dma2d.c **** 
 531:Drivers/STM32H7xx_HAL_Driver/Src/stm32h7xx_hal_dma2d.c **** /**
 532:Drivers/STM32H7xx_HAL_Driver/Src/stm32h7xx_hal_dma2d.c ****   * @brief  Unregister a DMA2D Callback
 533:Drivers/STM32H7xx_HAL_Driver/Src/stm32h7xx_hal_dma2d.c ****   *         DMA2D Callback is redirected to the weak (overridden) predefined callback
 534:Drivers/STM32H7xx_HAL_Driver/Src/stm32h7xx_hal_dma2d.c ****   * @param hdma2d DMA2D handle
 535:Drivers/STM32H7xx_HAL_Driver/Src/stm32h7xx_hal_dma2d.c ****   * @param CallbackID ID of the callback to be unregistered
 536:Drivers/STM32H7xx_HAL_Driver/Src/stm32h7xx_hal_dma2d.c ****   *        This parameter can be one of the following values:
 537:Drivers/STM32H7xx_HAL_Driver/Src/stm32h7xx_hal_dma2d.c ****   *          @arg @ref HAL_DMA2D_TRANSFERCOMPLETE_CB_ID DMA2D transfer complete Callback ID
 538:Drivers/STM32H7xx_HAL_Driver/Src/stm32h7xx_hal_dma2d.c ****   *          @arg @ref HAL_DMA2D_TRANSFERERROR_CB_ID DMA2D transfer error Callback ID
 539:Drivers/STM32H7xx_HAL_Driver/Src/stm32h7xx_hal_dma2d.c ****   *          @arg @ref HAL_DMA2D_LINEEVENT_CB_ID DMA2D line event Callback ID
 540:Drivers/STM32H7xx_HAL_Driver/Src/stm32h7xx_hal_dma2d.c ****   *          @arg @ref HAL_DMA2D_CLUTLOADINGCPLT_CB_ID DMA2D CLUT loading completion Callback ID
 541:Drivers/STM32H7xx_HAL_Driver/Src/stm32h7xx_hal_dma2d.c ****   *          @arg @ref HAL_DMA2D_MSPINIT_CB_ID DMA2D MspInit callback ID
 542:Drivers/STM32H7xx_HAL_Driver/Src/stm32h7xx_hal_dma2d.c ****   *          @arg @ref HAL_DMA2D_MSPDEINIT_CB_ID DMA2D MspDeInit callback ID
 543:Drivers/STM32H7xx_HAL_Driver/Src/stm32h7xx_hal_dma2d.c ****   * @note No weak predefined callbacks are defined for HAL_DMA2D_TRANSFERCOMPLETE_CB_ID or HAL_DMA2
 544:Drivers/STM32H7xx_HAL_Driver/Src/stm32h7xx_hal_dma2d.c ****   * @retval status
ARM GAS  C:\msys64\tmp\ccU8cwaS.s 			page 11


 545:Drivers/STM32H7xx_HAL_Driver/Src/stm32h7xx_hal_dma2d.c ****   */
 546:Drivers/STM32H7xx_HAL_Driver/Src/stm32h7xx_hal_dma2d.c **** HAL_StatusTypeDef HAL_DMA2D_UnRegisterCallback(DMA2D_HandleTypeDef *hdma2d, HAL_DMA2D_CallbackIDTyp
 547:Drivers/STM32H7xx_HAL_Driver/Src/stm32h7xx_hal_dma2d.c **** {
 548:Drivers/STM32H7xx_HAL_Driver/Src/stm32h7xx_hal_dma2d.c ****   HAL_StatusTypeDef status = HAL_OK;
 549:Drivers/STM32H7xx_HAL_Driver/Src/stm32h7xx_hal_dma2d.c **** 
 550:Drivers/STM32H7xx_HAL_Driver/Src/stm32h7xx_hal_dma2d.c ****   /* Process locked */
 551:Drivers/STM32H7xx_HAL_Driver/Src/stm32h7xx_hal_dma2d.c ****   __HAL_LOCK(hdma2d);
 552:Drivers/STM32H7xx_HAL_Driver/Src/stm32h7xx_hal_dma2d.c **** 
 553:Drivers/STM32H7xx_HAL_Driver/Src/stm32h7xx_hal_dma2d.c ****   if (HAL_DMA2D_STATE_READY == hdma2d->State)
 554:Drivers/STM32H7xx_HAL_Driver/Src/stm32h7xx_hal_dma2d.c ****   {
 555:Drivers/STM32H7xx_HAL_Driver/Src/stm32h7xx_hal_dma2d.c ****     switch (CallbackID)
 556:Drivers/STM32H7xx_HAL_Driver/Src/stm32h7xx_hal_dma2d.c ****     {
 557:Drivers/STM32H7xx_HAL_Driver/Src/stm32h7xx_hal_dma2d.c ****       case HAL_DMA2D_TRANSFERCOMPLETE_CB_ID :
 558:Drivers/STM32H7xx_HAL_Driver/Src/stm32h7xx_hal_dma2d.c ****         hdma2d->XferCpltCallback = NULL;
 559:Drivers/STM32H7xx_HAL_Driver/Src/stm32h7xx_hal_dma2d.c ****         break;
 560:Drivers/STM32H7xx_HAL_Driver/Src/stm32h7xx_hal_dma2d.c **** 
 561:Drivers/STM32H7xx_HAL_Driver/Src/stm32h7xx_hal_dma2d.c ****       case HAL_DMA2D_TRANSFERERROR_CB_ID :
 562:Drivers/STM32H7xx_HAL_Driver/Src/stm32h7xx_hal_dma2d.c ****         hdma2d->XferErrorCallback = NULL;
 563:Drivers/STM32H7xx_HAL_Driver/Src/stm32h7xx_hal_dma2d.c ****         break;
 564:Drivers/STM32H7xx_HAL_Driver/Src/stm32h7xx_hal_dma2d.c **** 
 565:Drivers/STM32H7xx_HAL_Driver/Src/stm32h7xx_hal_dma2d.c ****       case HAL_DMA2D_LINEEVENT_CB_ID :
 566:Drivers/STM32H7xx_HAL_Driver/Src/stm32h7xx_hal_dma2d.c ****         hdma2d->LineEventCallback = HAL_DMA2D_LineEventCallback;
 567:Drivers/STM32H7xx_HAL_Driver/Src/stm32h7xx_hal_dma2d.c ****         break;
 568:Drivers/STM32H7xx_HAL_Driver/Src/stm32h7xx_hal_dma2d.c **** 
 569:Drivers/STM32H7xx_HAL_Driver/Src/stm32h7xx_hal_dma2d.c ****       case HAL_DMA2D_CLUTLOADINGCPLT_CB_ID :
 570:Drivers/STM32H7xx_HAL_Driver/Src/stm32h7xx_hal_dma2d.c ****         hdma2d->CLUTLoadingCpltCallback = HAL_DMA2D_CLUTLoadingCpltCallback;
 571:Drivers/STM32H7xx_HAL_Driver/Src/stm32h7xx_hal_dma2d.c ****         break;
 572:Drivers/STM32H7xx_HAL_Driver/Src/stm32h7xx_hal_dma2d.c **** 
 573:Drivers/STM32H7xx_HAL_Driver/Src/stm32h7xx_hal_dma2d.c ****       case HAL_DMA2D_MSPINIT_CB_ID :
 574:Drivers/STM32H7xx_HAL_Driver/Src/stm32h7xx_hal_dma2d.c ****         hdma2d->MspInitCallback = HAL_DMA2D_MspInit; /* Legacy weak (overridden) Msp Init */
 575:Drivers/STM32H7xx_HAL_Driver/Src/stm32h7xx_hal_dma2d.c ****         break;
 576:Drivers/STM32H7xx_HAL_Driver/Src/stm32h7xx_hal_dma2d.c **** 
 577:Drivers/STM32H7xx_HAL_Driver/Src/stm32h7xx_hal_dma2d.c ****       case HAL_DMA2D_MSPDEINIT_CB_ID :
 578:Drivers/STM32H7xx_HAL_Driver/Src/stm32h7xx_hal_dma2d.c ****         hdma2d->MspDeInitCallback = HAL_DMA2D_MspDeInit; /* Legacy weak (overridden) Msp DeInit */
 579:Drivers/STM32H7xx_HAL_Driver/Src/stm32h7xx_hal_dma2d.c ****         break;
 580:Drivers/STM32H7xx_HAL_Driver/Src/stm32h7xx_hal_dma2d.c **** 
 581:Drivers/STM32H7xx_HAL_Driver/Src/stm32h7xx_hal_dma2d.c ****       default :
 582:Drivers/STM32H7xx_HAL_Driver/Src/stm32h7xx_hal_dma2d.c ****         /* Update the error code */
 583:Drivers/STM32H7xx_HAL_Driver/Src/stm32h7xx_hal_dma2d.c ****         hdma2d->ErrorCode |= HAL_DMA2D_ERROR_INVALID_CALLBACK;
 584:Drivers/STM32H7xx_HAL_Driver/Src/stm32h7xx_hal_dma2d.c ****         /* update return status */
 585:Drivers/STM32H7xx_HAL_Driver/Src/stm32h7xx_hal_dma2d.c ****         status =  HAL_ERROR;
 586:Drivers/STM32H7xx_HAL_Driver/Src/stm32h7xx_hal_dma2d.c ****         break;
 587:Drivers/STM32H7xx_HAL_Driver/Src/stm32h7xx_hal_dma2d.c ****     }
 588:Drivers/STM32H7xx_HAL_Driver/Src/stm32h7xx_hal_dma2d.c ****   }
 589:Drivers/STM32H7xx_HAL_Driver/Src/stm32h7xx_hal_dma2d.c ****   else if (HAL_DMA2D_STATE_RESET == hdma2d->State)
 590:Drivers/STM32H7xx_HAL_Driver/Src/stm32h7xx_hal_dma2d.c ****   {
 591:Drivers/STM32H7xx_HAL_Driver/Src/stm32h7xx_hal_dma2d.c ****     switch (CallbackID)
 592:Drivers/STM32H7xx_HAL_Driver/Src/stm32h7xx_hal_dma2d.c ****     {
 593:Drivers/STM32H7xx_HAL_Driver/Src/stm32h7xx_hal_dma2d.c ****       case HAL_DMA2D_MSPINIT_CB_ID :
 594:Drivers/STM32H7xx_HAL_Driver/Src/stm32h7xx_hal_dma2d.c ****         hdma2d->MspInitCallback = HAL_DMA2D_MspInit;   /* Legacy weak (overridden) Msp Init */
 595:Drivers/STM32H7xx_HAL_Driver/Src/stm32h7xx_hal_dma2d.c ****         break;
 596:Drivers/STM32H7xx_HAL_Driver/Src/stm32h7xx_hal_dma2d.c **** 
 597:Drivers/STM32H7xx_HAL_Driver/Src/stm32h7xx_hal_dma2d.c ****       case HAL_DMA2D_MSPDEINIT_CB_ID :
 598:Drivers/STM32H7xx_HAL_Driver/Src/stm32h7xx_hal_dma2d.c ****         hdma2d->MspDeInitCallback = HAL_DMA2D_MspDeInit;  /* Legacy weak (overridden) Msp DeInit */
 599:Drivers/STM32H7xx_HAL_Driver/Src/stm32h7xx_hal_dma2d.c ****         break;
 600:Drivers/STM32H7xx_HAL_Driver/Src/stm32h7xx_hal_dma2d.c **** 
 601:Drivers/STM32H7xx_HAL_Driver/Src/stm32h7xx_hal_dma2d.c ****       default :
ARM GAS  C:\msys64\tmp\ccU8cwaS.s 			page 12


 602:Drivers/STM32H7xx_HAL_Driver/Src/stm32h7xx_hal_dma2d.c ****         /* Update the error code */
 603:Drivers/STM32H7xx_HAL_Driver/Src/stm32h7xx_hal_dma2d.c ****         hdma2d->ErrorCode |= HAL_DMA2D_ERROR_INVALID_CALLBACK;
 604:Drivers/STM32H7xx_HAL_Driver/Src/stm32h7xx_hal_dma2d.c ****         /* update return status */
 605:Drivers/STM32H7xx_HAL_Driver/Src/stm32h7xx_hal_dma2d.c ****         status =  HAL_ERROR;
 606:Drivers/STM32H7xx_HAL_Driver/Src/stm32h7xx_hal_dma2d.c ****         break;
 607:Drivers/STM32H7xx_HAL_Driver/Src/stm32h7xx_hal_dma2d.c ****     }
 608:Drivers/STM32H7xx_HAL_Driver/Src/stm32h7xx_hal_dma2d.c ****   }
 609:Drivers/STM32H7xx_HAL_Driver/Src/stm32h7xx_hal_dma2d.c ****   else
 610:Drivers/STM32H7xx_HAL_Driver/Src/stm32h7xx_hal_dma2d.c ****   {
 611:Drivers/STM32H7xx_HAL_Driver/Src/stm32h7xx_hal_dma2d.c ****     /* Update the error code */
 612:Drivers/STM32H7xx_HAL_Driver/Src/stm32h7xx_hal_dma2d.c ****     hdma2d->ErrorCode |= HAL_DMA2D_ERROR_INVALID_CALLBACK;
 613:Drivers/STM32H7xx_HAL_Driver/Src/stm32h7xx_hal_dma2d.c ****     /* update return status */
 614:Drivers/STM32H7xx_HAL_Driver/Src/stm32h7xx_hal_dma2d.c ****     status =  HAL_ERROR;
 615:Drivers/STM32H7xx_HAL_Driver/Src/stm32h7xx_hal_dma2d.c ****   }
 616:Drivers/STM32H7xx_HAL_Driver/Src/stm32h7xx_hal_dma2d.c **** 
 617:Drivers/STM32H7xx_HAL_Driver/Src/stm32h7xx_hal_dma2d.c ****   /* Release Lock */
 618:Drivers/STM32H7xx_HAL_Driver/Src/stm32h7xx_hal_dma2d.c ****   __HAL_UNLOCK(hdma2d);
 619:Drivers/STM32H7xx_HAL_Driver/Src/stm32h7xx_hal_dma2d.c ****   return status;
 620:Drivers/STM32H7xx_HAL_Driver/Src/stm32h7xx_hal_dma2d.c **** }
 621:Drivers/STM32H7xx_HAL_Driver/Src/stm32h7xx_hal_dma2d.c **** #endif /* USE_HAL_DMA2D_REGISTER_CALLBACKS */
 622:Drivers/STM32H7xx_HAL_Driver/Src/stm32h7xx_hal_dma2d.c **** 
 623:Drivers/STM32H7xx_HAL_Driver/Src/stm32h7xx_hal_dma2d.c **** /**
 624:Drivers/STM32H7xx_HAL_Driver/Src/stm32h7xx_hal_dma2d.c ****   * @}
 625:Drivers/STM32H7xx_HAL_Driver/Src/stm32h7xx_hal_dma2d.c ****   */
 626:Drivers/STM32H7xx_HAL_Driver/Src/stm32h7xx_hal_dma2d.c **** 
 627:Drivers/STM32H7xx_HAL_Driver/Src/stm32h7xx_hal_dma2d.c **** 
 628:Drivers/STM32H7xx_HAL_Driver/Src/stm32h7xx_hal_dma2d.c **** /** @defgroup DMA2D_Exported_Functions_Group2 IO operation functions
 629:Drivers/STM32H7xx_HAL_Driver/Src/stm32h7xx_hal_dma2d.c ****   *  @brief   IO operation functions
 630:Drivers/STM32H7xx_HAL_Driver/Src/stm32h7xx_hal_dma2d.c ****   *
 631:Drivers/STM32H7xx_HAL_Driver/Src/stm32h7xx_hal_dma2d.c **** @verbatim
 632:Drivers/STM32H7xx_HAL_Driver/Src/stm32h7xx_hal_dma2d.c ****  ===============================================================================
 633:Drivers/STM32H7xx_HAL_Driver/Src/stm32h7xx_hal_dma2d.c ****                       #####  IO operation functions  #####
 634:Drivers/STM32H7xx_HAL_Driver/Src/stm32h7xx_hal_dma2d.c ****  ===============================================================================
 635:Drivers/STM32H7xx_HAL_Driver/Src/stm32h7xx_hal_dma2d.c ****     [..]  This section provides functions allowing to:
 636:Drivers/STM32H7xx_HAL_Driver/Src/stm32h7xx_hal_dma2d.c ****       (+) Configure the pdata, destination address and data size then
 637:Drivers/STM32H7xx_HAL_Driver/Src/stm32h7xx_hal_dma2d.c ****           start the DMA2D transfer.
 638:Drivers/STM32H7xx_HAL_Driver/Src/stm32h7xx_hal_dma2d.c ****       (+) Configure the source for foreground and background, destination address
 639:Drivers/STM32H7xx_HAL_Driver/Src/stm32h7xx_hal_dma2d.c ****           and data size then start a MultiBuffer DMA2D transfer.
 640:Drivers/STM32H7xx_HAL_Driver/Src/stm32h7xx_hal_dma2d.c ****       (+) Configure the pdata, destination address and data size then
 641:Drivers/STM32H7xx_HAL_Driver/Src/stm32h7xx_hal_dma2d.c ****           start the DMA2D transfer with interrupt.
 642:Drivers/STM32H7xx_HAL_Driver/Src/stm32h7xx_hal_dma2d.c ****       (+) Configure the source for foreground and background, destination address
 643:Drivers/STM32H7xx_HAL_Driver/Src/stm32h7xx_hal_dma2d.c ****           and data size then start a MultiBuffer DMA2D transfer with interrupt.
 644:Drivers/STM32H7xx_HAL_Driver/Src/stm32h7xx_hal_dma2d.c ****       (+) Abort DMA2D transfer.
 645:Drivers/STM32H7xx_HAL_Driver/Src/stm32h7xx_hal_dma2d.c ****       (+) Suspend DMA2D transfer.
 646:Drivers/STM32H7xx_HAL_Driver/Src/stm32h7xx_hal_dma2d.c ****       (+) Resume DMA2D transfer.
 647:Drivers/STM32H7xx_HAL_Driver/Src/stm32h7xx_hal_dma2d.c ****       (+) Enable CLUT transfer.
 648:Drivers/STM32H7xx_HAL_Driver/Src/stm32h7xx_hal_dma2d.c ****       (+) Configure CLUT loading then start transfer in polling mode.
 649:Drivers/STM32H7xx_HAL_Driver/Src/stm32h7xx_hal_dma2d.c ****       (+) Configure CLUT loading then start transfer in interrupt mode.
 650:Drivers/STM32H7xx_HAL_Driver/Src/stm32h7xx_hal_dma2d.c ****       (+) Abort DMA2D CLUT loading.
 651:Drivers/STM32H7xx_HAL_Driver/Src/stm32h7xx_hal_dma2d.c ****       (+) Suspend DMA2D CLUT loading.
 652:Drivers/STM32H7xx_HAL_Driver/Src/stm32h7xx_hal_dma2d.c ****       (+) Resume DMA2D CLUT loading.
 653:Drivers/STM32H7xx_HAL_Driver/Src/stm32h7xx_hal_dma2d.c ****       (+) Poll for transfer complete.
 654:Drivers/STM32H7xx_HAL_Driver/Src/stm32h7xx_hal_dma2d.c ****       (+) handle DMA2D interrupt request.
 655:Drivers/STM32H7xx_HAL_Driver/Src/stm32h7xx_hal_dma2d.c ****       (+) Transfer watermark callback.
 656:Drivers/STM32H7xx_HAL_Driver/Src/stm32h7xx_hal_dma2d.c ****       (+) CLUT Transfer Complete callback.
 657:Drivers/STM32H7xx_HAL_Driver/Src/stm32h7xx_hal_dma2d.c **** 
 658:Drivers/STM32H7xx_HAL_Driver/Src/stm32h7xx_hal_dma2d.c **** 
ARM GAS  C:\msys64\tmp\ccU8cwaS.s 			page 13


 659:Drivers/STM32H7xx_HAL_Driver/Src/stm32h7xx_hal_dma2d.c **** @endverbatim
 660:Drivers/STM32H7xx_HAL_Driver/Src/stm32h7xx_hal_dma2d.c ****   * @{
 661:Drivers/STM32H7xx_HAL_Driver/Src/stm32h7xx_hal_dma2d.c ****   */
 662:Drivers/STM32H7xx_HAL_Driver/Src/stm32h7xx_hal_dma2d.c **** 
 663:Drivers/STM32H7xx_HAL_Driver/Src/stm32h7xx_hal_dma2d.c **** /**
 664:Drivers/STM32H7xx_HAL_Driver/Src/stm32h7xx_hal_dma2d.c ****   * @brief  Start the DMA2D Transfer.
 665:Drivers/STM32H7xx_HAL_Driver/Src/stm32h7xx_hal_dma2d.c ****   * @param  hdma2d     Pointer to a DMA2D_HandleTypeDef structure that contains
 666:Drivers/STM32H7xx_HAL_Driver/Src/stm32h7xx_hal_dma2d.c ****   *                     the configuration information for the DMA2D.
 667:Drivers/STM32H7xx_HAL_Driver/Src/stm32h7xx_hal_dma2d.c ****   * @param  pdata      Configure the source memory Buffer address if
 668:Drivers/STM32H7xx_HAL_Driver/Src/stm32h7xx_hal_dma2d.c ****   *                     Memory-to-Memory or Memory-to-Memory with pixel format
 669:Drivers/STM32H7xx_HAL_Driver/Src/stm32h7xx_hal_dma2d.c ****   *                     conversion mode is selected, or configure
 670:Drivers/STM32H7xx_HAL_Driver/Src/stm32h7xx_hal_dma2d.c ****   *                     the color value if Register-to-Memory mode is selected.
 671:Drivers/STM32H7xx_HAL_Driver/Src/stm32h7xx_hal_dma2d.c ****   * @param  DstAddress The destination memory Buffer address.
 672:Drivers/STM32H7xx_HAL_Driver/Src/stm32h7xx_hal_dma2d.c ****   * @param  Width      The width of data to be transferred from source
 673:Drivers/STM32H7xx_HAL_Driver/Src/stm32h7xx_hal_dma2d.c ****   *                    to destination (expressed in number of pixels per line).
 674:Drivers/STM32H7xx_HAL_Driver/Src/stm32h7xx_hal_dma2d.c ****   * @param  Height     The height of data to be transferred from source to destination (expressed i
 675:Drivers/STM32H7xx_HAL_Driver/Src/stm32h7xx_hal_dma2d.c ****   * @retval HAL status
 676:Drivers/STM32H7xx_HAL_Driver/Src/stm32h7xx_hal_dma2d.c ****   */
 677:Drivers/STM32H7xx_HAL_Driver/Src/stm32h7xx_hal_dma2d.c **** HAL_StatusTypeDef HAL_DMA2D_Start(DMA2D_HandleTypeDef *hdma2d, uint32_t pdata, uint32_t DstAddress,
 678:Drivers/STM32H7xx_HAL_Driver/Src/stm32h7xx_hal_dma2d.c ****                                   uint32_t Height)
 679:Drivers/STM32H7xx_HAL_Driver/Src/stm32h7xx_hal_dma2d.c **** {
 680:Drivers/STM32H7xx_HAL_Driver/Src/stm32h7xx_hal_dma2d.c ****   /* Check the parameters */
 681:Drivers/STM32H7xx_HAL_Driver/Src/stm32h7xx_hal_dma2d.c ****   assert_param(IS_DMA2D_LINE(Height));
 682:Drivers/STM32H7xx_HAL_Driver/Src/stm32h7xx_hal_dma2d.c ****   assert_param(IS_DMA2D_PIXEL(Width));
 683:Drivers/STM32H7xx_HAL_Driver/Src/stm32h7xx_hal_dma2d.c **** 
 684:Drivers/STM32H7xx_HAL_Driver/Src/stm32h7xx_hal_dma2d.c ****   /* Process locked */
 685:Drivers/STM32H7xx_HAL_Driver/Src/stm32h7xx_hal_dma2d.c ****   __HAL_LOCK(hdma2d);
 686:Drivers/STM32H7xx_HAL_Driver/Src/stm32h7xx_hal_dma2d.c **** 
 687:Drivers/STM32H7xx_HAL_Driver/Src/stm32h7xx_hal_dma2d.c ****   /* Change DMA2D peripheral state */
 688:Drivers/STM32H7xx_HAL_Driver/Src/stm32h7xx_hal_dma2d.c ****   hdma2d->State = HAL_DMA2D_STATE_BUSY;
 689:Drivers/STM32H7xx_HAL_Driver/Src/stm32h7xx_hal_dma2d.c **** 
 690:Drivers/STM32H7xx_HAL_Driver/Src/stm32h7xx_hal_dma2d.c ****   /* Configure the source, destination address and the data size */
 691:Drivers/STM32H7xx_HAL_Driver/Src/stm32h7xx_hal_dma2d.c ****   DMA2D_SetConfig(hdma2d, pdata, DstAddress, Width, Height);
 692:Drivers/STM32H7xx_HAL_Driver/Src/stm32h7xx_hal_dma2d.c **** 
 693:Drivers/STM32H7xx_HAL_Driver/Src/stm32h7xx_hal_dma2d.c ****   /* Enable the Peripheral */
 694:Drivers/STM32H7xx_HAL_Driver/Src/stm32h7xx_hal_dma2d.c ****   __HAL_DMA2D_ENABLE(hdma2d);
 695:Drivers/STM32H7xx_HAL_Driver/Src/stm32h7xx_hal_dma2d.c **** 
 696:Drivers/STM32H7xx_HAL_Driver/Src/stm32h7xx_hal_dma2d.c ****   return HAL_OK;
 697:Drivers/STM32H7xx_HAL_Driver/Src/stm32h7xx_hal_dma2d.c **** }
 698:Drivers/STM32H7xx_HAL_Driver/Src/stm32h7xx_hal_dma2d.c **** 
 699:Drivers/STM32H7xx_HAL_Driver/Src/stm32h7xx_hal_dma2d.c **** /**
 700:Drivers/STM32H7xx_HAL_Driver/Src/stm32h7xx_hal_dma2d.c ****   * @brief  Start the DMA2D Transfer with interrupt enabled.
 701:Drivers/STM32H7xx_HAL_Driver/Src/stm32h7xx_hal_dma2d.c ****   * @param  hdma2d     Pointer to a DMA2D_HandleTypeDef structure that contains
 702:Drivers/STM32H7xx_HAL_Driver/Src/stm32h7xx_hal_dma2d.c ****   *                     the configuration information for the DMA2D.
 703:Drivers/STM32H7xx_HAL_Driver/Src/stm32h7xx_hal_dma2d.c ****   * @param  pdata      Configure the source memory Buffer address if
 704:Drivers/STM32H7xx_HAL_Driver/Src/stm32h7xx_hal_dma2d.c ****   *                     the Memory-to-Memory or Memory-to-Memory with pixel format
 705:Drivers/STM32H7xx_HAL_Driver/Src/stm32h7xx_hal_dma2d.c ****   *                     conversion mode is selected, or configure
 706:Drivers/STM32H7xx_HAL_Driver/Src/stm32h7xx_hal_dma2d.c ****   *                     the color value if Register-to-Memory mode is selected.
 707:Drivers/STM32H7xx_HAL_Driver/Src/stm32h7xx_hal_dma2d.c ****   * @param  DstAddress The destination memory Buffer address.
 708:Drivers/STM32H7xx_HAL_Driver/Src/stm32h7xx_hal_dma2d.c ****   * @param  Width      The width of data to be transferred from source
 709:Drivers/STM32H7xx_HAL_Driver/Src/stm32h7xx_hal_dma2d.c ****   *                    to destination (expressed in number of pixels per line).
 710:Drivers/STM32H7xx_HAL_Driver/Src/stm32h7xx_hal_dma2d.c ****   * @param  Height     The height of data to be transferred from source to destination (expressed i
 711:Drivers/STM32H7xx_HAL_Driver/Src/stm32h7xx_hal_dma2d.c ****   * @retval HAL status
 712:Drivers/STM32H7xx_HAL_Driver/Src/stm32h7xx_hal_dma2d.c ****   */
 713:Drivers/STM32H7xx_HAL_Driver/Src/stm32h7xx_hal_dma2d.c **** HAL_StatusTypeDef HAL_DMA2D_Start_IT(DMA2D_HandleTypeDef *hdma2d, uint32_t pdata, uint32_t DstAddre
 714:Drivers/STM32H7xx_HAL_Driver/Src/stm32h7xx_hal_dma2d.c ****                                      uint32_t Height)
 715:Drivers/STM32H7xx_HAL_Driver/Src/stm32h7xx_hal_dma2d.c **** {
ARM GAS  C:\msys64\tmp\ccU8cwaS.s 			page 14


 716:Drivers/STM32H7xx_HAL_Driver/Src/stm32h7xx_hal_dma2d.c ****   /* Check the parameters */
 717:Drivers/STM32H7xx_HAL_Driver/Src/stm32h7xx_hal_dma2d.c ****   assert_param(IS_DMA2D_LINE(Height));
 718:Drivers/STM32H7xx_HAL_Driver/Src/stm32h7xx_hal_dma2d.c ****   assert_param(IS_DMA2D_PIXEL(Width));
 719:Drivers/STM32H7xx_HAL_Driver/Src/stm32h7xx_hal_dma2d.c **** 
 720:Drivers/STM32H7xx_HAL_Driver/Src/stm32h7xx_hal_dma2d.c ****   /* Process locked */
 721:Drivers/STM32H7xx_HAL_Driver/Src/stm32h7xx_hal_dma2d.c ****   __HAL_LOCK(hdma2d);
 722:Drivers/STM32H7xx_HAL_Driver/Src/stm32h7xx_hal_dma2d.c **** 
 723:Drivers/STM32H7xx_HAL_Driver/Src/stm32h7xx_hal_dma2d.c ****   /* Change DMA2D peripheral state */
 724:Drivers/STM32H7xx_HAL_Driver/Src/stm32h7xx_hal_dma2d.c ****   hdma2d->State = HAL_DMA2D_STATE_BUSY;
 725:Drivers/STM32H7xx_HAL_Driver/Src/stm32h7xx_hal_dma2d.c **** 
 726:Drivers/STM32H7xx_HAL_Driver/Src/stm32h7xx_hal_dma2d.c ****   /* Configure the source, destination address and the data size */
 727:Drivers/STM32H7xx_HAL_Driver/Src/stm32h7xx_hal_dma2d.c ****   DMA2D_SetConfig(hdma2d, pdata, DstAddress, Width, Height);
 728:Drivers/STM32H7xx_HAL_Driver/Src/stm32h7xx_hal_dma2d.c **** 
 729:Drivers/STM32H7xx_HAL_Driver/Src/stm32h7xx_hal_dma2d.c ****   /* Enable the transfer complete, transfer error and configuration error interrupts */
 730:Drivers/STM32H7xx_HAL_Driver/Src/stm32h7xx_hal_dma2d.c ****   __HAL_DMA2D_ENABLE_IT(hdma2d, DMA2D_IT_TC | DMA2D_IT_TE | DMA2D_IT_CE);
 731:Drivers/STM32H7xx_HAL_Driver/Src/stm32h7xx_hal_dma2d.c **** 
 732:Drivers/STM32H7xx_HAL_Driver/Src/stm32h7xx_hal_dma2d.c ****   /* Enable the Peripheral */
 733:Drivers/STM32H7xx_HAL_Driver/Src/stm32h7xx_hal_dma2d.c ****   __HAL_DMA2D_ENABLE(hdma2d);
 734:Drivers/STM32H7xx_HAL_Driver/Src/stm32h7xx_hal_dma2d.c **** 
 735:Drivers/STM32H7xx_HAL_Driver/Src/stm32h7xx_hal_dma2d.c ****   return HAL_OK;
 736:Drivers/STM32H7xx_HAL_Driver/Src/stm32h7xx_hal_dma2d.c **** }
 737:Drivers/STM32H7xx_HAL_Driver/Src/stm32h7xx_hal_dma2d.c **** 
 738:Drivers/STM32H7xx_HAL_Driver/Src/stm32h7xx_hal_dma2d.c **** /**
 739:Drivers/STM32H7xx_HAL_Driver/Src/stm32h7xx_hal_dma2d.c ****   * @brief  Start the multi-source DMA2D Transfer.
 740:Drivers/STM32H7xx_HAL_Driver/Src/stm32h7xx_hal_dma2d.c ****   * @param  hdma2d      Pointer to a DMA2D_HandleTypeDef structure that contains
 741:Drivers/STM32H7xx_HAL_Driver/Src/stm32h7xx_hal_dma2d.c ****   *                      the configuration information for the DMA2D.
 742:Drivers/STM32H7xx_HAL_Driver/Src/stm32h7xx_hal_dma2d.c ****   * @param  SrcAddress1 The source memory Buffer address for the foreground layer.
 743:Drivers/STM32H7xx_HAL_Driver/Src/stm32h7xx_hal_dma2d.c ****   * @param  SrcAddress2 The source memory Buffer address for the background layer.
 744:Drivers/STM32H7xx_HAL_Driver/Src/stm32h7xx_hal_dma2d.c ****   * @param  DstAddress  The destination memory Buffer address.
 745:Drivers/STM32H7xx_HAL_Driver/Src/stm32h7xx_hal_dma2d.c ****   * @param  Width       The width of data to be transferred from source
 746:Drivers/STM32H7xx_HAL_Driver/Src/stm32h7xx_hal_dma2d.c ****   *                     to destination (expressed in number of pixels per line).
 747:Drivers/STM32H7xx_HAL_Driver/Src/stm32h7xx_hal_dma2d.c ****   * @param  Height      The height of data to be transferred from source to destination (expressed 
 748:Drivers/STM32H7xx_HAL_Driver/Src/stm32h7xx_hal_dma2d.c ****   * @retval HAL status
 749:Drivers/STM32H7xx_HAL_Driver/Src/stm32h7xx_hal_dma2d.c ****   */
 750:Drivers/STM32H7xx_HAL_Driver/Src/stm32h7xx_hal_dma2d.c **** HAL_StatusTypeDef HAL_DMA2D_BlendingStart(DMA2D_HandleTypeDef *hdma2d, uint32_t SrcAddress1, uint32
 751:Drivers/STM32H7xx_HAL_Driver/Src/stm32h7xx_hal_dma2d.c ****                                           uint32_t DstAddress, uint32_t Width,  uint32_t Height)
 752:Drivers/STM32H7xx_HAL_Driver/Src/stm32h7xx_hal_dma2d.c **** {
 753:Drivers/STM32H7xx_HAL_Driver/Src/stm32h7xx_hal_dma2d.c ****   /* Check the parameters */
 754:Drivers/STM32H7xx_HAL_Driver/Src/stm32h7xx_hal_dma2d.c ****   assert_param(IS_DMA2D_LINE(Height));
 755:Drivers/STM32H7xx_HAL_Driver/Src/stm32h7xx_hal_dma2d.c ****   assert_param(IS_DMA2D_PIXEL(Width));
 756:Drivers/STM32H7xx_HAL_Driver/Src/stm32h7xx_hal_dma2d.c **** 
 757:Drivers/STM32H7xx_HAL_Driver/Src/stm32h7xx_hal_dma2d.c ****   /* Process locked */
 758:Drivers/STM32H7xx_HAL_Driver/Src/stm32h7xx_hal_dma2d.c ****   __HAL_LOCK(hdma2d);
 759:Drivers/STM32H7xx_HAL_Driver/Src/stm32h7xx_hal_dma2d.c **** 
 760:Drivers/STM32H7xx_HAL_Driver/Src/stm32h7xx_hal_dma2d.c ****   /* Change DMA2D peripheral state */
 761:Drivers/STM32H7xx_HAL_Driver/Src/stm32h7xx_hal_dma2d.c ****   hdma2d->State = HAL_DMA2D_STATE_BUSY;
 762:Drivers/STM32H7xx_HAL_Driver/Src/stm32h7xx_hal_dma2d.c **** 
 763:Drivers/STM32H7xx_HAL_Driver/Src/stm32h7xx_hal_dma2d.c ****   if (hdma2d->Init.Mode == DMA2D_M2M_BLEND_FG)
 764:Drivers/STM32H7xx_HAL_Driver/Src/stm32h7xx_hal_dma2d.c ****   {
 765:Drivers/STM32H7xx_HAL_Driver/Src/stm32h7xx_hal_dma2d.c ****     /*blending & fixed FG*/
 766:Drivers/STM32H7xx_HAL_Driver/Src/stm32h7xx_hal_dma2d.c ****     WRITE_REG(hdma2d->Instance->FGCOLR, SrcAddress1);
 767:Drivers/STM32H7xx_HAL_Driver/Src/stm32h7xx_hal_dma2d.c ****     /* Configure the source, destination address and the data size */
 768:Drivers/STM32H7xx_HAL_Driver/Src/stm32h7xx_hal_dma2d.c ****     DMA2D_SetConfig(hdma2d, SrcAddress2, DstAddress, Width, Height);
 769:Drivers/STM32H7xx_HAL_Driver/Src/stm32h7xx_hal_dma2d.c ****   }
 770:Drivers/STM32H7xx_HAL_Driver/Src/stm32h7xx_hal_dma2d.c ****   else if (hdma2d->Init.Mode == DMA2D_M2M_BLEND_BG)
 771:Drivers/STM32H7xx_HAL_Driver/Src/stm32h7xx_hal_dma2d.c ****   {
 772:Drivers/STM32H7xx_HAL_Driver/Src/stm32h7xx_hal_dma2d.c ****     /*blending & fixed BG*/
ARM GAS  C:\msys64\tmp\ccU8cwaS.s 			page 15


 773:Drivers/STM32H7xx_HAL_Driver/Src/stm32h7xx_hal_dma2d.c ****     WRITE_REG(hdma2d->Instance->BGCOLR, SrcAddress2);
 774:Drivers/STM32H7xx_HAL_Driver/Src/stm32h7xx_hal_dma2d.c ****     /* Configure the source, destination address and the data size */
 775:Drivers/STM32H7xx_HAL_Driver/Src/stm32h7xx_hal_dma2d.c ****     DMA2D_SetConfig(hdma2d, SrcAddress1, DstAddress, Width, Height);
 776:Drivers/STM32H7xx_HAL_Driver/Src/stm32h7xx_hal_dma2d.c ****   }
 777:Drivers/STM32H7xx_HAL_Driver/Src/stm32h7xx_hal_dma2d.c ****   else
 778:Drivers/STM32H7xx_HAL_Driver/Src/stm32h7xx_hal_dma2d.c ****   {
 779:Drivers/STM32H7xx_HAL_Driver/Src/stm32h7xx_hal_dma2d.c ****     /* Configure DMA2D Stream source2 address */
 780:Drivers/STM32H7xx_HAL_Driver/Src/stm32h7xx_hal_dma2d.c ****     WRITE_REG(hdma2d->Instance->BGMAR, SrcAddress2);
 781:Drivers/STM32H7xx_HAL_Driver/Src/stm32h7xx_hal_dma2d.c **** 
 782:Drivers/STM32H7xx_HAL_Driver/Src/stm32h7xx_hal_dma2d.c ****     /* Configure the source, destination address and the data size */
 783:Drivers/STM32H7xx_HAL_Driver/Src/stm32h7xx_hal_dma2d.c ****     DMA2D_SetConfig(hdma2d, SrcAddress1, DstAddress, Width, Height);
 784:Drivers/STM32H7xx_HAL_Driver/Src/stm32h7xx_hal_dma2d.c ****   }
 785:Drivers/STM32H7xx_HAL_Driver/Src/stm32h7xx_hal_dma2d.c **** 
 786:Drivers/STM32H7xx_HAL_Driver/Src/stm32h7xx_hal_dma2d.c ****   /* Enable the Peripheral */
 787:Drivers/STM32H7xx_HAL_Driver/Src/stm32h7xx_hal_dma2d.c ****   __HAL_DMA2D_ENABLE(hdma2d);
 788:Drivers/STM32H7xx_HAL_Driver/Src/stm32h7xx_hal_dma2d.c **** 
 789:Drivers/STM32H7xx_HAL_Driver/Src/stm32h7xx_hal_dma2d.c ****   return HAL_OK;
 790:Drivers/STM32H7xx_HAL_Driver/Src/stm32h7xx_hal_dma2d.c **** }
 791:Drivers/STM32H7xx_HAL_Driver/Src/stm32h7xx_hal_dma2d.c **** 
 792:Drivers/STM32H7xx_HAL_Driver/Src/stm32h7xx_hal_dma2d.c **** /**
 793:Drivers/STM32H7xx_HAL_Driver/Src/stm32h7xx_hal_dma2d.c ****   * @brief  Start the multi-source DMA2D Transfer with interrupt enabled.
 794:Drivers/STM32H7xx_HAL_Driver/Src/stm32h7xx_hal_dma2d.c ****   * @param  hdma2d     Pointer to a DMA2D_HandleTypeDef structure that contains
 795:Drivers/STM32H7xx_HAL_Driver/Src/stm32h7xx_hal_dma2d.c ****   *                     the configuration information for the DMA2D.
 796:Drivers/STM32H7xx_HAL_Driver/Src/stm32h7xx_hal_dma2d.c ****   * @param  SrcAddress1 The source memory Buffer address for the foreground layer.
 797:Drivers/STM32H7xx_HAL_Driver/Src/stm32h7xx_hal_dma2d.c ****   * @param  SrcAddress2 The source memory Buffer address for the background layer.
 798:Drivers/STM32H7xx_HAL_Driver/Src/stm32h7xx_hal_dma2d.c ****   * @param  DstAddress  The destination memory Buffer address.
 799:Drivers/STM32H7xx_HAL_Driver/Src/stm32h7xx_hal_dma2d.c ****   * @param  Width       The width of data to be transferred from source
 800:Drivers/STM32H7xx_HAL_Driver/Src/stm32h7xx_hal_dma2d.c ****   *                     to destination (expressed in number of pixels per line).
 801:Drivers/STM32H7xx_HAL_Driver/Src/stm32h7xx_hal_dma2d.c ****   * @param  Height      The height of data to be transferred from source to destination (expressed 
 802:Drivers/STM32H7xx_HAL_Driver/Src/stm32h7xx_hal_dma2d.c ****   * @retval HAL status
 803:Drivers/STM32H7xx_HAL_Driver/Src/stm32h7xx_hal_dma2d.c ****   */
 804:Drivers/STM32H7xx_HAL_Driver/Src/stm32h7xx_hal_dma2d.c **** HAL_StatusTypeDef HAL_DMA2D_BlendingStart_IT(DMA2D_HandleTypeDef *hdma2d, uint32_t SrcAddress1, uin
 805:Drivers/STM32H7xx_HAL_Driver/Src/stm32h7xx_hal_dma2d.c ****                                              uint32_t DstAddress, uint32_t Width,  uint32_t Height)
 806:Drivers/STM32H7xx_HAL_Driver/Src/stm32h7xx_hal_dma2d.c **** {
 807:Drivers/STM32H7xx_HAL_Driver/Src/stm32h7xx_hal_dma2d.c ****   /* Check the parameters */
 808:Drivers/STM32H7xx_HAL_Driver/Src/stm32h7xx_hal_dma2d.c ****   assert_param(IS_DMA2D_LINE(Height));
 809:Drivers/STM32H7xx_HAL_Driver/Src/stm32h7xx_hal_dma2d.c ****   assert_param(IS_DMA2D_PIXEL(Width));
 810:Drivers/STM32H7xx_HAL_Driver/Src/stm32h7xx_hal_dma2d.c **** 
 811:Drivers/STM32H7xx_HAL_Driver/Src/stm32h7xx_hal_dma2d.c ****   /* Process locked */
 812:Drivers/STM32H7xx_HAL_Driver/Src/stm32h7xx_hal_dma2d.c ****   __HAL_LOCK(hdma2d);
 813:Drivers/STM32H7xx_HAL_Driver/Src/stm32h7xx_hal_dma2d.c **** 
 814:Drivers/STM32H7xx_HAL_Driver/Src/stm32h7xx_hal_dma2d.c ****   /* Change DMA2D peripheral state */
 815:Drivers/STM32H7xx_HAL_Driver/Src/stm32h7xx_hal_dma2d.c ****   hdma2d->State = HAL_DMA2D_STATE_BUSY;
 816:Drivers/STM32H7xx_HAL_Driver/Src/stm32h7xx_hal_dma2d.c **** 
 817:Drivers/STM32H7xx_HAL_Driver/Src/stm32h7xx_hal_dma2d.c ****   if (hdma2d->Init.Mode == DMA2D_M2M_BLEND_FG)
 818:Drivers/STM32H7xx_HAL_Driver/Src/stm32h7xx_hal_dma2d.c ****   {
 819:Drivers/STM32H7xx_HAL_Driver/Src/stm32h7xx_hal_dma2d.c ****     /*blending & fixed FG*/
 820:Drivers/STM32H7xx_HAL_Driver/Src/stm32h7xx_hal_dma2d.c ****     WRITE_REG(hdma2d->Instance->FGCOLR, SrcAddress1);
 821:Drivers/STM32H7xx_HAL_Driver/Src/stm32h7xx_hal_dma2d.c ****     /* Configure the source, destination address and the data size */
 822:Drivers/STM32H7xx_HAL_Driver/Src/stm32h7xx_hal_dma2d.c ****     DMA2D_SetConfig(hdma2d, SrcAddress2, DstAddress, Width, Height);
 823:Drivers/STM32H7xx_HAL_Driver/Src/stm32h7xx_hal_dma2d.c ****   }
 824:Drivers/STM32H7xx_HAL_Driver/Src/stm32h7xx_hal_dma2d.c ****   else if (hdma2d->Init.Mode == DMA2D_M2M_BLEND_BG)
 825:Drivers/STM32H7xx_HAL_Driver/Src/stm32h7xx_hal_dma2d.c ****   {
 826:Drivers/STM32H7xx_HAL_Driver/Src/stm32h7xx_hal_dma2d.c ****     /*blending & fixed BG*/
 827:Drivers/STM32H7xx_HAL_Driver/Src/stm32h7xx_hal_dma2d.c ****     WRITE_REG(hdma2d->Instance->BGCOLR, SrcAddress2);
 828:Drivers/STM32H7xx_HAL_Driver/Src/stm32h7xx_hal_dma2d.c ****     /* Configure the source, destination address and the data size */
 829:Drivers/STM32H7xx_HAL_Driver/Src/stm32h7xx_hal_dma2d.c ****     DMA2D_SetConfig(hdma2d, SrcAddress1, DstAddress, Width, Height);
ARM GAS  C:\msys64\tmp\ccU8cwaS.s 			page 16


 830:Drivers/STM32H7xx_HAL_Driver/Src/stm32h7xx_hal_dma2d.c ****   }
 831:Drivers/STM32H7xx_HAL_Driver/Src/stm32h7xx_hal_dma2d.c ****   else
 832:Drivers/STM32H7xx_HAL_Driver/Src/stm32h7xx_hal_dma2d.c ****   {
 833:Drivers/STM32H7xx_HAL_Driver/Src/stm32h7xx_hal_dma2d.c ****     WRITE_REG(hdma2d->Instance->BGMAR, SrcAddress2);
 834:Drivers/STM32H7xx_HAL_Driver/Src/stm32h7xx_hal_dma2d.c **** 
 835:Drivers/STM32H7xx_HAL_Driver/Src/stm32h7xx_hal_dma2d.c ****     /* Configure the source, destination address and the data size */
 836:Drivers/STM32H7xx_HAL_Driver/Src/stm32h7xx_hal_dma2d.c ****     DMA2D_SetConfig(hdma2d, SrcAddress1, DstAddress, Width, Height);
 837:Drivers/STM32H7xx_HAL_Driver/Src/stm32h7xx_hal_dma2d.c ****   }
 838:Drivers/STM32H7xx_HAL_Driver/Src/stm32h7xx_hal_dma2d.c **** 
 839:Drivers/STM32H7xx_HAL_Driver/Src/stm32h7xx_hal_dma2d.c ****   /* Enable the transfer complete, transfer error and configuration error interrupts */
 840:Drivers/STM32H7xx_HAL_Driver/Src/stm32h7xx_hal_dma2d.c ****   __HAL_DMA2D_ENABLE_IT(hdma2d, DMA2D_IT_TC | DMA2D_IT_TE | DMA2D_IT_CE);
 841:Drivers/STM32H7xx_HAL_Driver/Src/stm32h7xx_hal_dma2d.c **** 
 842:Drivers/STM32H7xx_HAL_Driver/Src/stm32h7xx_hal_dma2d.c ****   /* Enable the Peripheral */
 843:Drivers/STM32H7xx_HAL_Driver/Src/stm32h7xx_hal_dma2d.c ****   __HAL_DMA2D_ENABLE(hdma2d);
 844:Drivers/STM32H7xx_HAL_Driver/Src/stm32h7xx_hal_dma2d.c **** 
 845:Drivers/STM32H7xx_HAL_Driver/Src/stm32h7xx_hal_dma2d.c ****   return HAL_OK;
 846:Drivers/STM32H7xx_HAL_Driver/Src/stm32h7xx_hal_dma2d.c **** }
 847:Drivers/STM32H7xx_HAL_Driver/Src/stm32h7xx_hal_dma2d.c **** 
 848:Drivers/STM32H7xx_HAL_Driver/Src/stm32h7xx_hal_dma2d.c **** /**
 849:Drivers/STM32H7xx_HAL_Driver/Src/stm32h7xx_hal_dma2d.c ****   * @brief  Abort the DMA2D Transfer.
 850:Drivers/STM32H7xx_HAL_Driver/Src/stm32h7xx_hal_dma2d.c ****   * @param  hdma2d  pointer to a DMA2D_HandleTypeDef structure that contains
 851:Drivers/STM32H7xx_HAL_Driver/Src/stm32h7xx_hal_dma2d.c ****   *                  the configuration information for the DMA2D.
 852:Drivers/STM32H7xx_HAL_Driver/Src/stm32h7xx_hal_dma2d.c ****   * @retval HAL status
 853:Drivers/STM32H7xx_HAL_Driver/Src/stm32h7xx_hal_dma2d.c ****   */
 854:Drivers/STM32H7xx_HAL_Driver/Src/stm32h7xx_hal_dma2d.c **** HAL_StatusTypeDef HAL_DMA2D_Abort(DMA2D_HandleTypeDef *hdma2d)
 855:Drivers/STM32H7xx_HAL_Driver/Src/stm32h7xx_hal_dma2d.c **** {
 856:Drivers/STM32H7xx_HAL_Driver/Src/stm32h7xx_hal_dma2d.c ****   uint32_t tickstart;
 857:Drivers/STM32H7xx_HAL_Driver/Src/stm32h7xx_hal_dma2d.c **** 
 858:Drivers/STM32H7xx_HAL_Driver/Src/stm32h7xx_hal_dma2d.c ****   /* Abort the DMA2D transfer */
 859:Drivers/STM32H7xx_HAL_Driver/Src/stm32h7xx_hal_dma2d.c ****   /* START bit is reset to make sure not to set it again, in the event the HW clears it
 860:Drivers/STM32H7xx_HAL_Driver/Src/stm32h7xx_hal_dma2d.c ****      between the register read and the register write by the CPU (writing 0 has no
 861:Drivers/STM32H7xx_HAL_Driver/Src/stm32h7xx_hal_dma2d.c ****      effect on START bitvalue) */
 862:Drivers/STM32H7xx_HAL_Driver/Src/stm32h7xx_hal_dma2d.c ****   MODIFY_REG(hdma2d->Instance->CR, DMA2D_CR_ABORT | DMA2D_CR_START, DMA2D_CR_ABORT);
 863:Drivers/STM32H7xx_HAL_Driver/Src/stm32h7xx_hal_dma2d.c **** 
 864:Drivers/STM32H7xx_HAL_Driver/Src/stm32h7xx_hal_dma2d.c ****   /* Get tick */
 865:Drivers/STM32H7xx_HAL_Driver/Src/stm32h7xx_hal_dma2d.c ****   tickstart = HAL_GetTick();
 866:Drivers/STM32H7xx_HAL_Driver/Src/stm32h7xx_hal_dma2d.c **** 
 867:Drivers/STM32H7xx_HAL_Driver/Src/stm32h7xx_hal_dma2d.c ****   /* Check if the DMA2D is effectively disabled */
 868:Drivers/STM32H7xx_HAL_Driver/Src/stm32h7xx_hal_dma2d.c ****   while ((hdma2d->Instance->CR & DMA2D_CR_START) != 0U)
 869:Drivers/STM32H7xx_HAL_Driver/Src/stm32h7xx_hal_dma2d.c ****   {
 870:Drivers/STM32H7xx_HAL_Driver/Src/stm32h7xx_hal_dma2d.c ****     if ((HAL_GetTick() - tickstart) > DMA2D_TIMEOUT_ABORT)
 871:Drivers/STM32H7xx_HAL_Driver/Src/stm32h7xx_hal_dma2d.c ****     {
 872:Drivers/STM32H7xx_HAL_Driver/Src/stm32h7xx_hal_dma2d.c ****       /* Update error code */
 873:Drivers/STM32H7xx_HAL_Driver/Src/stm32h7xx_hal_dma2d.c ****       hdma2d->ErrorCode |= HAL_DMA2D_ERROR_TIMEOUT;
 874:Drivers/STM32H7xx_HAL_Driver/Src/stm32h7xx_hal_dma2d.c **** 
 875:Drivers/STM32H7xx_HAL_Driver/Src/stm32h7xx_hal_dma2d.c ****       /* Change the DMA2D state */
 876:Drivers/STM32H7xx_HAL_Driver/Src/stm32h7xx_hal_dma2d.c ****       hdma2d->State = HAL_DMA2D_STATE_TIMEOUT;
 877:Drivers/STM32H7xx_HAL_Driver/Src/stm32h7xx_hal_dma2d.c **** 
 878:Drivers/STM32H7xx_HAL_Driver/Src/stm32h7xx_hal_dma2d.c ****       /* Process Unlocked */
 879:Drivers/STM32H7xx_HAL_Driver/Src/stm32h7xx_hal_dma2d.c ****       __HAL_UNLOCK(hdma2d);
 880:Drivers/STM32H7xx_HAL_Driver/Src/stm32h7xx_hal_dma2d.c **** 
 881:Drivers/STM32H7xx_HAL_Driver/Src/stm32h7xx_hal_dma2d.c ****       return HAL_TIMEOUT;
 882:Drivers/STM32H7xx_HAL_Driver/Src/stm32h7xx_hal_dma2d.c ****     }
 883:Drivers/STM32H7xx_HAL_Driver/Src/stm32h7xx_hal_dma2d.c ****   }
 884:Drivers/STM32H7xx_HAL_Driver/Src/stm32h7xx_hal_dma2d.c **** 
 885:Drivers/STM32H7xx_HAL_Driver/Src/stm32h7xx_hal_dma2d.c ****   /* Disable the Transfer Complete, Transfer Error and Configuration Error interrupts */
 886:Drivers/STM32H7xx_HAL_Driver/Src/stm32h7xx_hal_dma2d.c ****   __HAL_DMA2D_DISABLE_IT(hdma2d, DMA2D_IT_TC | DMA2D_IT_TE | DMA2D_IT_CE);
ARM GAS  C:\msys64\tmp\ccU8cwaS.s 			page 17


 887:Drivers/STM32H7xx_HAL_Driver/Src/stm32h7xx_hal_dma2d.c **** 
 888:Drivers/STM32H7xx_HAL_Driver/Src/stm32h7xx_hal_dma2d.c ****   /* Change the DMA2D state*/
 889:Drivers/STM32H7xx_HAL_Driver/Src/stm32h7xx_hal_dma2d.c ****   hdma2d->State = HAL_DMA2D_STATE_READY;
 890:Drivers/STM32H7xx_HAL_Driver/Src/stm32h7xx_hal_dma2d.c **** 
 891:Drivers/STM32H7xx_HAL_Driver/Src/stm32h7xx_hal_dma2d.c ****   /* Process Unlocked */
 892:Drivers/STM32H7xx_HAL_Driver/Src/stm32h7xx_hal_dma2d.c ****   __HAL_UNLOCK(hdma2d);
 893:Drivers/STM32H7xx_HAL_Driver/Src/stm32h7xx_hal_dma2d.c **** 
 894:Drivers/STM32H7xx_HAL_Driver/Src/stm32h7xx_hal_dma2d.c ****   return HAL_OK;
 895:Drivers/STM32H7xx_HAL_Driver/Src/stm32h7xx_hal_dma2d.c **** }
 896:Drivers/STM32H7xx_HAL_Driver/Src/stm32h7xx_hal_dma2d.c **** 
 897:Drivers/STM32H7xx_HAL_Driver/Src/stm32h7xx_hal_dma2d.c **** /**
 898:Drivers/STM32H7xx_HAL_Driver/Src/stm32h7xx_hal_dma2d.c ****   * @brief  Suspend the DMA2D Transfer.
 899:Drivers/STM32H7xx_HAL_Driver/Src/stm32h7xx_hal_dma2d.c ****   * @param  hdma2d pointer to a DMA2D_HandleTypeDef structure that contains
 900:Drivers/STM32H7xx_HAL_Driver/Src/stm32h7xx_hal_dma2d.c ****   *                 the configuration information for the DMA2D.
 901:Drivers/STM32H7xx_HAL_Driver/Src/stm32h7xx_hal_dma2d.c ****   * @retval HAL status
 902:Drivers/STM32H7xx_HAL_Driver/Src/stm32h7xx_hal_dma2d.c ****   */
 903:Drivers/STM32H7xx_HAL_Driver/Src/stm32h7xx_hal_dma2d.c **** HAL_StatusTypeDef HAL_DMA2D_Suspend(DMA2D_HandleTypeDef *hdma2d)
 904:Drivers/STM32H7xx_HAL_Driver/Src/stm32h7xx_hal_dma2d.c **** {
 905:Drivers/STM32H7xx_HAL_Driver/Src/stm32h7xx_hal_dma2d.c ****   uint32_t tickstart;
 906:Drivers/STM32H7xx_HAL_Driver/Src/stm32h7xx_hal_dma2d.c **** 
 907:Drivers/STM32H7xx_HAL_Driver/Src/stm32h7xx_hal_dma2d.c ****   /* Suspend the DMA2D transfer */
 908:Drivers/STM32H7xx_HAL_Driver/Src/stm32h7xx_hal_dma2d.c ****   /* START bit is reset to make sure not to set it again, in the event the HW clears it
 909:Drivers/STM32H7xx_HAL_Driver/Src/stm32h7xx_hal_dma2d.c ****      between the register read and the register write by the CPU (writing 0 has no
 910:Drivers/STM32H7xx_HAL_Driver/Src/stm32h7xx_hal_dma2d.c ****      effect on START bitvalue). */
 911:Drivers/STM32H7xx_HAL_Driver/Src/stm32h7xx_hal_dma2d.c ****   MODIFY_REG(hdma2d->Instance->CR, DMA2D_CR_SUSP | DMA2D_CR_START, DMA2D_CR_SUSP);
 912:Drivers/STM32H7xx_HAL_Driver/Src/stm32h7xx_hal_dma2d.c **** 
 913:Drivers/STM32H7xx_HAL_Driver/Src/stm32h7xx_hal_dma2d.c ****   /* Get tick */
 914:Drivers/STM32H7xx_HAL_Driver/Src/stm32h7xx_hal_dma2d.c ****   tickstart = HAL_GetTick();
 915:Drivers/STM32H7xx_HAL_Driver/Src/stm32h7xx_hal_dma2d.c **** 
 916:Drivers/STM32H7xx_HAL_Driver/Src/stm32h7xx_hal_dma2d.c ****   /* Check if the DMA2D is effectively suspended */
 917:Drivers/STM32H7xx_HAL_Driver/Src/stm32h7xx_hal_dma2d.c ****   while ((hdma2d->Instance->CR & (DMA2D_CR_SUSP | DMA2D_CR_START)) == DMA2D_CR_START)
 918:Drivers/STM32H7xx_HAL_Driver/Src/stm32h7xx_hal_dma2d.c ****   {
 919:Drivers/STM32H7xx_HAL_Driver/Src/stm32h7xx_hal_dma2d.c ****     if ((HAL_GetTick() - tickstart) > DMA2D_TIMEOUT_SUSPEND)
 920:Drivers/STM32H7xx_HAL_Driver/Src/stm32h7xx_hal_dma2d.c ****     {
 921:Drivers/STM32H7xx_HAL_Driver/Src/stm32h7xx_hal_dma2d.c ****       /* Update error code */
 922:Drivers/STM32H7xx_HAL_Driver/Src/stm32h7xx_hal_dma2d.c ****       hdma2d->ErrorCode |= HAL_DMA2D_ERROR_TIMEOUT;
 923:Drivers/STM32H7xx_HAL_Driver/Src/stm32h7xx_hal_dma2d.c **** 
 924:Drivers/STM32H7xx_HAL_Driver/Src/stm32h7xx_hal_dma2d.c ****       /* Change the DMA2D state */
 925:Drivers/STM32H7xx_HAL_Driver/Src/stm32h7xx_hal_dma2d.c ****       hdma2d->State = HAL_DMA2D_STATE_TIMEOUT;
 926:Drivers/STM32H7xx_HAL_Driver/Src/stm32h7xx_hal_dma2d.c **** 
 927:Drivers/STM32H7xx_HAL_Driver/Src/stm32h7xx_hal_dma2d.c ****       return HAL_TIMEOUT;
 928:Drivers/STM32H7xx_HAL_Driver/Src/stm32h7xx_hal_dma2d.c ****     }
 929:Drivers/STM32H7xx_HAL_Driver/Src/stm32h7xx_hal_dma2d.c ****   }
 930:Drivers/STM32H7xx_HAL_Driver/Src/stm32h7xx_hal_dma2d.c **** 
 931:Drivers/STM32H7xx_HAL_Driver/Src/stm32h7xx_hal_dma2d.c ****   /* Check whether or not a transfer is actually suspended and change the DMA2D state accordingly *
 932:Drivers/STM32H7xx_HAL_Driver/Src/stm32h7xx_hal_dma2d.c ****   if ((hdma2d->Instance->CR & DMA2D_CR_START) != 0U)
 933:Drivers/STM32H7xx_HAL_Driver/Src/stm32h7xx_hal_dma2d.c ****   {
 934:Drivers/STM32H7xx_HAL_Driver/Src/stm32h7xx_hal_dma2d.c ****     hdma2d->State = HAL_DMA2D_STATE_SUSPEND;
 935:Drivers/STM32H7xx_HAL_Driver/Src/stm32h7xx_hal_dma2d.c ****   }
 936:Drivers/STM32H7xx_HAL_Driver/Src/stm32h7xx_hal_dma2d.c ****   else
 937:Drivers/STM32H7xx_HAL_Driver/Src/stm32h7xx_hal_dma2d.c ****   {
 938:Drivers/STM32H7xx_HAL_Driver/Src/stm32h7xx_hal_dma2d.c ****     /* Make sure SUSP bit is cleared since it is meaningless
 939:Drivers/STM32H7xx_HAL_Driver/Src/stm32h7xx_hal_dma2d.c ****        when no transfer is on-going */
 940:Drivers/STM32H7xx_HAL_Driver/Src/stm32h7xx_hal_dma2d.c ****     CLEAR_BIT(hdma2d->Instance->CR, DMA2D_CR_SUSP);
 941:Drivers/STM32H7xx_HAL_Driver/Src/stm32h7xx_hal_dma2d.c ****   }
 942:Drivers/STM32H7xx_HAL_Driver/Src/stm32h7xx_hal_dma2d.c **** 
 943:Drivers/STM32H7xx_HAL_Driver/Src/stm32h7xx_hal_dma2d.c ****   return HAL_OK;
ARM GAS  C:\msys64\tmp\ccU8cwaS.s 			page 18


 944:Drivers/STM32H7xx_HAL_Driver/Src/stm32h7xx_hal_dma2d.c **** }
 945:Drivers/STM32H7xx_HAL_Driver/Src/stm32h7xx_hal_dma2d.c **** 
 946:Drivers/STM32H7xx_HAL_Driver/Src/stm32h7xx_hal_dma2d.c **** /**
 947:Drivers/STM32H7xx_HAL_Driver/Src/stm32h7xx_hal_dma2d.c ****   * @brief  Resume the DMA2D Transfer.
 948:Drivers/STM32H7xx_HAL_Driver/Src/stm32h7xx_hal_dma2d.c ****   * @param  hdma2d pointer to a DMA2D_HandleTypeDef structure that contains
 949:Drivers/STM32H7xx_HAL_Driver/Src/stm32h7xx_hal_dma2d.c ****   *                 the configuration information for the DMA2D.
 950:Drivers/STM32H7xx_HAL_Driver/Src/stm32h7xx_hal_dma2d.c ****   * @retval HAL status
 951:Drivers/STM32H7xx_HAL_Driver/Src/stm32h7xx_hal_dma2d.c ****   */
 952:Drivers/STM32H7xx_HAL_Driver/Src/stm32h7xx_hal_dma2d.c **** HAL_StatusTypeDef HAL_DMA2D_Resume(DMA2D_HandleTypeDef *hdma2d)
 953:Drivers/STM32H7xx_HAL_Driver/Src/stm32h7xx_hal_dma2d.c **** {
 954:Drivers/STM32H7xx_HAL_Driver/Src/stm32h7xx_hal_dma2d.c ****   /* Check the SUSP and START bits */
 955:Drivers/STM32H7xx_HAL_Driver/Src/stm32h7xx_hal_dma2d.c ****   if ((hdma2d->Instance->CR & (DMA2D_CR_SUSP | DMA2D_CR_START)) == (DMA2D_CR_SUSP | DMA2D_CR_START)
 956:Drivers/STM32H7xx_HAL_Driver/Src/stm32h7xx_hal_dma2d.c ****   {
 957:Drivers/STM32H7xx_HAL_Driver/Src/stm32h7xx_hal_dma2d.c ****     /* Ongoing transfer is suspended: change the DMA2D state before resuming */
 958:Drivers/STM32H7xx_HAL_Driver/Src/stm32h7xx_hal_dma2d.c ****     hdma2d->State = HAL_DMA2D_STATE_BUSY;
 959:Drivers/STM32H7xx_HAL_Driver/Src/stm32h7xx_hal_dma2d.c ****   }
 960:Drivers/STM32H7xx_HAL_Driver/Src/stm32h7xx_hal_dma2d.c **** 
 961:Drivers/STM32H7xx_HAL_Driver/Src/stm32h7xx_hal_dma2d.c ****   /* Resume the DMA2D transfer */
 962:Drivers/STM32H7xx_HAL_Driver/Src/stm32h7xx_hal_dma2d.c ****   /* START bit is reset to make sure not to set it again, in the event the HW clears it
 963:Drivers/STM32H7xx_HAL_Driver/Src/stm32h7xx_hal_dma2d.c ****      between the register read and the register write by the CPU (writing 0 has no
 964:Drivers/STM32H7xx_HAL_Driver/Src/stm32h7xx_hal_dma2d.c ****      effect on START bitvalue). */
 965:Drivers/STM32H7xx_HAL_Driver/Src/stm32h7xx_hal_dma2d.c ****   CLEAR_BIT(hdma2d->Instance->CR, (DMA2D_CR_SUSP | DMA2D_CR_START));
 966:Drivers/STM32H7xx_HAL_Driver/Src/stm32h7xx_hal_dma2d.c **** 
 967:Drivers/STM32H7xx_HAL_Driver/Src/stm32h7xx_hal_dma2d.c ****   return HAL_OK;
 968:Drivers/STM32H7xx_HAL_Driver/Src/stm32h7xx_hal_dma2d.c **** }
 969:Drivers/STM32H7xx_HAL_Driver/Src/stm32h7xx_hal_dma2d.c **** 
 970:Drivers/STM32H7xx_HAL_Driver/Src/stm32h7xx_hal_dma2d.c **** 
 971:Drivers/STM32H7xx_HAL_Driver/Src/stm32h7xx_hal_dma2d.c **** /**
 972:Drivers/STM32H7xx_HAL_Driver/Src/stm32h7xx_hal_dma2d.c ****   * @brief  Enable the DMA2D CLUT Transfer.
 973:Drivers/STM32H7xx_HAL_Driver/Src/stm32h7xx_hal_dma2d.c ****   * @param  hdma2d   Pointer to a DMA2D_HandleTypeDef structure that contains
 974:Drivers/STM32H7xx_HAL_Driver/Src/stm32h7xx_hal_dma2d.c ****   *                   the configuration information for the DMA2D.
 975:Drivers/STM32H7xx_HAL_Driver/Src/stm32h7xx_hal_dma2d.c ****   * @param  LayerIdx DMA2D Layer index.
 976:Drivers/STM32H7xx_HAL_Driver/Src/stm32h7xx_hal_dma2d.c ****   *                   This parameter can be one of the following values:
 977:Drivers/STM32H7xx_HAL_Driver/Src/stm32h7xx_hal_dma2d.c ****   *                   DMA2D_BACKGROUND_LAYER(0) / DMA2D_FOREGROUND_LAYER(1)
 978:Drivers/STM32H7xx_HAL_Driver/Src/stm32h7xx_hal_dma2d.c ****   * @retval HAL status
 979:Drivers/STM32H7xx_HAL_Driver/Src/stm32h7xx_hal_dma2d.c ****   */
 980:Drivers/STM32H7xx_HAL_Driver/Src/stm32h7xx_hal_dma2d.c **** HAL_StatusTypeDef HAL_DMA2D_EnableCLUT(DMA2D_HandleTypeDef *hdma2d, uint32_t LayerIdx)
 981:Drivers/STM32H7xx_HAL_Driver/Src/stm32h7xx_hal_dma2d.c **** {
 982:Drivers/STM32H7xx_HAL_Driver/Src/stm32h7xx_hal_dma2d.c ****   /* Check the parameters */
 983:Drivers/STM32H7xx_HAL_Driver/Src/stm32h7xx_hal_dma2d.c ****   assert_param(IS_DMA2D_LAYER(LayerIdx));
 984:Drivers/STM32H7xx_HAL_Driver/Src/stm32h7xx_hal_dma2d.c **** 
 985:Drivers/STM32H7xx_HAL_Driver/Src/stm32h7xx_hal_dma2d.c ****   /* Process locked */
 986:Drivers/STM32H7xx_HAL_Driver/Src/stm32h7xx_hal_dma2d.c ****   __HAL_LOCK(hdma2d);
 987:Drivers/STM32H7xx_HAL_Driver/Src/stm32h7xx_hal_dma2d.c **** 
 988:Drivers/STM32H7xx_HAL_Driver/Src/stm32h7xx_hal_dma2d.c ****   /* Change DMA2D peripheral state */
 989:Drivers/STM32H7xx_HAL_Driver/Src/stm32h7xx_hal_dma2d.c ****   hdma2d->State = HAL_DMA2D_STATE_BUSY;
 990:Drivers/STM32H7xx_HAL_Driver/Src/stm32h7xx_hal_dma2d.c **** 
 991:Drivers/STM32H7xx_HAL_Driver/Src/stm32h7xx_hal_dma2d.c ****   if (LayerIdx == DMA2D_BACKGROUND_LAYER)
 992:Drivers/STM32H7xx_HAL_Driver/Src/stm32h7xx_hal_dma2d.c ****   {
 993:Drivers/STM32H7xx_HAL_Driver/Src/stm32h7xx_hal_dma2d.c ****     /* Enable the background CLUT loading */
 994:Drivers/STM32H7xx_HAL_Driver/Src/stm32h7xx_hal_dma2d.c ****     SET_BIT(hdma2d->Instance->BGPFCCR, DMA2D_BGPFCCR_START);
 995:Drivers/STM32H7xx_HAL_Driver/Src/stm32h7xx_hal_dma2d.c ****   }
 996:Drivers/STM32H7xx_HAL_Driver/Src/stm32h7xx_hal_dma2d.c ****   else
 997:Drivers/STM32H7xx_HAL_Driver/Src/stm32h7xx_hal_dma2d.c ****   {
 998:Drivers/STM32H7xx_HAL_Driver/Src/stm32h7xx_hal_dma2d.c ****     /* Enable the foreground CLUT loading */
 999:Drivers/STM32H7xx_HAL_Driver/Src/stm32h7xx_hal_dma2d.c ****     SET_BIT(hdma2d->Instance->FGPFCCR, DMA2D_FGPFCCR_START);
1000:Drivers/STM32H7xx_HAL_Driver/Src/stm32h7xx_hal_dma2d.c ****   }
ARM GAS  C:\msys64\tmp\ccU8cwaS.s 			page 19


1001:Drivers/STM32H7xx_HAL_Driver/Src/stm32h7xx_hal_dma2d.c **** 
1002:Drivers/STM32H7xx_HAL_Driver/Src/stm32h7xx_hal_dma2d.c ****   return HAL_OK;
1003:Drivers/STM32H7xx_HAL_Driver/Src/stm32h7xx_hal_dma2d.c **** }
1004:Drivers/STM32H7xx_HAL_Driver/Src/stm32h7xx_hal_dma2d.c **** 
1005:Drivers/STM32H7xx_HAL_Driver/Src/stm32h7xx_hal_dma2d.c **** /**
1006:Drivers/STM32H7xx_HAL_Driver/Src/stm32h7xx_hal_dma2d.c ****   * @brief  Start DMA2D CLUT Loading.
1007:Drivers/STM32H7xx_HAL_Driver/Src/stm32h7xx_hal_dma2d.c ****   * @param  hdma2d   Pointer to a DMA2D_HandleTypeDef structure that contains
1008:Drivers/STM32H7xx_HAL_Driver/Src/stm32h7xx_hal_dma2d.c ****   *                   the configuration information for the DMA2D.
1009:Drivers/STM32H7xx_HAL_Driver/Src/stm32h7xx_hal_dma2d.c ****   * @param  CLUTCfg  Pointer to a DMA2D_CLUTCfgTypeDef structure that contains
1010:Drivers/STM32H7xx_HAL_Driver/Src/stm32h7xx_hal_dma2d.c ****   *                   the configuration information for the color look up table.
1011:Drivers/STM32H7xx_HAL_Driver/Src/stm32h7xx_hal_dma2d.c ****   * @param  LayerIdx DMA2D Layer index.
1012:Drivers/STM32H7xx_HAL_Driver/Src/stm32h7xx_hal_dma2d.c ****   *                   This parameter can be one of the following values:
1013:Drivers/STM32H7xx_HAL_Driver/Src/stm32h7xx_hal_dma2d.c ****   *                   DMA2D_BACKGROUND_LAYER(0) / DMA2D_FOREGROUND_LAYER(1)
1014:Drivers/STM32H7xx_HAL_Driver/Src/stm32h7xx_hal_dma2d.c ****   * @retval HAL status
1015:Drivers/STM32H7xx_HAL_Driver/Src/stm32h7xx_hal_dma2d.c ****   */
1016:Drivers/STM32H7xx_HAL_Driver/Src/stm32h7xx_hal_dma2d.c **** HAL_StatusTypeDef HAL_DMA2D_CLUTStartLoad(DMA2D_HandleTypeDef *hdma2d, const DMA2D_CLUTCfgTypeDef *
1017:Drivers/STM32H7xx_HAL_Driver/Src/stm32h7xx_hal_dma2d.c ****                                           uint32_t LayerIdx)
1018:Drivers/STM32H7xx_HAL_Driver/Src/stm32h7xx_hal_dma2d.c **** {
1019:Drivers/STM32H7xx_HAL_Driver/Src/stm32h7xx_hal_dma2d.c ****   /* Check the parameters */
1020:Drivers/STM32H7xx_HAL_Driver/Src/stm32h7xx_hal_dma2d.c ****   assert_param(IS_DMA2D_LAYER(LayerIdx));
1021:Drivers/STM32H7xx_HAL_Driver/Src/stm32h7xx_hal_dma2d.c ****   assert_param(IS_DMA2D_CLUT_CM(CLUTCfg->CLUTColorMode));
1022:Drivers/STM32H7xx_HAL_Driver/Src/stm32h7xx_hal_dma2d.c ****   assert_param(IS_DMA2D_CLUT_SIZE(CLUTCfg->Size));
1023:Drivers/STM32H7xx_HAL_Driver/Src/stm32h7xx_hal_dma2d.c **** 
1024:Drivers/STM32H7xx_HAL_Driver/Src/stm32h7xx_hal_dma2d.c ****   /* Process locked */
1025:Drivers/STM32H7xx_HAL_Driver/Src/stm32h7xx_hal_dma2d.c ****   __HAL_LOCK(hdma2d);
1026:Drivers/STM32H7xx_HAL_Driver/Src/stm32h7xx_hal_dma2d.c **** 
1027:Drivers/STM32H7xx_HAL_Driver/Src/stm32h7xx_hal_dma2d.c ****   /* Change DMA2D peripheral state */
1028:Drivers/STM32H7xx_HAL_Driver/Src/stm32h7xx_hal_dma2d.c ****   hdma2d->State = HAL_DMA2D_STATE_BUSY;
1029:Drivers/STM32H7xx_HAL_Driver/Src/stm32h7xx_hal_dma2d.c **** 
1030:Drivers/STM32H7xx_HAL_Driver/Src/stm32h7xx_hal_dma2d.c ****   /* Configure the CLUT of the background DMA2D layer */
1031:Drivers/STM32H7xx_HAL_Driver/Src/stm32h7xx_hal_dma2d.c ****   if (LayerIdx == DMA2D_BACKGROUND_LAYER)
1032:Drivers/STM32H7xx_HAL_Driver/Src/stm32h7xx_hal_dma2d.c ****   {
1033:Drivers/STM32H7xx_HAL_Driver/Src/stm32h7xx_hal_dma2d.c ****     /* Write background CLUT memory address */
1034:Drivers/STM32H7xx_HAL_Driver/Src/stm32h7xx_hal_dma2d.c ****     WRITE_REG(hdma2d->Instance->BGCMAR, (uint32_t)CLUTCfg->pCLUT);
1035:Drivers/STM32H7xx_HAL_Driver/Src/stm32h7xx_hal_dma2d.c **** 
1036:Drivers/STM32H7xx_HAL_Driver/Src/stm32h7xx_hal_dma2d.c ****     /* Write background CLUT size and CLUT color mode */
1037:Drivers/STM32H7xx_HAL_Driver/Src/stm32h7xx_hal_dma2d.c ****     MODIFY_REG(hdma2d->Instance->BGPFCCR, (DMA2D_BGPFCCR_CS | DMA2D_BGPFCCR_CCM),
1038:Drivers/STM32H7xx_HAL_Driver/Src/stm32h7xx_hal_dma2d.c ****                ((CLUTCfg->Size << DMA2D_BGPFCCR_CS_Pos) | (CLUTCfg->CLUTColorMode << DMA2D_BGPFCCR_
1039:Drivers/STM32H7xx_HAL_Driver/Src/stm32h7xx_hal_dma2d.c **** 
1040:Drivers/STM32H7xx_HAL_Driver/Src/stm32h7xx_hal_dma2d.c ****     /* Enable the CLUT loading for the background */
1041:Drivers/STM32H7xx_HAL_Driver/Src/stm32h7xx_hal_dma2d.c ****     SET_BIT(hdma2d->Instance->BGPFCCR, DMA2D_BGPFCCR_START);
1042:Drivers/STM32H7xx_HAL_Driver/Src/stm32h7xx_hal_dma2d.c ****   }
1043:Drivers/STM32H7xx_HAL_Driver/Src/stm32h7xx_hal_dma2d.c ****   /* Configure the CLUT of the foreground DMA2D layer */
1044:Drivers/STM32H7xx_HAL_Driver/Src/stm32h7xx_hal_dma2d.c ****   else
1045:Drivers/STM32H7xx_HAL_Driver/Src/stm32h7xx_hal_dma2d.c ****   {
1046:Drivers/STM32H7xx_HAL_Driver/Src/stm32h7xx_hal_dma2d.c ****     /* Write foreground CLUT memory address */
1047:Drivers/STM32H7xx_HAL_Driver/Src/stm32h7xx_hal_dma2d.c ****     WRITE_REG(hdma2d->Instance->FGCMAR, (uint32_t)CLUTCfg->pCLUT);
1048:Drivers/STM32H7xx_HAL_Driver/Src/stm32h7xx_hal_dma2d.c **** 
1049:Drivers/STM32H7xx_HAL_Driver/Src/stm32h7xx_hal_dma2d.c ****     /* Write foreground CLUT size and CLUT color mode */
1050:Drivers/STM32H7xx_HAL_Driver/Src/stm32h7xx_hal_dma2d.c ****     MODIFY_REG(hdma2d->Instance->FGPFCCR, (DMA2D_FGPFCCR_CS | DMA2D_FGPFCCR_CCM),
1051:Drivers/STM32H7xx_HAL_Driver/Src/stm32h7xx_hal_dma2d.c ****                ((CLUTCfg->Size << DMA2D_FGPFCCR_CS_Pos) | (CLUTCfg->CLUTColorMode << DMA2D_FGPFCCR_
1052:Drivers/STM32H7xx_HAL_Driver/Src/stm32h7xx_hal_dma2d.c **** 
1053:Drivers/STM32H7xx_HAL_Driver/Src/stm32h7xx_hal_dma2d.c ****     /* Enable the CLUT loading for the foreground */
1054:Drivers/STM32H7xx_HAL_Driver/Src/stm32h7xx_hal_dma2d.c ****     SET_BIT(hdma2d->Instance->FGPFCCR, DMA2D_FGPFCCR_START);
1055:Drivers/STM32H7xx_HAL_Driver/Src/stm32h7xx_hal_dma2d.c ****   }
1056:Drivers/STM32H7xx_HAL_Driver/Src/stm32h7xx_hal_dma2d.c **** 
1057:Drivers/STM32H7xx_HAL_Driver/Src/stm32h7xx_hal_dma2d.c ****   return HAL_OK;
ARM GAS  C:\msys64\tmp\ccU8cwaS.s 			page 20


1058:Drivers/STM32H7xx_HAL_Driver/Src/stm32h7xx_hal_dma2d.c **** }
1059:Drivers/STM32H7xx_HAL_Driver/Src/stm32h7xx_hal_dma2d.c **** 
1060:Drivers/STM32H7xx_HAL_Driver/Src/stm32h7xx_hal_dma2d.c **** /**
1061:Drivers/STM32H7xx_HAL_Driver/Src/stm32h7xx_hal_dma2d.c ****   * @brief  Start DMA2D CLUT Loading with interrupt enabled.
1062:Drivers/STM32H7xx_HAL_Driver/Src/stm32h7xx_hal_dma2d.c ****   * @param  hdma2d   Pointer to a DMA2D_HandleTypeDef structure that contains
1063:Drivers/STM32H7xx_HAL_Driver/Src/stm32h7xx_hal_dma2d.c ****   *                   the configuration information for the DMA2D.
1064:Drivers/STM32H7xx_HAL_Driver/Src/stm32h7xx_hal_dma2d.c ****   * @param  CLUTCfg  Pointer to a DMA2D_CLUTCfgTypeDef structure that contains
1065:Drivers/STM32H7xx_HAL_Driver/Src/stm32h7xx_hal_dma2d.c ****   *                   the configuration information for the color look up table.
1066:Drivers/STM32H7xx_HAL_Driver/Src/stm32h7xx_hal_dma2d.c ****   * @param  LayerIdx DMA2D Layer index.
1067:Drivers/STM32H7xx_HAL_Driver/Src/stm32h7xx_hal_dma2d.c ****   *                   This parameter can be one of the following values:
1068:Drivers/STM32H7xx_HAL_Driver/Src/stm32h7xx_hal_dma2d.c ****   *                   DMA2D_BACKGROUND_LAYER(0) / DMA2D_FOREGROUND_LAYER(1)
1069:Drivers/STM32H7xx_HAL_Driver/Src/stm32h7xx_hal_dma2d.c ****   * @retval HAL status
1070:Drivers/STM32H7xx_HAL_Driver/Src/stm32h7xx_hal_dma2d.c ****   */
1071:Drivers/STM32H7xx_HAL_Driver/Src/stm32h7xx_hal_dma2d.c **** HAL_StatusTypeDef HAL_DMA2D_CLUTStartLoad_IT(DMA2D_HandleTypeDef *hdma2d, const DMA2D_CLUTCfgTypeDe
1072:Drivers/STM32H7xx_HAL_Driver/Src/stm32h7xx_hal_dma2d.c ****                                              uint32_t LayerIdx)
1073:Drivers/STM32H7xx_HAL_Driver/Src/stm32h7xx_hal_dma2d.c **** {
1074:Drivers/STM32H7xx_HAL_Driver/Src/stm32h7xx_hal_dma2d.c ****   /* Check the parameters */
1075:Drivers/STM32H7xx_HAL_Driver/Src/stm32h7xx_hal_dma2d.c ****   assert_param(IS_DMA2D_LAYER(LayerIdx));
1076:Drivers/STM32H7xx_HAL_Driver/Src/stm32h7xx_hal_dma2d.c ****   assert_param(IS_DMA2D_CLUT_CM(CLUTCfg->CLUTColorMode));
1077:Drivers/STM32H7xx_HAL_Driver/Src/stm32h7xx_hal_dma2d.c ****   assert_param(IS_DMA2D_CLUT_SIZE(CLUTCfg->Size));
1078:Drivers/STM32H7xx_HAL_Driver/Src/stm32h7xx_hal_dma2d.c **** 
1079:Drivers/STM32H7xx_HAL_Driver/Src/stm32h7xx_hal_dma2d.c ****   /* Process locked */
1080:Drivers/STM32H7xx_HAL_Driver/Src/stm32h7xx_hal_dma2d.c ****   __HAL_LOCK(hdma2d);
1081:Drivers/STM32H7xx_HAL_Driver/Src/stm32h7xx_hal_dma2d.c **** 
1082:Drivers/STM32H7xx_HAL_Driver/Src/stm32h7xx_hal_dma2d.c ****   /* Change DMA2D peripheral state */
1083:Drivers/STM32H7xx_HAL_Driver/Src/stm32h7xx_hal_dma2d.c ****   hdma2d->State = HAL_DMA2D_STATE_BUSY;
1084:Drivers/STM32H7xx_HAL_Driver/Src/stm32h7xx_hal_dma2d.c **** 
1085:Drivers/STM32H7xx_HAL_Driver/Src/stm32h7xx_hal_dma2d.c ****   /* Configure the CLUT of the background DMA2D layer */
1086:Drivers/STM32H7xx_HAL_Driver/Src/stm32h7xx_hal_dma2d.c ****   if (LayerIdx == DMA2D_BACKGROUND_LAYER)
1087:Drivers/STM32H7xx_HAL_Driver/Src/stm32h7xx_hal_dma2d.c ****   {
1088:Drivers/STM32H7xx_HAL_Driver/Src/stm32h7xx_hal_dma2d.c ****     /* Write background CLUT memory address */
1089:Drivers/STM32H7xx_HAL_Driver/Src/stm32h7xx_hal_dma2d.c ****     WRITE_REG(hdma2d->Instance->BGCMAR, (uint32_t)CLUTCfg->pCLUT);
1090:Drivers/STM32H7xx_HAL_Driver/Src/stm32h7xx_hal_dma2d.c **** 
1091:Drivers/STM32H7xx_HAL_Driver/Src/stm32h7xx_hal_dma2d.c ****     /* Write background CLUT size and CLUT color mode */
1092:Drivers/STM32H7xx_HAL_Driver/Src/stm32h7xx_hal_dma2d.c ****     MODIFY_REG(hdma2d->Instance->BGPFCCR, (DMA2D_BGPFCCR_CS | DMA2D_BGPFCCR_CCM),
1093:Drivers/STM32H7xx_HAL_Driver/Src/stm32h7xx_hal_dma2d.c ****                ((CLUTCfg->Size << DMA2D_BGPFCCR_CS_Pos) | (CLUTCfg->CLUTColorMode << DMA2D_BGPFCCR_
1094:Drivers/STM32H7xx_HAL_Driver/Src/stm32h7xx_hal_dma2d.c **** 
1095:Drivers/STM32H7xx_HAL_Driver/Src/stm32h7xx_hal_dma2d.c ****     /* Enable the CLUT Transfer Complete, transfer Error, configuration Error and CLUT Access Error
1096:Drivers/STM32H7xx_HAL_Driver/Src/stm32h7xx_hal_dma2d.c ****     __HAL_DMA2D_ENABLE_IT(hdma2d, DMA2D_IT_CTC | DMA2D_IT_TE | DMA2D_IT_CE | DMA2D_IT_CAE);
1097:Drivers/STM32H7xx_HAL_Driver/Src/stm32h7xx_hal_dma2d.c **** 
1098:Drivers/STM32H7xx_HAL_Driver/Src/stm32h7xx_hal_dma2d.c ****     /* Enable the CLUT loading for the background */
1099:Drivers/STM32H7xx_HAL_Driver/Src/stm32h7xx_hal_dma2d.c ****     SET_BIT(hdma2d->Instance->BGPFCCR, DMA2D_BGPFCCR_START);
1100:Drivers/STM32H7xx_HAL_Driver/Src/stm32h7xx_hal_dma2d.c ****   }
1101:Drivers/STM32H7xx_HAL_Driver/Src/stm32h7xx_hal_dma2d.c ****   /* Configure the CLUT of the foreground DMA2D layer */
1102:Drivers/STM32H7xx_HAL_Driver/Src/stm32h7xx_hal_dma2d.c ****   else
1103:Drivers/STM32H7xx_HAL_Driver/Src/stm32h7xx_hal_dma2d.c ****   {
1104:Drivers/STM32H7xx_HAL_Driver/Src/stm32h7xx_hal_dma2d.c ****     /* Write foreground CLUT memory address */
1105:Drivers/STM32H7xx_HAL_Driver/Src/stm32h7xx_hal_dma2d.c ****     WRITE_REG(hdma2d->Instance->FGCMAR, (uint32_t)CLUTCfg->pCLUT);
1106:Drivers/STM32H7xx_HAL_Driver/Src/stm32h7xx_hal_dma2d.c **** 
1107:Drivers/STM32H7xx_HAL_Driver/Src/stm32h7xx_hal_dma2d.c ****     /* Write foreground CLUT size and CLUT color mode */
1108:Drivers/STM32H7xx_HAL_Driver/Src/stm32h7xx_hal_dma2d.c ****     MODIFY_REG(hdma2d->Instance->FGPFCCR, (DMA2D_FGPFCCR_CS | DMA2D_FGPFCCR_CCM),
1109:Drivers/STM32H7xx_HAL_Driver/Src/stm32h7xx_hal_dma2d.c ****                ((CLUTCfg->Size << DMA2D_FGPFCCR_CS_Pos) | (CLUTCfg->CLUTColorMode << DMA2D_FGPFCCR_
1110:Drivers/STM32H7xx_HAL_Driver/Src/stm32h7xx_hal_dma2d.c **** 
1111:Drivers/STM32H7xx_HAL_Driver/Src/stm32h7xx_hal_dma2d.c ****     /* Enable the CLUT Transfer Complete, transfer Error, configuration Error and CLUT Access Error
1112:Drivers/STM32H7xx_HAL_Driver/Src/stm32h7xx_hal_dma2d.c ****     __HAL_DMA2D_ENABLE_IT(hdma2d, DMA2D_IT_CTC | DMA2D_IT_TE | DMA2D_IT_CE | DMA2D_IT_CAE);
1113:Drivers/STM32H7xx_HAL_Driver/Src/stm32h7xx_hal_dma2d.c **** 
1114:Drivers/STM32H7xx_HAL_Driver/Src/stm32h7xx_hal_dma2d.c ****     /* Enable the CLUT loading for the foreground */
ARM GAS  C:\msys64\tmp\ccU8cwaS.s 			page 21


1115:Drivers/STM32H7xx_HAL_Driver/Src/stm32h7xx_hal_dma2d.c ****     SET_BIT(hdma2d->Instance->FGPFCCR, DMA2D_FGPFCCR_START);
1116:Drivers/STM32H7xx_HAL_Driver/Src/stm32h7xx_hal_dma2d.c ****   }
1117:Drivers/STM32H7xx_HAL_Driver/Src/stm32h7xx_hal_dma2d.c **** 
1118:Drivers/STM32H7xx_HAL_Driver/Src/stm32h7xx_hal_dma2d.c ****   return HAL_OK;
1119:Drivers/STM32H7xx_HAL_Driver/Src/stm32h7xx_hal_dma2d.c **** }
1120:Drivers/STM32H7xx_HAL_Driver/Src/stm32h7xx_hal_dma2d.c **** 
1121:Drivers/STM32H7xx_HAL_Driver/Src/stm32h7xx_hal_dma2d.c **** /**
1122:Drivers/STM32H7xx_HAL_Driver/Src/stm32h7xx_hal_dma2d.c ****   * @brief  Start DMA2D CLUT Loading.
1123:Drivers/STM32H7xx_HAL_Driver/Src/stm32h7xx_hal_dma2d.c ****   * @param  hdma2d   Pointer to a DMA2D_HandleTypeDef structure that contains
1124:Drivers/STM32H7xx_HAL_Driver/Src/stm32h7xx_hal_dma2d.c ****   *                   the configuration information for the DMA2D.
1125:Drivers/STM32H7xx_HAL_Driver/Src/stm32h7xx_hal_dma2d.c ****   * @param  CLUTCfg  Pointer to a DMA2D_CLUTCfgTypeDef structure that contains
1126:Drivers/STM32H7xx_HAL_Driver/Src/stm32h7xx_hal_dma2d.c ****   *                   the configuration information for the color look up table.
1127:Drivers/STM32H7xx_HAL_Driver/Src/stm32h7xx_hal_dma2d.c ****   * @param  LayerIdx DMA2D Layer index.
1128:Drivers/STM32H7xx_HAL_Driver/Src/stm32h7xx_hal_dma2d.c ****   *                   This parameter can be one of the following values:
1129:Drivers/STM32H7xx_HAL_Driver/Src/stm32h7xx_hal_dma2d.c ****   *                   DMA2D_BACKGROUND_LAYER(0) / DMA2D_FOREGROUND_LAYER(1)
1130:Drivers/STM32H7xx_HAL_Driver/Src/stm32h7xx_hal_dma2d.c ****   * @note API obsolete and maintained for compatibility with legacy. User is
1131:Drivers/STM32H7xx_HAL_Driver/Src/stm32h7xx_hal_dma2d.c ****   *      invited to resort to HAL_DMA2D_CLUTStartLoad() instead to benefit from
1132:Drivers/STM32H7xx_HAL_Driver/Src/stm32h7xx_hal_dma2d.c ****   *      code compactness, code size and improved heap usage.
1133:Drivers/STM32H7xx_HAL_Driver/Src/stm32h7xx_hal_dma2d.c ****   * @retval HAL status
1134:Drivers/STM32H7xx_HAL_Driver/Src/stm32h7xx_hal_dma2d.c ****   */
1135:Drivers/STM32H7xx_HAL_Driver/Src/stm32h7xx_hal_dma2d.c **** HAL_StatusTypeDef HAL_DMA2D_CLUTLoad(DMA2D_HandleTypeDef *hdma2d, DMA2D_CLUTCfgTypeDef CLUTCfg, uin
1136:Drivers/STM32H7xx_HAL_Driver/Src/stm32h7xx_hal_dma2d.c **** {
1137:Drivers/STM32H7xx_HAL_Driver/Src/stm32h7xx_hal_dma2d.c ****   /* Check the parameters */
1138:Drivers/STM32H7xx_HAL_Driver/Src/stm32h7xx_hal_dma2d.c ****   assert_param(IS_DMA2D_LAYER(LayerIdx));
1139:Drivers/STM32H7xx_HAL_Driver/Src/stm32h7xx_hal_dma2d.c ****   assert_param(IS_DMA2D_CLUT_CM(CLUTCfg.CLUTColorMode));
1140:Drivers/STM32H7xx_HAL_Driver/Src/stm32h7xx_hal_dma2d.c ****   assert_param(IS_DMA2D_CLUT_SIZE(CLUTCfg.Size));
1141:Drivers/STM32H7xx_HAL_Driver/Src/stm32h7xx_hal_dma2d.c **** 
1142:Drivers/STM32H7xx_HAL_Driver/Src/stm32h7xx_hal_dma2d.c ****   /* Process locked */
1143:Drivers/STM32H7xx_HAL_Driver/Src/stm32h7xx_hal_dma2d.c ****   __HAL_LOCK(hdma2d);
1144:Drivers/STM32H7xx_HAL_Driver/Src/stm32h7xx_hal_dma2d.c **** 
1145:Drivers/STM32H7xx_HAL_Driver/Src/stm32h7xx_hal_dma2d.c ****   /* Change DMA2D peripheral state */
1146:Drivers/STM32H7xx_HAL_Driver/Src/stm32h7xx_hal_dma2d.c ****   hdma2d->State = HAL_DMA2D_STATE_BUSY;
1147:Drivers/STM32H7xx_HAL_Driver/Src/stm32h7xx_hal_dma2d.c **** 
1148:Drivers/STM32H7xx_HAL_Driver/Src/stm32h7xx_hal_dma2d.c ****   /* Configure the CLUT of the background DMA2D layer */
1149:Drivers/STM32H7xx_HAL_Driver/Src/stm32h7xx_hal_dma2d.c ****   if (LayerIdx == DMA2D_BACKGROUND_LAYER)
1150:Drivers/STM32H7xx_HAL_Driver/Src/stm32h7xx_hal_dma2d.c ****   {
1151:Drivers/STM32H7xx_HAL_Driver/Src/stm32h7xx_hal_dma2d.c ****     /* Write background CLUT memory address */
1152:Drivers/STM32H7xx_HAL_Driver/Src/stm32h7xx_hal_dma2d.c ****     WRITE_REG(hdma2d->Instance->BGCMAR, (uint32_t)CLUTCfg.pCLUT);
1153:Drivers/STM32H7xx_HAL_Driver/Src/stm32h7xx_hal_dma2d.c **** 
1154:Drivers/STM32H7xx_HAL_Driver/Src/stm32h7xx_hal_dma2d.c ****     /* Write background CLUT size and CLUT color mode */
1155:Drivers/STM32H7xx_HAL_Driver/Src/stm32h7xx_hal_dma2d.c ****     MODIFY_REG(hdma2d->Instance->BGPFCCR, (DMA2D_BGPFCCR_CS | DMA2D_BGPFCCR_CCM),
1156:Drivers/STM32H7xx_HAL_Driver/Src/stm32h7xx_hal_dma2d.c ****                ((CLUTCfg.Size << DMA2D_BGPFCCR_CS_Pos) | (CLUTCfg.CLUTColorMode << DMA2D_BGPFCCR_CC
1157:Drivers/STM32H7xx_HAL_Driver/Src/stm32h7xx_hal_dma2d.c **** 
1158:Drivers/STM32H7xx_HAL_Driver/Src/stm32h7xx_hal_dma2d.c ****     /* Enable the CLUT loading for the background */
1159:Drivers/STM32H7xx_HAL_Driver/Src/stm32h7xx_hal_dma2d.c ****     SET_BIT(hdma2d->Instance->BGPFCCR, DMA2D_BGPFCCR_START);
1160:Drivers/STM32H7xx_HAL_Driver/Src/stm32h7xx_hal_dma2d.c ****   }
1161:Drivers/STM32H7xx_HAL_Driver/Src/stm32h7xx_hal_dma2d.c ****   /* Configure the CLUT of the foreground DMA2D layer */
1162:Drivers/STM32H7xx_HAL_Driver/Src/stm32h7xx_hal_dma2d.c ****   else
1163:Drivers/STM32H7xx_HAL_Driver/Src/stm32h7xx_hal_dma2d.c ****   {
1164:Drivers/STM32H7xx_HAL_Driver/Src/stm32h7xx_hal_dma2d.c ****     /* Write foreground CLUT memory address */
1165:Drivers/STM32H7xx_HAL_Driver/Src/stm32h7xx_hal_dma2d.c ****     WRITE_REG(hdma2d->Instance->FGCMAR, (uint32_t)CLUTCfg.pCLUT);
1166:Drivers/STM32H7xx_HAL_Driver/Src/stm32h7xx_hal_dma2d.c **** 
1167:Drivers/STM32H7xx_HAL_Driver/Src/stm32h7xx_hal_dma2d.c ****     /* Write foreground CLUT size and CLUT color mode */
1168:Drivers/STM32H7xx_HAL_Driver/Src/stm32h7xx_hal_dma2d.c ****     MODIFY_REG(hdma2d->Instance->FGPFCCR, (DMA2D_FGPFCCR_CS | DMA2D_FGPFCCR_CCM),
1169:Drivers/STM32H7xx_HAL_Driver/Src/stm32h7xx_hal_dma2d.c ****                ((CLUTCfg.Size << DMA2D_FGPFCCR_CS_Pos) | (CLUTCfg.CLUTColorMode << DMA2D_FGPFCCR_CC
1170:Drivers/STM32H7xx_HAL_Driver/Src/stm32h7xx_hal_dma2d.c **** 
1171:Drivers/STM32H7xx_HAL_Driver/Src/stm32h7xx_hal_dma2d.c ****     /* Enable the CLUT loading for the foreground */
ARM GAS  C:\msys64\tmp\ccU8cwaS.s 			page 22


1172:Drivers/STM32H7xx_HAL_Driver/Src/stm32h7xx_hal_dma2d.c ****     SET_BIT(hdma2d->Instance->FGPFCCR, DMA2D_FGPFCCR_START);
1173:Drivers/STM32H7xx_HAL_Driver/Src/stm32h7xx_hal_dma2d.c ****   }
1174:Drivers/STM32H7xx_HAL_Driver/Src/stm32h7xx_hal_dma2d.c **** 
1175:Drivers/STM32H7xx_HAL_Driver/Src/stm32h7xx_hal_dma2d.c ****   return HAL_OK;
1176:Drivers/STM32H7xx_HAL_Driver/Src/stm32h7xx_hal_dma2d.c **** }
1177:Drivers/STM32H7xx_HAL_Driver/Src/stm32h7xx_hal_dma2d.c **** 
1178:Drivers/STM32H7xx_HAL_Driver/Src/stm32h7xx_hal_dma2d.c **** /**
1179:Drivers/STM32H7xx_HAL_Driver/Src/stm32h7xx_hal_dma2d.c ****   * @brief  Start DMA2D CLUT Loading with interrupt enabled.
1180:Drivers/STM32H7xx_HAL_Driver/Src/stm32h7xx_hal_dma2d.c ****   * @param  hdma2d   Pointer to a DMA2D_HandleTypeDef structure that contains
1181:Drivers/STM32H7xx_HAL_Driver/Src/stm32h7xx_hal_dma2d.c ****   *                   the configuration information for the DMA2D.
1182:Drivers/STM32H7xx_HAL_Driver/Src/stm32h7xx_hal_dma2d.c ****   * @param  CLUTCfg  Pointer to a DMA2D_CLUTCfgTypeDef structure that contains
1183:Drivers/STM32H7xx_HAL_Driver/Src/stm32h7xx_hal_dma2d.c ****   *                   the configuration information for the color look up table.
1184:Drivers/STM32H7xx_HAL_Driver/Src/stm32h7xx_hal_dma2d.c ****   * @param  LayerIdx DMA2D Layer index.
1185:Drivers/STM32H7xx_HAL_Driver/Src/stm32h7xx_hal_dma2d.c ****   *                   This parameter can be one of the following values:
1186:Drivers/STM32H7xx_HAL_Driver/Src/stm32h7xx_hal_dma2d.c ****   *                   DMA2D_BACKGROUND_LAYER(0) / DMA2D_FOREGROUND_LAYER(1)
1187:Drivers/STM32H7xx_HAL_Driver/Src/stm32h7xx_hal_dma2d.c ****   * @note API obsolete and maintained for compatibility with legacy. User is
1188:Drivers/STM32H7xx_HAL_Driver/Src/stm32h7xx_hal_dma2d.c ****   *      invited to resort to HAL_DMA2D_CLUTStartLoad_IT() instead to benefit
1189:Drivers/STM32H7xx_HAL_Driver/Src/stm32h7xx_hal_dma2d.c ****   *      from code compactness, code size and improved heap usage.
1190:Drivers/STM32H7xx_HAL_Driver/Src/stm32h7xx_hal_dma2d.c ****   * @retval HAL status
1191:Drivers/STM32H7xx_HAL_Driver/Src/stm32h7xx_hal_dma2d.c ****   */
1192:Drivers/STM32H7xx_HAL_Driver/Src/stm32h7xx_hal_dma2d.c **** HAL_StatusTypeDef HAL_DMA2D_CLUTLoad_IT(DMA2D_HandleTypeDef *hdma2d, DMA2D_CLUTCfgTypeDef CLUTCfg, 
1193:Drivers/STM32H7xx_HAL_Driver/Src/stm32h7xx_hal_dma2d.c **** {
1194:Drivers/STM32H7xx_HAL_Driver/Src/stm32h7xx_hal_dma2d.c ****   /* Check the parameters */
1195:Drivers/STM32H7xx_HAL_Driver/Src/stm32h7xx_hal_dma2d.c ****   assert_param(IS_DMA2D_LAYER(LayerIdx));
1196:Drivers/STM32H7xx_HAL_Driver/Src/stm32h7xx_hal_dma2d.c ****   assert_param(IS_DMA2D_CLUT_CM(CLUTCfg.CLUTColorMode));
1197:Drivers/STM32H7xx_HAL_Driver/Src/stm32h7xx_hal_dma2d.c ****   assert_param(IS_DMA2D_CLUT_SIZE(CLUTCfg.Size));
1198:Drivers/STM32H7xx_HAL_Driver/Src/stm32h7xx_hal_dma2d.c **** 
1199:Drivers/STM32H7xx_HAL_Driver/Src/stm32h7xx_hal_dma2d.c ****   /* Process locked */
1200:Drivers/STM32H7xx_HAL_Driver/Src/stm32h7xx_hal_dma2d.c ****   __HAL_LOCK(hdma2d);
1201:Drivers/STM32H7xx_HAL_Driver/Src/stm32h7xx_hal_dma2d.c **** 
1202:Drivers/STM32H7xx_HAL_Driver/Src/stm32h7xx_hal_dma2d.c ****   /* Change DMA2D peripheral state */
1203:Drivers/STM32H7xx_HAL_Driver/Src/stm32h7xx_hal_dma2d.c ****   hdma2d->State = HAL_DMA2D_STATE_BUSY;
1204:Drivers/STM32H7xx_HAL_Driver/Src/stm32h7xx_hal_dma2d.c **** 
1205:Drivers/STM32H7xx_HAL_Driver/Src/stm32h7xx_hal_dma2d.c ****   /* Configure the CLUT of the background DMA2D layer */
1206:Drivers/STM32H7xx_HAL_Driver/Src/stm32h7xx_hal_dma2d.c ****   if (LayerIdx == DMA2D_BACKGROUND_LAYER)
1207:Drivers/STM32H7xx_HAL_Driver/Src/stm32h7xx_hal_dma2d.c ****   {
1208:Drivers/STM32H7xx_HAL_Driver/Src/stm32h7xx_hal_dma2d.c ****     /* Write background CLUT memory address */
1209:Drivers/STM32H7xx_HAL_Driver/Src/stm32h7xx_hal_dma2d.c ****     WRITE_REG(hdma2d->Instance->BGCMAR, (uint32_t)CLUTCfg.pCLUT);
1210:Drivers/STM32H7xx_HAL_Driver/Src/stm32h7xx_hal_dma2d.c **** 
1211:Drivers/STM32H7xx_HAL_Driver/Src/stm32h7xx_hal_dma2d.c ****     /* Write background CLUT size and CLUT color mode */
1212:Drivers/STM32H7xx_HAL_Driver/Src/stm32h7xx_hal_dma2d.c ****     MODIFY_REG(hdma2d->Instance->BGPFCCR, (DMA2D_BGPFCCR_CS | DMA2D_BGPFCCR_CCM),
1213:Drivers/STM32H7xx_HAL_Driver/Src/stm32h7xx_hal_dma2d.c ****                ((CLUTCfg.Size << DMA2D_BGPFCCR_CS_Pos) | (CLUTCfg.CLUTColorMode << DMA2D_BGPFCCR_CC
1214:Drivers/STM32H7xx_HAL_Driver/Src/stm32h7xx_hal_dma2d.c **** 
1215:Drivers/STM32H7xx_HAL_Driver/Src/stm32h7xx_hal_dma2d.c ****     /* Enable the CLUT Transfer Complete, transfer Error, configuration Error and CLUT Access Error
1216:Drivers/STM32H7xx_HAL_Driver/Src/stm32h7xx_hal_dma2d.c ****     __HAL_DMA2D_ENABLE_IT(hdma2d, DMA2D_IT_CTC | DMA2D_IT_TE | DMA2D_IT_CE | DMA2D_IT_CAE);
1217:Drivers/STM32H7xx_HAL_Driver/Src/stm32h7xx_hal_dma2d.c **** 
1218:Drivers/STM32H7xx_HAL_Driver/Src/stm32h7xx_hal_dma2d.c ****     /* Enable the CLUT loading for the background */
1219:Drivers/STM32H7xx_HAL_Driver/Src/stm32h7xx_hal_dma2d.c ****     SET_BIT(hdma2d->Instance->BGPFCCR, DMA2D_BGPFCCR_START);
1220:Drivers/STM32H7xx_HAL_Driver/Src/stm32h7xx_hal_dma2d.c ****   }
1221:Drivers/STM32H7xx_HAL_Driver/Src/stm32h7xx_hal_dma2d.c ****   /* Configure the CLUT of the foreground DMA2D layer */
1222:Drivers/STM32H7xx_HAL_Driver/Src/stm32h7xx_hal_dma2d.c ****   else
1223:Drivers/STM32H7xx_HAL_Driver/Src/stm32h7xx_hal_dma2d.c ****   {
1224:Drivers/STM32H7xx_HAL_Driver/Src/stm32h7xx_hal_dma2d.c ****     /* Write foreground CLUT memory address */
1225:Drivers/STM32H7xx_HAL_Driver/Src/stm32h7xx_hal_dma2d.c ****     WRITE_REG(hdma2d->Instance->FGCMAR, (uint32_t)CLUTCfg.pCLUT);
1226:Drivers/STM32H7xx_HAL_Driver/Src/stm32h7xx_hal_dma2d.c **** 
1227:Drivers/STM32H7xx_HAL_Driver/Src/stm32h7xx_hal_dma2d.c ****     /* Write foreground CLUT size and CLUT color mode */
1228:Drivers/STM32H7xx_HAL_Driver/Src/stm32h7xx_hal_dma2d.c ****     MODIFY_REG(hdma2d->Instance->FGPFCCR, (DMA2D_FGPFCCR_CS | DMA2D_FGPFCCR_CCM),
ARM GAS  C:\msys64\tmp\ccU8cwaS.s 			page 23


1229:Drivers/STM32H7xx_HAL_Driver/Src/stm32h7xx_hal_dma2d.c ****                ((CLUTCfg.Size << DMA2D_FGPFCCR_CS_Pos) | (CLUTCfg.CLUTColorMode << DMA2D_FGPFCCR_CC
1230:Drivers/STM32H7xx_HAL_Driver/Src/stm32h7xx_hal_dma2d.c **** 
1231:Drivers/STM32H7xx_HAL_Driver/Src/stm32h7xx_hal_dma2d.c ****     /* Enable the CLUT Transfer Complete, transfer Error, configuration Error and CLUT Access Error
1232:Drivers/STM32H7xx_HAL_Driver/Src/stm32h7xx_hal_dma2d.c ****     __HAL_DMA2D_ENABLE_IT(hdma2d, DMA2D_IT_CTC | DMA2D_IT_TE | DMA2D_IT_CE | DMA2D_IT_CAE);
1233:Drivers/STM32H7xx_HAL_Driver/Src/stm32h7xx_hal_dma2d.c **** 
1234:Drivers/STM32H7xx_HAL_Driver/Src/stm32h7xx_hal_dma2d.c ****     /* Enable the CLUT loading for the foreground */
1235:Drivers/STM32H7xx_HAL_Driver/Src/stm32h7xx_hal_dma2d.c ****     SET_BIT(hdma2d->Instance->FGPFCCR, DMA2D_FGPFCCR_START);
1236:Drivers/STM32H7xx_HAL_Driver/Src/stm32h7xx_hal_dma2d.c ****   }
1237:Drivers/STM32H7xx_HAL_Driver/Src/stm32h7xx_hal_dma2d.c **** 
1238:Drivers/STM32H7xx_HAL_Driver/Src/stm32h7xx_hal_dma2d.c ****   return HAL_OK;
1239:Drivers/STM32H7xx_HAL_Driver/Src/stm32h7xx_hal_dma2d.c **** }
1240:Drivers/STM32H7xx_HAL_Driver/Src/stm32h7xx_hal_dma2d.c **** 
1241:Drivers/STM32H7xx_HAL_Driver/Src/stm32h7xx_hal_dma2d.c **** /**
1242:Drivers/STM32H7xx_HAL_Driver/Src/stm32h7xx_hal_dma2d.c ****   * @brief  Abort the DMA2D CLUT loading.
1243:Drivers/STM32H7xx_HAL_Driver/Src/stm32h7xx_hal_dma2d.c ****   * @param  hdma2d  Pointer to a DMA2D_HandleTypeDef structure that contains
1244:Drivers/STM32H7xx_HAL_Driver/Src/stm32h7xx_hal_dma2d.c ****   *                  the configuration information for the DMA2D.
1245:Drivers/STM32H7xx_HAL_Driver/Src/stm32h7xx_hal_dma2d.c ****   * @param  LayerIdx DMA2D Layer index.
1246:Drivers/STM32H7xx_HAL_Driver/Src/stm32h7xx_hal_dma2d.c ****   *                   This parameter can be one of the following values:
1247:Drivers/STM32H7xx_HAL_Driver/Src/stm32h7xx_hal_dma2d.c ****   *                   DMA2D_BACKGROUND_LAYER(0) / DMA2D_FOREGROUND_LAYER(1)
1248:Drivers/STM32H7xx_HAL_Driver/Src/stm32h7xx_hal_dma2d.c ****   * @retval HAL status
1249:Drivers/STM32H7xx_HAL_Driver/Src/stm32h7xx_hal_dma2d.c ****   */
1250:Drivers/STM32H7xx_HAL_Driver/Src/stm32h7xx_hal_dma2d.c **** HAL_StatusTypeDef HAL_DMA2D_CLUTLoading_Abort(DMA2D_HandleTypeDef *hdma2d, uint32_t LayerIdx)
1251:Drivers/STM32H7xx_HAL_Driver/Src/stm32h7xx_hal_dma2d.c **** {
1252:Drivers/STM32H7xx_HAL_Driver/Src/stm32h7xx_hal_dma2d.c ****   uint32_t tickstart;
1253:Drivers/STM32H7xx_HAL_Driver/Src/stm32h7xx_hal_dma2d.c ****   const __IO uint32_t *reg =  &(hdma2d->Instance->BGPFCCR);  /* by default, point at background reg
1254:Drivers/STM32H7xx_HAL_Driver/Src/stm32h7xx_hal_dma2d.c **** 
1255:Drivers/STM32H7xx_HAL_Driver/Src/stm32h7xx_hal_dma2d.c ****   /* Abort the CLUT loading */
1256:Drivers/STM32H7xx_HAL_Driver/Src/stm32h7xx_hal_dma2d.c ****   SET_BIT(hdma2d->Instance->CR, DMA2D_CR_ABORT);
1257:Drivers/STM32H7xx_HAL_Driver/Src/stm32h7xx_hal_dma2d.c **** 
1258:Drivers/STM32H7xx_HAL_Driver/Src/stm32h7xx_hal_dma2d.c ****   /* If foreground CLUT loading is considered, update local variables */
1259:Drivers/STM32H7xx_HAL_Driver/Src/stm32h7xx_hal_dma2d.c ****   if (LayerIdx == DMA2D_FOREGROUND_LAYER)
1260:Drivers/STM32H7xx_HAL_Driver/Src/stm32h7xx_hal_dma2d.c ****   {
1261:Drivers/STM32H7xx_HAL_Driver/Src/stm32h7xx_hal_dma2d.c ****     reg  = &(hdma2d->Instance->FGPFCCR);
1262:Drivers/STM32H7xx_HAL_Driver/Src/stm32h7xx_hal_dma2d.c ****   }
1263:Drivers/STM32H7xx_HAL_Driver/Src/stm32h7xx_hal_dma2d.c **** 
1264:Drivers/STM32H7xx_HAL_Driver/Src/stm32h7xx_hal_dma2d.c **** 
1265:Drivers/STM32H7xx_HAL_Driver/Src/stm32h7xx_hal_dma2d.c ****   /* Get tick */
1266:Drivers/STM32H7xx_HAL_Driver/Src/stm32h7xx_hal_dma2d.c ****   tickstart = HAL_GetTick();
1267:Drivers/STM32H7xx_HAL_Driver/Src/stm32h7xx_hal_dma2d.c **** 
1268:Drivers/STM32H7xx_HAL_Driver/Src/stm32h7xx_hal_dma2d.c ****   /* Check if the CLUT loading is aborted */
1269:Drivers/STM32H7xx_HAL_Driver/Src/stm32h7xx_hal_dma2d.c ****   while ((*reg & DMA2D_BGPFCCR_START) != 0U)
1270:Drivers/STM32H7xx_HAL_Driver/Src/stm32h7xx_hal_dma2d.c ****   {
1271:Drivers/STM32H7xx_HAL_Driver/Src/stm32h7xx_hal_dma2d.c ****     if ((HAL_GetTick() - tickstart) > DMA2D_TIMEOUT_ABORT)
1272:Drivers/STM32H7xx_HAL_Driver/Src/stm32h7xx_hal_dma2d.c ****     {
1273:Drivers/STM32H7xx_HAL_Driver/Src/stm32h7xx_hal_dma2d.c ****       /* Update error code */
1274:Drivers/STM32H7xx_HAL_Driver/Src/stm32h7xx_hal_dma2d.c ****       hdma2d->ErrorCode |= HAL_DMA2D_ERROR_TIMEOUT;
1275:Drivers/STM32H7xx_HAL_Driver/Src/stm32h7xx_hal_dma2d.c **** 
1276:Drivers/STM32H7xx_HAL_Driver/Src/stm32h7xx_hal_dma2d.c ****       /* Change the DMA2D state */
1277:Drivers/STM32H7xx_HAL_Driver/Src/stm32h7xx_hal_dma2d.c ****       hdma2d->State = HAL_DMA2D_STATE_TIMEOUT;
1278:Drivers/STM32H7xx_HAL_Driver/Src/stm32h7xx_hal_dma2d.c **** 
1279:Drivers/STM32H7xx_HAL_Driver/Src/stm32h7xx_hal_dma2d.c ****       /* Process Unlocked */
1280:Drivers/STM32H7xx_HAL_Driver/Src/stm32h7xx_hal_dma2d.c ****       __HAL_UNLOCK(hdma2d);
1281:Drivers/STM32H7xx_HAL_Driver/Src/stm32h7xx_hal_dma2d.c **** 
1282:Drivers/STM32H7xx_HAL_Driver/Src/stm32h7xx_hal_dma2d.c ****       return HAL_TIMEOUT;
1283:Drivers/STM32H7xx_HAL_Driver/Src/stm32h7xx_hal_dma2d.c ****     }
1284:Drivers/STM32H7xx_HAL_Driver/Src/stm32h7xx_hal_dma2d.c ****   }
1285:Drivers/STM32H7xx_HAL_Driver/Src/stm32h7xx_hal_dma2d.c **** 
ARM GAS  C:\msys64\tmp\ccU8cwaS.s 			page 24


1286:Drivers/STM32H7xx_HAL_Driver/Src/stm32h7xx_hal_dma2d.c ****   /* Disable the CLUT Transfer Complete, Transfer Error, Configuration Error and CLUT Access Error 
1287:Drivers/STM32H7xx_HAL_Driver/Src/stm32h7xx_hal_dma2d.c ****   __HAL_DMA2D_DISABLE_IT(hdma2d, DMA2D_IT_CTC | DMA2D_IT_TE | DMA2D_IT_CE | DMA2D_IT_CAE);
1288:Drivers/STM32H7xx_HAL_Driver/Src/stm32h7xx_hal_dma2d.c **** 
1289:Drivers/STM32H7xx_HAL_Driver/Src/stm32h7xx_hal_dma2d.c ****   /* Change the DMA2D state*/
1290:Drivers/STM32H7xx_HAL_Driver/Src/stm32h7xx_hal_dma2d.c ****   hdma2d->State = HAL_DMA2D_STATE_READY;
1291:Drivers/STM32H7xx_HAL_Driver/Src/stm32h7xx_hal_dma2d.c **** 
1292:Drivers/STM32H7xx_HAL_Driver/Src/stm32h7xx_hal_dma2d.c ****   /* Process Unlocked */
1293:Drivers/STM32H7xx_HAL_Driver/Src/stm32h7xx_hal_dma2d.c ****   __HAL_UNLOCK(hdma2d);
1294:Drivers/STM32H7xx_HAL_Driver/Src/stm32h7xx_hal_dma2d.c **** 
1295:Drivers/STM32H7xx_HAL_Driver/Src/stm32h7xx_hal_dma2d.c ****   return HAL_OK;
1296:Drivers/STM32H7xx_HAL_Driver/Src/stm32h7xx_hal_dma2d.c **** }
1297:Drivers/STM32H7xx_HAL_Driver/Src/stm32h7xx_hal_dma2d.c **** 
1298:Drivers/STM32H7xx_HAL_Driver/Src/stm32h7xx_hal_dma2d.c **** /**
1299:Drivers/STM32H7xx_HAL_Driver/Src/stm32h7xx_hal_dma2d.c ****   * @brief  Suspend the DMA2D CLUT loading.
1300:Drivers/STM32H7xx_HAL_Driver/Src/stm32h7xx_hal_dma2d.c ****   * @param  hdma2d Pointer to a DMA2D_HandleTypeDef structure that contains
1301:Drivers/STM32H7xx_HAL_Driver/Src/stm32h7xx_hal_dma2d.c ****   *                 the configuration information for the DMA2D.
1302:Drivers/STM32H7xx_HAL_Driver/Src/stm32h7xx_hal_dma2d.c ****   * @param  LayerIdx DMA2D Layer index.
1303:Drivers/STM32H7xx_HAL_Driver/Src/stm32h7xx_hal_dma2d.c ****   *                   This parameter can be one of the following values:
1304:Drivers/STM32H7xx_HAL_Driver/Src/stm32h7xx_hal_dma2d.c ****   *                   DMA2D_BACKGROUND_LAYER(0) / DMA2D_FOREGROUND_LAYER(1)
1305:Drivers/STM32H7xx_HAL_Driver/Src/stm32h7xx_hal_dma2d.c ****   * @retval HAL status
1306:Drivers/STM32H7xx_HAL_Driver/Src/stm32h7xx_hal_dma2d.c ****   */
1307:Drivers/STM32H7xx_HAL_Driver/Src/stm32h7xx_hal_dma2d.c **** HAL_StatusTypeDef HAL_DMA2D_CLUTLoading_Suspend(DMA2D_HandleTypeDef *hdma2d, uint32_t LayerIdx)
1308:Drivers/STM32H7xx_HAL_Driver/Src/stm32h7xx_hal_dma2d.c **** {
1309:Drivers/STM32H7xx_HAL_Driver/Src/stm32h7xx_hal_dma2d.c ****   uint32_t tickstart;
1310:Drivers/STM32H7xx_HAL_Driver/Src/stm32h7xx_hal_dma2d.c ****   uint32_t loadsuspended;
1311:Drivers/STM32H7xx_HAL_Driver/Src/stm32h7xx_hal_dma2d.c ****   const __IO uint32_t *reg =  &(hdma2d->Instance->BGPFCCR);  /* by default, point at background reg
1312:Drivers/STM32H7xx_HAL_Driver/Src/stm32h7xx_hal_dma2d.c **** 
1313:Drivers/STM32H7xx_HAL_Driver/Src/stm32h7xx_hal_dma2d.c ****   /* Suspend the CLUT loading */
1314:Drivers/STM32H7xx_HAL_Driver/Src/stm32h7xx_hal_dma2d.c ****   SET_BIT(hdma2d->Instance->CR, DMA2D_CR_SUSP);
1315:Drivers/STM32H7xx_HAL_Driver/Src/stm32h7xx_hal_dma2d.c **** 
1316:Drivers/STM32H7xx_HAL_Driver/Src/stm32h7xx_hal_dma2d.c ****   /* If foreground CLUT loading is considered, update local variables */
1317:Drivers/STM32H7xx_HAL_Driver/Src/stm32h7xx_hal_dma2d.c ****   if (LayerIdx == DMA2D_FOREGROUND_LAYER)
1318:Drivers/STM32H7xx_HAL_Driver/Src/stm32h7xx_hal_dma2d.c ****   {
1319:Drivers/STM32H7xx_HAL_Driver/Src/stm32h7xx_hal_dma2d.c ****     reg  = &(hdma2d->Instance->FGPFCCR);
1320:Drivers/STM32H7xx_HAL_Driver/Src/stm32h7xx_hal_dma2d.c ****   }
1321:Drivers/STM32H7xx_HAL_Driver/Src/stm32h7xx_hal_dma2d.c **** 
1322:Drivers/STM32H7xx_HAL_Driver/Src/stm32h7xx_hal_dma2d.c ****   /* Get tick */
1323:Drivers/STM32H7xx_HAL_Driver/Src/stm32h7xx_hal_dma2d.c ****   tickstart = HAL_GetTick();
1324:Drivers/STM32H7xx_HAL_Driver/Src/stm32h7xx_hal_dma2d.c **** 
1325:Drivers/STM32H7xx_HAL_Driver/Src/stm32h7xx_hal_dma2d.c ****   /* Check if the CLUT loading is suspended */
1326:Drivers/STM32H7xx_HAL_Driver/Src/stm32h7xx_hal_dma2d.c ****   /* 1st condition: Suspend Check */
1327:Drivers/STM32H7xx_HAL_Driver/Src/stm32h7xx_hal_dma2d.c ****   loadsuspended = ((hdma2d->Instance->CR & DMA2D_CR_SUSP) == DMA2D_CR_SUSP) ? 1UL : 0UL;
1328:Drivers/STM32H7xx_HAL_Driver/Src/stm32h7xx_hal_dma2d.c ****   /* 2nd condition: Not Start Check */
1329:Drivers/STM32H7xx_HAL_Driver/Src/stm32h7xx_hal_dma2d.c ****   loadsuspended |= ((*reg & DMA2D_BGPFCCR_START) != DMA2D_BGPFCCR_START) ? 1UL : 0UL;
1330:Drivers/STM32H7xx_HAL_Driver/Src/stm32h7xx_hal_dma2d.c ****   while (loadsuspended == 0UL)
1331:Drivers/STM32H7xx_HAL_Driver/Src/stm32h7xx_hal_dma2d.c ****   {
1332:Drivers/STM32H7xx_HAL_Driver/Src/stm32h7xx_hal_dma2d.c ****     if ((HAL_GetTick() - tickstart) > DMA2D_TIMEOUT_SUSPEND)
1333:Drivers/STM32H7xx_HAL_Driver/Src/stm32h7xx_hal_dma2d.c ****     {
1334:Drivers/STM32H7xx_HAL_Driver/Src/stm32h7xx_hal_dma2d.c ****       /* Update error code */
1335:Drivers/STM32H7xx_HAL_Driver/Src/stm32h7xx_hal_dma2d.c ****       hdma2d->ErrorCode |= HAL_DMA2D_ERROR_TIMEOUT;
1336:Drivers/STM32H7xx_HAL_Driver/Src/stm32h7xx_hal_dma2d.c **** 
1337:Drivers/STM32H7xx_HAL_Driver/Src/stm32h7xx_hal_dma2d.c ****       /* Change the DMA2D state */
1338:Drivers/STM32H7xx_HAL_Driver/Src/stm32h7xx_hal_dma2d.c ****       hdma2d->State = HAL_DMA2D_STATE_TIMEOUT;
1339:Drivers/STM32H7xx_HAL_Driver/Src/stm32h7xx_hal_dma2d.c **** 
1340:Drivers/STM32H7xx_HAL_Driver/Src/stm32h7xx_hal_dma2d.c ****       return HAL_TIMEOUT;
1341:Drivers/STM32H7xx_HAL_Driver/Src/stm32h7xx_hal_dma2d.c ****     }
1342:Drivers/STM32H7xx_HAL_Driver/Src/stm32h7xx_hal_dma2d.c ****     /* 1st condition: Suspend Check */
ARM GAS  C:\msys64\tmp\ccU8cwaS.s 			page 25


1343:Drivers/STM32H7xx_HAL_Driver/Src/stm32h7xx_hal_dma2d.c ****     loadsuspended = ((hdma2d->Instance->CR & DMA2D_CR_SUSP) == DMA2D_CR_SUSP) ? 1UL : 0UL;
1344:Drivers/STM32H7xx_HAL_Driver/Src/stm32h7xx_hal_dma2d.c ****     /* 2nd condition: Not Start Check */
1345:Drivers/STM32H7xx_HAL_Driver/Src/stm32h7xx_hal_dma2d.c ****     loadsuspended |= ((*reg & DMA2D_BGPFCCR_START) != DMA2D_BGPFCCR_START) ? 1UL : 0UL;
1346:Drivers/STM32H7xx_HAL_Driver/Src/stm32h7xx_hal_dma2d.c ****   }
1347:Drivers/STM32H7xx_HAL_Driver/Src/stm32h7xx_hal_dma2d.c **** 
1348:Drivers/STM32H7xx_HAL_Driver/Src/stm32h7xx_hal_dma2d.c ****   /* Check whether or not a transfer is actually suspended and change the DMA2D state accordingly *
1349:Drivers/STM32H7xx_HAL_Driver/Src/stm32h7xx_hal_dma2d.c ****   if ((*reg & DMA2D_BGPFCCR_START) != 0U)
1350:Drivers/STM32H7xx_HAL_Driver/Src/stm32h7xx_hal_dma2d.c ****   {
1351:Drivers/STM32H7xx_HAL_Driver/Src/stm32h7xx_hal_dma2d.c ****     hdma2d->State = HAL_DMA2D_STATE_SUSPEND;
1352:Drivers/STM32H7xx_HAL_Driver/Src/stm32h7xx_hal_dma2d.c ****   }
1353:Drivers/STM32H7xx_HAL_Driver/Src/stm32h7xx_hal_dma2d.c ****   else
1354:Drivers/STM32H7xx_HAL_Driver/Src/stm32h7xx_hal_dma2d.c ****   {
1355:Drivers/STM32H7xx_HAL_Driver/Src/stm32h7xx_hal_dma2d.c ****     /* Make sure SUSP bit is cleared since it is meaningless
1356:Drivers/STM32H7xx_HAL_Driver/Src/stm32h7xx_hal_dma2d.c ****        when no transfer is on-going */
1357:Drivers/STM32H7xx_HAL_Driver/Src/stm32h7xx_hal_dma2d.c ****     CLEAR_BIT(hdma2d->Instance->CR, DMA2D_CR_SUSP);
1358:Drivers/STM32H7xx_HAL_Driver/Src/stm32h7xx_hal_dma2d.c ****   }
1359:Drivers/STM32H7xx_HAL_Driver/Src/stm32h7xx_hal_dma2d.c **** 
1360:Drivers/STM32H7xx_HAL_Driver/Src/stm32h7xx_hal_dma2d.c ****   return HAL_OK;
1361:Drivers/STM32H7xx_HAL_Driver/Src/stm32h7xx_hal_dma2d.c **** }
1362:Drivers/STM32H7xx_HAL_Driver/Src/stm32h7xx_hal_dma2d.c **** 
1363:Drivers/STM32H7xx_HAL_Driver/Src/stm32h7xx_hal_dma2d.c **** /**
1364:Drivers/STM32H7xx_HAL_Driver/Src/stm32h7xx_hal_dma2d.c ****   * @brief  Resume the DMA2D CLUT loading.
1365:Drivers/STM32H7xx_HAL_Driver/Src/stm32h7xx_hal_dma2d.c ****   * @param  hdma2d pointer to a DMA2D_HandleTypeDef structure that contains
1366:Drivers/STM32H7xx_HAL_Driver/Src/stm32h7xx_hal_dma2d.c ****   *                 the configuration information for the DMA2D.
1367:Drivers/STM32H7xx_HAL_Driver/Src/stm32h7xx_hal_dma2d.c ****   * @param  LayerIdx DMA2D Layer index.
1368:Drivers/STM32H7xx_HAL_Driver/Src/stm32h7xx_hal_dma2d.c ****   *                   This parameter can be one of the following values:
1369:Drivers/STM32H7xx_HAL_Driver/Src/stm32h7xx_hal_dma2d.c ****   *                   DMA2D_BACKGROUND_LAYER(0) / DMA2D_FOREGROUND_LAYER(1)
1370:Drivers/STM32H7xx_HAL_Driver/Src/stm32h7xx_hal_dma2d.c ****   * @retval HAL status
1371:Drivers/STM32H7xx_HAL_Driver/Src/stm32h7xx_hal_dma2d.c ****   */
1372:Drivers/STM32H7xx_HAL_Driver/Src/stm32h7xx_hal_dma2d.c **** HAL_StatusTypeDef HAL_DMA2D_CLUTLoading_Resume(DMA2D_HandleTypeDef *hdma2d, uint32_t LayerIdx)
1373:Drivers/STM32H7xx_HAL_Driver/Src/stm32h7xx_hal_dma2d.c **** {
1374:Drivers/STM32H7xx_HAL_Driver/Src/stm32h7xx_hal_dma2d.c ****   /* Check the SUSP and START bits for background or foreground CLUT loading */
1375:Drivers/STM32H7xx_HAL_Driver/Src/stm32h7xx_hal_dma2d.c ****   if (LayerIdx == DMA2D_BACKGROUND_LAYER)
1376:Drivers/STM32H7xx_HAL_Driver/Src/stm32h7xx_hal_dma2d.c ****   {
1377:Drivers/STM32H7xx_HAL_Driver/Src/stm32h7xx_hal_dma2d.c ****     /* Background CLUT loading suspension check */
1378:Drivers/STM32H7xx_HAL_Driver/Src/stm32h7xx_hal_dma2d.c ****     if ((hdma2d->Instance->CR & DMA2D_CR_SUSP) == DMA2D_CR_SUSP)
1379:Drivers/STM32H7xx_HAL_Driver/Src/stm32h7xx_hal_dma2d.c ****     {
1380:Drivers/STM32H7xx_HAL_Driver/Src/stm32h7xx_hal_dma2d.c ****       if ((hdma2d->Instance->BGPFCCR & DMA2D_BGPFCCR_START) == DMA2D_BGPFCCR_START)
1381:Drivers/STM32H7xx_HAL_Driver/Src/stm32h7xx_hal_dma2d.c ****       {
1382:Drivers/STM32H7xx_HAL_Driver/Src/stm32h7xx_hal_dma2d.c ****         /* Ongoing CLUT loading is suspended: change the DMA2D state before resuming */
1383:Drivers/STM32H7xx_HAL_Driver/Src/stm32h7xx_hal_dma2d.c ****         hdma2d->State = HAL_DMA2D_STATE_BUSY;
1384:Drivers/STM32H7xx_HAL_Driver/Src/stm32h7xx_hal_dma2d.c ****       }
1385:Drivers/STM32H7xx_HAL_Driver/Src/stm32h7xx_hal_dma2d.c ****     }
1386:Drivers/STM32H7xx_HAL_Driver/Src/stm32h7xx_hal_dma2d.c ****   }
1387:Drivers/STM32H7xx_HAL_Driver/Src/stm32h7xx_hal_dma2d.c ****   else
1388:Drivers/STM32H7xx_HAL_Driver/Src/stm32h7xx_hal_dma2d.c ****   {
1389:Drivers/STM32H7xx_HAL_Driver/Src/stm32h7xx_hal_dma2d.c ****     /* Foreground CLUT loading suspension check */
1390:Drivers/STM32H7xx_HAL_Driver/Src/stm32h7xx_hal_dma2d.c ****     if ((hdma2d->Instance->CR & DMA2D_CR_SUSP) == DMA2D_CR_SUSP)
1391:Drivers/STM32H7xx_HAL_Driver/Src/stm32h7xx_hal_dma2d.c ****     {
1392:Drivers/STM32H7xx_HAL_Driver/Src/stm32h7xx_hal_dma2d.c ****       if ((hdma2d->Instance->FGPFCCR & DMA2D_FGPFCCR_START) == DMA2D_FGPFCCR_START)
1393:Drivers/STM32H7xx_HAL_Driver/Src/stm32h7xx_hal_dma2d.c ****       {
1394:Drivers/STM32H7xx_HAL_Driver/Src/stm32h7xx_hal_dma2d.c ****         /* Ongoing CLUT loading is suspended: change the DMA2D state before resuming */
1395:Drivers/STM32H7xx_HAL_Driver/Src/stm32h7xx_hal_dma2d.c ****         hdma2d->State = HAL_DMA2D_STATE_BUSY;
1396:Drivers/STM32H7xx_HAL_Driver/Src/stm32h7xx_hal_dma2d.c ****       }
1397:Drivers/STM32H7xx_HAL_Driver/Src/stm32h7xx_hal_dma2d.c ****     }
1398:Drivers/STM32H7xx_HAL_Driver/Src/stm32h7xx_hal_dma2d.c ****   }
1399:Drivers/STM32H7xx_HAL_Driver/Src/stm32h7xx_hal_dma2d.c **** 
ARM GAS  C:\msys64\tmp\ccU8cwaS.s 			page 26


1400:Drivers/STM32H7xx_HAL_Driver/Src/stm32h7xx_hal_dma2d.c ****   /* Resume the CLUT loading */
1401:Drivers/STM32H7xx_HAL_Driver/Src/stm32h7xx_hal_dma2d.c ****   CLEAR_BIT(hdma2d->Instance->CR, DMA2D_CR_SUSP);
1402:Drivers/STM32H7xx_HAL_Driver/Src/stm32h7xx_hal_dma2d.c **** 
1403:Drivers/STM32H7xx_HAL_Driver/Src/stm32h7xx_hal_dma2d.c ****   return HAL_OK;
1404:Drivers/STM32H7xx_HAL_Driver/Src/stm32h7xx_hal_dma2d.c **** }
1405:Drivers/STM32H7xx_HAL_Driver/Src/stm32h7xx_hal_dma2d.c **** 
1406:Drivers/STM32H7xx_HAL_Driver/Src/stm32h7xx_hal_dma2d.c **** 
1407:Drivers/STM32H7xx_HAL_Driver/Src/stm32h7xx_hal_dma2d.c **** /**
1408:Drivers/STM32H7xx_HAL_Driver/Src/stm32h7xx_hal_dma2d.c **** 
1409:Drivers/STM32H7xx_HAL_Driver/Src/stm32h7xx_hal_dma2d.c ****   * @brief  Polling for transfer complete or CLUT loading.
1410:Drivers/STM32H7xx_HAL_Driver/Src/stm32h7xx_hal_dma2d.c ****   * @param  hdma2d Pointer to a DMA2D_HandleTypeDef structure that contains
1411:Drivers/STM32H7xx_HAL_Driver/Src/stm32h7xx_hal_dma2d.c ****   *                 the configuration information for the DMA2D.
1412:Drivers/STM32H7xx_HAL_Driver/Src/stm32h7xx_hal_dma2d.c ****   * @param  Timeout Timeout duration
1413:Drivers/STM32H7xx_HAL_Driver/Src/stm32h7xx_hal_dma2d.c ****   * @retval HAL status
1414:Drivers/STM32H7xx_HAL_Driver/Src/stm32h7xx_hal_dma2d.c ****   */
1415:Drivers/STM32H7xx_HAL_Driver/Src/stm32h7xx_hal_dma2d.c **** HAL_StatusTypeDef HAL_DMA2D_PollForTransfer(DMA2D_HandleTypeDef *hdma2d, uint32_t Timeout)
1416:Drivers/STM32H7xx_HAL_Driver/Src/stm32h7xx_hal_dma2d.c **** {
1417:Drivers/STM32H7xx_HAL_Driver/Src/stm32h7xx_hal_dma2d.c ****   uint32_t tickstart;
1418:Drivers/STM32H7xx_HAL_Driver/Src/stm32h7xx_hal_dma2d.c ****   uint32_t layer_start;
1419:Drivers/STM32H7xx_HAL_Driver/Src/stm32h7xx_hal_dma2d.c ****   __IO uint32_t isrflags = 0x0U;
1420:Drivers/STM32H7xx_HAL_Driver/Src/stm32h7xx_hal_dma2d.c **** 
1421:Drivers/STM32H7xx_HAL_Driver/Src/stm32h7xx_hal_dma2d.c ****   /* Polling for DMA2D transfer */
1422:Drivers/STM32H7xx_HAL_Driver/Src/stm32h7xx_hal_dma2d.c ****   if ((hdma2d->Instance->CR & DMA2D_CR_START) != 0U)
1423:Drivers/STM32H7xx_HAL_Driver/Src/stm32h7xx_hal_dma2d.c ****   {
1424:Drivers/STM32H7xx_HAL_Driver/Src/stm32h7xx_hal_dma2d.c ****     /* Get tick */
1425:Drivers/STM32H7xx_HAL_Driver/Src/stm32h7xx_hal_dma2d.c ****     tickstart = HAL_GetTick();
1426:Drivers/STM32H7xx_HAL_Driver/Src/stm32h7xx_hal_dma2d.c **** 
1427:Drivers/STM32H7xx_HAL_Driver/Src/stm32h7xx_hal_dma2d.c ****     while (__HAL_DMA2D_GET_FLAG(hdma2d, DMA2D_FLAG_TC) == 0U)
1428:Drivers/STM32H7xx_HAL_Driver/Src/stm32h7xx_hal_dma2d.c ****     {
1429:Drivers/STM32H7xx_HAL_Driver/Src/stm32h7xx_hal_dma2d.c ****       isrflags = READ_REG(hdma2d->Instance->ISR);
1430:Drivers/STM32H7xx_HAL_Driver/Src/stm32h7xx_hal_dma2d.c ****       if ((isrflags & (DMA2D_FLAG_CE | DMA2D_FLAG_TE)) != 0U)
1431:Drivers/STM32H7xx_HAL_Driver/Src/stm32h7xx_hal_dma2d.c ****       {
1432:Drivers/STM32H7xx_HAL_Driver/Src/stm32h7xx_hal_dma2d.c ****         if ((isrflags & DMA2D_FLAG_CE) != 0U)
1433:Drivers/STM32H7xx_HAL_Driver/Src/stm32h7xx_hal_dma2d.c ****         {
1434:Drivers/STM32H7xx_HAL_Driver/Src/stm32h7xx_hal_dma2d.c ****           hdma2d->ErrorCode |= HAL_DMA2D_ERROR_CE;
1435:Drivers/STM32H7xx_HAL_Driver/Src/stm32h7xx_hal_dma2d.c ****         }
1436:Drivers/STM32H7xx_HAL_Driver/Src/stm32h7xx_hal_dma2d.c ****         if ((isrflags & DMA2D_FLAG_TE) != 0U)
1437:Drivers/STM32H7xx_HAL_Driver/Src/stm32h7xx_hal_dma2d.c ****         {
1438:Drivers/STM32H7xx_HAL_Driver/Src/stm32h7xx_hal_dma2d.c ****           hdma2d->ErrorCode |= HAL_DMA2D_ERROR_TE;
1439:Drivers/STM32H7xx_HAL_Driver/Src/stm32h7xx_hal_dma2d.c ****         }
1440:Drivers/STM32H7xx_HAL_Driver/Src/stm32h7xx_hal_dma2d.c ****         /* Clear the transfer and configuration error flags */
1441:Drivers/STM32H7xx_HAL_Driver/Src/stm32h7xx_hal_dma2d.c ****         __HAL_DMA2D_CLEAR_FLAG(hdma2d, DMA2D_FLAG_CE | DMA2D_FLAG_TE);
1442:Drivers/STM32H7xx_HAL_Driver/Src/stm32h7xx_hal_dma2d.c **** 
1443:Drivers/STM32H7xx_HAL_Driver/Src/stm32h7xx_hal_dma2d.c ****         /* Change DMA2D state */
1444:Drivers/STM32H7xx_HAL_Driver/Src/stm32h7xx_hal_dma2d.c ****         hdma2d->State = HAL_DMA2D_STATE_ERROR;
1445:Drivers/STM32H7xx_HAL_Driver/Src/stm32h7xx_hal_dma2d.c **** 
1446:Drivers/STM32H7xx_HAL_Driver/Src/stm32h7xx_hal_dma2d.c ****         /* Process unlocked */
1447:Drivers/STM32H7xx_HAL_Driver/Src/stm32h7xx_hal_dma2d.c ****         __HAL_UNLOCK(hdma2d);
1448:Drivers/STM32H7xx_HAL_Driver/Src/stm32h7xx_hal_dma2d.c **** 
1449:Drivers/STM32H7xx_HAL_Driver/Src/stm32h7xx_hal_dma2d.c ****         return HAL_ERROR;
1450:Drivers/STM32H7xx_HAL_Driver/Src/stm32h7xx_hal_dma2d.c ****       }
1451:Drivers/STM32H7xx_HAL_Driver/Src/stm32h7xx_hal_dma2d.c ****       /* Check for the Timeout */
1452:Drivers/STM32H7xx_HAL_Driver/Src/stm32h7xx_hal_dma2d.c ****       if (Timeout != HAL_MAX_DELAY)
1453:Drivers/STM32H7xx_HAL_Driver/Src/stm32h7xx_hal_dma2d.c ****       {
1454:Drivers/STM32H7xx_HAL_Driver/Src/stm32h7xx_hal_dma2d.c ****         if (((HAL_GetTick() - tickstart) > Timeout) || (Timeout == 0U))
1455:Drivers/STM32H7xx_HAL_Driver/Src/stm32h7xx_hal_dma2d.c ****         {
1456:Drivers/STM32H7xx_HAL_Driver/Src/stm32h7xx_hal_dma2d.c ****           /* Update error code */
ARM GAS  C:\msys64\tmp\ccU8cwaS.s 			page 27


1457:Drivers/STM32H7xx_HAL_Driver/Src/stm32h7xx_hal_dma2d.c ****           hdma2d->ErrorCode |= HAL_DMA2D_ERROR_TIMEOUT;
1458:Drivers/STM32H7xx_HAL_Driver/Src/stm32h7xx_hal_dma2d.c **** 
1459:Drivers/STM32H7xx_HAL_Driver/Src/stm32h7xx_hal_dma2d.c ****           /* Change the DMA2D state */
1460:Drivers/STM32H7xx_HAL_Driver/Src/stm32h7xx_hal_dma2d.c ****           hdma2d->State = HAL_DMA2D_STATE_TIMEOUT;
1461:Drivers/STM32H7xx_HAL_Driver/Src/stm32h7xx_hal_dma2d.c **** 
1462:Drivers/STM32H7xx_HAL_Driver/Src/stm32h7xx_hal_dma2d.c ****           /* Process unlocked */
1463:Drivers/STM32H7xx_HAL_Driver/Src/stm32h7xx_hal_dma2d.c ****           __HAL_UNLOCK(hdma2d);
1464:Drivers/STM32H7xx_HAL_Driver/Src/stm32h7xx_hal_dma2d.c **** 
1465:Drivers/STM32H7xx_HAL_Driver/Src/stm32h7xx_hal_dma2d.c ****           return HAL_TIMEOUT;
1466:Drivers/STM32H7xx_HAL_Driver/Src/stm32h7xx_hal_dma2d.c ****         }
1467:Drivers/STM32H7xx_HAL_Driver/Src/stm32h7xx_hal_dma2d.c ****       }
1468:Drivers/STM32H7xx_HAL_Driver/Src/stm32h7xx_hal_dma2d.c ****     }
1469:Drivers/STM32H7xx_HAL_Driver/Src/stm32h7xx_hal_dma2d.c ****   }
1470:Drivers/STM32H7xx_HAL_Driver/Src/stm32h7xx_hal_dma2d.c ****   /* Polling for CLUT loading (foreground or background) */
1471:Drivers/STM32H7xx_HAL_Driver/Src/stm32h7xx_hal_dma2d.c ****   layer_start = hdma2d->Instance->FGPFCCR & DMA2D_FGPFCCR_START;
1472:Drivers/STM32H7xx_HAL_Driver/Src/stm32h7xx_hal_dma2d.c ****   layer_start |= hdma2d->Instance->BGPFCCR & DMA2D_BGPFCCR_START;
1473:Drivers/STM32H7xx_HAL_Driver/Src/stm32h7xx_hal_dma2d.c ****   if (layer_start != 0U)
1474:Drivers/STM32H7xx_HAL_Driver/Src/stm32h7xx_hal_dma2d.c ****   {
1475:Drivers/STM32H7xx_HAL_Driver/Src/stm32h7xx_hal_dma2d.c ****     /* Get tick */
1476:Drivers/STM32H7xx_HAL_Driver/Src/stm32h7xx_hal_dma2d.c ****     tickstart = HAL_GetTick();
1477:Drivers/STM32H7xx_HAL_Driver/Src/stm32h7xx_hal_dma2d.c **** 
1478:Drivers/STM32H7xx_HAL_Driver/Src/stm32h7xx_hal_dma2d.c ****     while (__HAL_DMA2D_GET_FLAG(hdma2d, DMA2D_FLAG_CTC) == 0U)
1479:Drivers/STM32H7xx_HAL_Driver/Src/stm32h7xx_hal_dma2d.c ****     {
1480:Drivers/STM32H7xx_HAL_Driver/Src/stm32h7xx_hal_dma2d.c ****       isrflags = READ_REG(hdma2d->Instance->ISR);
1481:Drivers/STM32H7xx_HAL_Driver/Src/stm32h7xx_hal_dma2d.c ****       if ((isrflags & (DMA2D_FLAG_CAE | DMA2D_FLAG_CE | DMA2D_FLAG_TE)) != 0U)
1482:Drivers/STM32H7xx_HAL_Driver/Src/stm32h7xx_hal_dma2d.c ****       {
1483:Drivers/STM32H7xx_HAL_Driver/Src/stm32h7xx_hal_dma2d.c ****         if ((isrflags & DMA2D_FLAG_CAE) != 0U)
1484:Drivers/STM32H7xx_HAL_Driver/Src/stm32h7xx_hal_dma2d.c ****         {
1485:Drivers/STM32H7xx_HAL_Driver/Src/stm32h7xx_hal_dma2d.c ****           hdma2d->ErrorCode |= HAL_DMA2D_ERROR_CAE;
1486:Drivers/STM32H7xx_HAL_Driver/Src/stm32h7xx_hal_dma2d.c ****         }
1487:Drivers/STM32H7xx_HAL_Driver/Src/stm32h7xx_hal_dma2d.c ****         if ((isrflags & DMA2D_FLAG_CE) != 0U)
1488:Drivers/STM32H7xx_HAL_Driver/Src/stm32h7xx_hal_dma2d.c ****         {
1489:Drivers/STM32H7xx_HAL_Driver/Src/stm32h7xx_hal_dma2d.c ****           hdma2d->ErrorCode |= HAL_DMA2D_ERROR_CE;
1490:Drivers/STM32H7xx_HAL_Driver/Src/stm32h7xx_hal_dma2d.c ****         }
1491:Drivers/STM32H7xx_HAL_Driver/Src/stm32h7xx_hal_dma2d.c ****         if ((isrflags & DMA2D_FLAG_TE) != 0U)
1492:Drivers/STM32H7xx_HAL_Driver/Src/stm32h7xx_hal_dma2d.c ****         {
1493:Drivers/STM32H7xx_HAL_Driver/Src/stm32h7xx_hal_dma2d.c ****           hdma2d->ErrorCode |= HAL_DMA2D_ERROR_TE;
1494:Drivers/STM32H7xx_HAL_Driver/Src/stm32h7xx_hal_dma2d.c ****         }
1495:Drivers/STM32H7xx_HAL_Driver/Src/stm32h7xx_hal_dma2d.c ****         /* Clear the CLUT Access Error, Configuration Error and Transfer Error flags */
1496:Drivers/STM32H7xx_HAL_Driver/Src/stm32h7xx_hal_dma2d.c ****         __HAL_DMA2D_CLEAR_FLAG(hdma2d, DMA2D_FLAG_CAE | DMA2D_FLAG_CE | DMA2D_FLAG_TE);
1497:Drivers/STM32H7xx_HAL_Driver/Src/stm32h7xx_hal_dma2d.c **** 
1498:Drivers/STM32H7xx_HAL_Driver/Src/stm32h7xx_hal_dma2d.c ****         /* Change DMA2D state */
1499:Drivers/STM32H7xx_HAL_Driver/Src/stm32h7xx_hal_dma2d.c ****         hdma2d->State = HAL_DMA2D_STATE_ERROR;
1500:Drivers/STM32H7xx_HAL_Driver/Src/stm32h7xx_hal_dma2d.c **** 
1501:Drivers/STM32H7xx_HAL_Driver/Src/stm32h7xx_hal_dma2d.c ****         /* Process unlocked */
1502:Drivers/STM32H7xx_HAL_Driver/Src/stm32h7xx_hal_dma2d.c ****         __HAL_UNLOCK(hdma2d);
1503:Drivers/STM32H7xx_HAL_Driver/Src/stm32h7xx_hal_dma2d.c **** 
1504:Drivers/STM32H7xx_HAL_Driver/Src/stm32h7xx_hal_dma2d.c ****         return HAL_ERROR;
1505:Drivers/STM32H7xx_HAL_Driver/Src/stm32h7xx_hal_dma2d.c ****       }
1506:Drivers/STM32H7xx_HAL_Driver/Src/stm32h7xx_hal_dma2d.c ****       /* Check for the Timeout */
1507:Drivers/STM32H7xx_HAL_Driver/Src/stm32h7xx_hal_dma2d.c ****       if (Timeout != HAL_MAX_DELAY)
1508:Drivers/STM32H7xx_HAL_Driver/Src/stm32h7xx_hal_dma2d.c ****       {
1509:Drivers/STM32H7xx_HAL_Driver/Src/stm32h7xx_hal_dma2d.c ****         if (((HAL_GetTick() - tickstart) > Timeout) || (Timeout == 0U))
1510:Drivers/STM32H7xx_HAL_Driver/Src/stm32h7xx_hal_dma2d.c ****         {
1511:Drivers/STM32H7xx_HAL_Driver/Src/stm32h7xx_hal_dma2d.c ****           /* Update error code */
1512:Drivers/STM32H7xx_HAL_Driver/Src/stm32h7xx_hal_dma2d.c ****           hdma2d->ErrorCode |= HAL_DMA2D_ERROR_TIMEOUT;
1513:Drivers/STM32H7xx_HAL_Driver/Src/stm32h7xx_hal_dma2d.c **** 
ARM GAS  C:\msys64\tmp\ccU8cwaS.s 			page 28


1514:Drivers/STM32H7xx_HAL_Driver/Src/stm32h7xx_hal_dma2d.c ****           /* Change the DMA2D state */
1515:Drivers/STM32H7xx_HAL_Driver/Src/stm32h7xx_hal_dma2d.c ****           hdma2d->State = HAL_DMA2D_STATE_TIMEOUT;
1516:Drivers/STM32H7xx_HAL_Driver/Src/stm32h7xx_hal_dma2d.c **** 
1517:Drivers/STM32H7xx_HAL_Driver/Src/stm32h7xx_hal_dma2d.c ****           /* Process unlocked */
1518:Drivers/STM32H7xx_HAL_Driver/Src/stm32h7xx_hal_dma2d.c ****           __HAL_UNLOCK(hdma2d);
1519:Drivers/STM32H7xx_HAL_Driver/Src/stm32h7xx_hal_dma2d.c **** 
1520:Drivers/STM32H7xx_HAL_Driver/Src/stm32h7xx_hal_dma2d.c ****           return HAL_TIMEOUT;
1521:Drivers/STM32H7xx_HAL_Driver/Src/stm32h7xx_hal_dma2d.c ****         }
1522:Drivers/STM32H7xx_HAL_Driver/Src/stm32h7xx_hal_dma2d.c ****       }
1523:Drivers/STM32H7xx_HAL_Driver/Src/stm32h7xx_hal_dma2d.c ****     }
1524:Drivers/STM32H7xx_HAL_Driver/Src/stm32h7xx_hal_dma2d.c ****   }
1525:Drivers/STM32H7xx_HAL_Driver/Src/stm32h7xx_hal_dma2d.c **** 
1526:Drivers/STM32H7xx_HAL_Driver/Src/stm32h7xx_hal_dma2d.c ****   /* Clear the transfer complete and CLUT loading flags */
1527:Drivers/STM32H7xx_HAL_Driver/Src/stm32h7xx_hal_dma2d.c ****   __HAL_DMA2D_CLEAR_FLAG(hdma2d, DMA2D_FLAG_TC | DMA2D_FLAG_CTC);
1528:Drivers/STM32H7xx_HAL_Driver/Src/stm32h7xx_hal_dma2d.c **** 
1529:Drivers/STM32H7xx_HAL_Driver/Src/stm32h7xx_hal_dma2d.c ****   /* Change DMA2D state */
1530:Drivers/STM32H7xx_HAL_Driver/Src/stm32h7xx_hal_dma2d.c ****   hdma2d->State = HAL_DMA2D_STATE_READY;
1531:Drivers/STM32H7xx_HAL_Driver/Src/stm32h7xx_hal_dma2d.c **** 
1532:Drivers/STM32H7xx_HAL_Driver/Src/stm32h7xx_hal_dma2d.c ****   /* Process unlocked */
1533:Drivers/STM32H7xx_HAL_Driver/Src/stm32h7xx_hal_dma2d.c ****   __HAL_UNLOCK(hdma2d);
1534:Drivers/STM32H7xx_HAL_Driver/Src/stm32h7xx_hal_dma2d.c **** 
1535:Drivers/STM32H7xx_HAL_Driver/Src/stm32h7xx_hal_dma2d.c ****   return HAL_OK;
1536:Drivers/STM32H7xx_HAL_Driver/Src/stm32h7xx_hal_dma2d.c **** }
1537:Drivers/STM32H7xx_HAL_Driver/Src/stm32h7xx_hal_dma2d.c **** /**
1538:Drivers/STM32H7xx_HAL_Driver/Src/stm32h7xx_hal_dma2d.c ****   * @brief  Handle DMA2D interrupt request.
1539:Drivers/STM32H7xx_HAL_Driver/Src/stm32h7xx_hal_dma2d.c ****   * @param  hdma2d Pointer to a DMA2D_HandleTypeDef structure that contains
1540:Drivers/STM32H7xx_HAL_Driver/Src/stm32h7xx_hal_dma2d.c ****   *                 the configuration information for the DMA2D.
1541:Drivers/STM32H7xx_HAL_Driver/Src/stm32h7xx_hal_dma2d.c ****   * @retval HAL status
1542:Drivers/STM32H7xx_HAL_Driver/Src/stm32h7xx_hal_dma2d.c ****   */
1543:Drivers/STM32H7xx_HAL_Driver/Src/stm32h7xx_hal_dma2d.c **** void HAL_DMA2D_IRQHandler(DMA2D_HandleTypeDef *hdma2d)
1544:Drivers/STM32H7xx_HAL_Driver/Src/stm32h7xx_hal_dma2d.c **** {
1545:Drivers/STM32H7xx_HAL_Driver/Src/stm32h7xx_hal_dma2d.c ****   uint32_t isrflags = READ_REG(hdma2d->Instance->ISR);
1546:Drivers/STM32H7xx_HAL_Driver/Src/stm32h7xx_hal_dma2d.c ****   uint32_t crflags = READ_REG(hdma2d->Instance->CR);
1547:Drivers/STM32H7xx_HAL_Driver/Src/stm32h7xx_hal_dma2d.c **** 
1548:Drivers/STM32H7xx_HAL_Driver/Src/stm32h7xx_hal_dma2d.c ****   /* Transfer Error Interrupt management ***************************************/
1549:Drivers/STM32H7xx_HAL_Driver/Src/stm32h7xx_hal_dma2d.c ****   if ((isrflags & DMA2D_FLAG_TE) != 0U)
1550:Drivers/STM32H7xx_HAL_Driver/Src/stm32h7xx_hal_dma2d.c ****   {
1551:Drivers/STM32H7xx_HAL_Driver/Src/stm32h7xx_hal_dma2d.c ****     if ((crflags & DMA2D_IT_TE) != 0U)
1552:Drivers/STM32H7xx_HAL_Driver/Src/stm32h7xx_hal_dma2d.c ****     {
1553:Drivers/STM32H7xx_HAL_Driver/Src/stm32h7xx_hal_dma2d.c ****       /* Disable the transfer Error interrupt */
1554:Drivers/STM32H7xx_HAL_Driver/Src/stm32h7xx_hal_dma2d.c ****       __HAL_DMA2D_DISABLE_IT(hdma2d, DMA2D_IT_TE);
1555:Drivers/STM32H7xx_HAL_Driver/Src/stm32h7xx_hal_dma2d.c **** 
1556:Drivers/STM32H7xx_HAL_Driver/Src/stm32h7xx_hal_dma2d.c ****       /* Update error code */
1557:Drivers/STM32H7xx_HAL_Driver/Src/stm32h7xx_hal_dma2d.c ****       hdma2d->ErrorCode |= HAL_DMA2D_ERROR_TE;
1558:Drivers/STM32H7xx_HAL_Driver/Src/stm32h7xx_hal_dma2d.c **** 
1559:Drivers/STM32H7xx_HAL_Driver/Src/stm32h7xx_hal_dma2d.c ****       /* Clear the transfer error flag */
1560:Drivers/STM32H7xx_HAL_Driver/Src/stm32h7xx_hal_dma2d.c ****       __HAL_DMA2D_CLEAR_FLAG(hdma2d, DMA2D_FLAG_TE);
1561:Drivers/STM32H7xx_HAL_Driver/Src/stm32h7xx_hal_dma2d.c **** 
1562:Drivers/STM32H7xx_HAL_Driver/Src/stm32h7xx_hal_dma2d.c ****       /* Change DMA2D state */
1563:Drivers/STM32H7xx_HAL_Driver/Src/stm32h7xx_hal_dma2d.c ****       hdma2d->State = HAL_DMA2D_STATE_ERROR;
1564:Drivers/STM32H7xx_HAL_Driver/Src/stm32h7xx_hal_dma2d.c **** 
1565:Drivers/STM32H7xx_HAL_Driver/Src/stm32h7xx_hal_dma2d.c ****       /* Process Unlocked */
1566:Drivers/STM32H7xx_HAL_Driver/Src/stm32h7xx_hal_dma2d.c ****       __HAL_UNLOCK(hdma2d);
1567:Drivers/STM32H7xx_HAL_Driver/Src/stm32h7xx_hal_dma2d.c **** 
1568:Drivers/STM32H7xx_HAL_Driver/Src/stm32h7xx_hal_dma2d.c ****       if (hdma2d->XferErrorCallback != NULL)
1569:Drivers/STM32H7xx_HAL_Driver/Src/stm32h7xx_hal_dma2d.c ****       {
1570:Drivers/STM32H7xx_HAL_Driver/Src/stm32h7xx_hal_dma2d.c ****         /* Transfer error Callback */
ARM GAS  C:\msys64\tmp\ccU8cwaS.s 			page 29


1571:Drivers/STM32H7xx_HAL_Driver/Src/stm32h7xx_hal_dma2d.c ****         hdma2d->XferErrorCallback(hdma2d);
1572:Drivers/STM32H7xx_HAL_Driver/Src/stm32h7xx_hal_dma2d.c ****       }
1573:Drivers/STM32H7xx_HAL_Driver/Src/stm32h7xx_hal_dma2d.c ****     }
1574:Drivers/STM32H7xx_HAL_Driver/Src/stm32h7xx_hal_dma2d.c ****   }
1575:Drivers/STM32H7xx_HAL_Driver/Src/stm32h7xx_hal_dma2d.c ****   /* Configuration Error Interrupt management **********************************/
1576:Drivers/STM32H7xx_HAL_Driver/Src/stm32h7xx_hal_dma2d.c ****   if ((isrflags & DMA2D_FLAG_CE) != 0U)
1577:Drivers/STM32H7xx_HAL_Driver/Src/stm32h7xx_hal_dma2d.c ****   {
1578:Drivers/STM32H7xx_HAL_Driver/Src/stm32h7xx_hal_dma2d.c ****     if ((crflags & DMA2D_IT_CE) != 0U)
1579:Drivers/STM32H7xx_HAL_Driver/Src/stm32h7xx_hal_dma2d.c ****     {
1580:Drivers/STM32H7xx_HAL_Driver/Src/stm32h7xx_hal_dma2d.c ****       /* Disable the Configuration Error interrupt */
1581:Drivers/STM32H7xx_HAL_Driver/Src/stm32h7xx_hal_dma2d.c ****       __HAL_DMA2D_DISABLE_IT(hdma2d, DMA2D_IT_CE);
1582:Drivers/STM32H7xx_HAL_Driver/Src/stm32h7xx_hal_dma2d.c **** 
1583:Drivers/STM32H7xx_HAL_Driver/Src/stm32h7xx_hal_dma2d.c ****       /* Clear the Configuration error flag */
1584:Drivers/STM32H7xx_HAL_Driver/Src/stm32h7xx_hal_dma2d.c ****       __HAL_DMA2D_CLEAR_FLAG(hdma2d, DMA2D_FLAG_CE);
1585:Drivers/STM32H7xx_HAL_Driver/Src/stm32h7xx_hal_dma2d.c **** 
1586:Drivers/STM32H7xx_HAL_Driver/Src/stm32h7xx_hal_dma2d.c ****       /* Update error code */
1587:Drivers/STM32H7xx_HAL_Driver/Src/stm32h7xx_hal_dma2d.c ****       hdma2d->ErrorCode |= HAL_DMA2D_ERROR_CE;
1588:Drivers/STM32H7xx_HAL_Driver/Src/stm32h7xx_hal_dma2d.c **** 
1589:Drivers/STM32H7xx_HAL_Driver/Src/stm32h7xx_hal_dma2d.c ****       /* Change DMA2D state */
1590:Drivers/STM32H7xx_HAL_Driver/Src/stm32h7xx_hal_dma2d.c ****       hdma2d->State = HAL_DMA2D_STATE_ERROR;
1591:Drivers/STM32H7xx_HAL_Driver/Src/stm32h7xx_hal_dma2d.c **** 
1592:Drivers/STM32H7xx_HAL_Driver/Src/stm32h7xx_hal_dma2d.c ****       /* Process Unlocked */
1593:Drivers/STM32H7xx_HAL_Driver/Src/stm32h7xx_hal_dma2d.c ****       __HAL_UNLOCK(hdma2d);
1594:Drivers/STM32H7xx_HAL_Driver/Src/stm32h7xx_hal_dma2d.c **** 
1595:Drivers/STM32H7xx_HAL_Driver/Src/stm32h7xx_hal_dma2d.c ****       if (hdma2d->XferErrorCallback != NULL)
1596:Drivers/STM32H7xx_HAL_Driver/Src/stm32h7xx_hal_dma2d.c ****       {
1597:Drivers/STM32H7xx_HAL_Driver/Src/stm32h7xx_hal_dma2d.c ****         /* Transfer error Callback */
1598:Drivers/STM32H7xx_HAL_Driver/Src/stm32h7xx_hal_dma2d.c ****         hdma2d->XferErrorCallback(hdma2d);
1599:Drivers/STM32H7xx_HAL_Driver/Src/stm32h7xx_hal_dma2d.c ****       }
1600:Drivers/STM32H7xx_HAL_Driver/Src/stm32h7xx_hal_dma2d.c ****     }
1601:Drivers/STM32H7xx_HAL_Driver/Src/stm32h7xx_hal_dma2d.c ****   }
1602:Drivers/STM32H7xx_HAL_Driver/Src/stm32h7xx_hal_dma2d.c ****   /* CLUT access Error Interrupt management ***********************************/
1603:Drivers/STM32H7xx_HAL_Driver/Src/stm32h7xx_hal_dma2d.c ****   if ((isrflags & DMA2D_FLAG_CAE) != 0U)
1604:Drivers/STM32H7xx_HAL_Driver/Src/stm32h7xx_hal_dma2d.c ****   {
1605:Drivers/STM32H7xx_HAL_Driver/Src/stm32h7xx_hal_dma2d.c ****     if ((crflags & DMA2D_IT_CAE) != 0U)
1606:Drivers/STM32H7xx_HAL_Driver/Src/stm32h7xx_hal_dma2d.c ****     {
1607:Drivers/STM32H7xx_HAL_Driver/Src/stm32h7xx_hal_dma2d.c ****       /* Disable the CLUT access error interrupt */
1608:Drivers/STM32H7xx_HAL_Driver/Src/stm32h7xx_hal_dma2d.c ****       __HAL_DMA2D_DISABLE_IT(hdma2d, DMA2D_IT_CAE);
1609:Drivers/STM32H7xx_HAL_Driver/Src/stm32h7xx_hal_dma2d.c **** 
1610:Drivers/STM32H7xx_HAL_Driver/Src/stm32h7xx_hal_dma2d.c ****       /* Clear the CLUT access error flag */
1611:Drivers/STM32H7xx_HAL_Driver/Src/stm32h7xx_hal_dma2d.c ****       __HAL_DMA2D_CLEAR_FLAG(hdma2d, DMA2D_FLAG_CAE);
1612:Drivers/STM32H7xx_HAL_Driver/Src/stm32h7xx_hal_dma2d.c **** 
1613:Drivers/STM32H7xx_HAL_Driver/Src/stm32h7xx_hal_dma2d.c ****       /* Update error code */
1614:Drivers/STM32H7xx_HAL_Driver/Src/stm32h7xx_hal_dma2d.c ****       hdma2d->ErrorCode |= HAL_DMA2D_ERROR_CAE;
1615:Drivers/STM32H7xx_HAL_Driver/Src/stm32h7xx_hal_dma2d.c **** 
1616:Drivers/STM32H7xx_HAL_Driver/Src/stm32h7xx_hal_dma2d.c ****       /* Change DMA2D state */
1617:Drivers/STM32H7xx_HAL_Driver/Src/stm32h7xx_hal_dma2d.c ****       hdma2d->State = HAL_DMA2D_STATE_ERROR;
1618:Drivers/STM32H7xx_HAL_Driver/Src/stm32h7xx_hal_dma2d.c **** 
1619:Drivers/STM32H7xx_HAL_Driver/Src/stm32h7xx_hal_dma2d.c ****       /* Process Unlocked */
1620:Drivers/STM32H7xx_HAL_Driver/Src/stm32h7xx_hal_dma2d.c ****       __HAL_UNLOCK(hdma2d);
1621:Drivers/STM32H7xx_HAL_Driver/Src/stm32h7xx_hal_dma2d.c **** 
1622:Drivers/STM32H7xx_HAL_Driver/Src/stm32h7xx_hal_dma2d.c ****       if (hdma2d->XferErrorCallback != NULL)
1623:Drivers/STM32H7xx_HAL_Driver/Src/stm32h7xx_hal_dma2d.c ****       {
1624:Drivers/STM32H7xx_HAL_Driver/Src/stm32h7xx_hal_dma2d.c ****         /* Transfer error Callback */
1625:Drivers/STM32H7xx_HAL_Driver/Src/stm32h7xx_hal_dma2d.c ****         hdma2d->XferErrorCallback(hdma2d);
1626:Drivers/STM32H7xx_HAL_Driver/Src/stm32h7xx_hal_dma2d.c ****       }
1627:Drivers/STM32H7xx_HAL_Driver/Src/stm32h7xx_hal_dma2d.c ****     }
ARM GAS  C:\msys64\tmp\ccU8cwaS.s 			page 30


1628:Drivers/STM32H7xx_HAL_Driver/Src/stm32h7xx_hal_dma2d.c ****   }
1629:Drivers/STM32H7xx_HAL_Driver/Src/stm32h7xx_hal_dma2d.c ****   /* Transfer watermark Interrupt management **********************************/
1630:Drivers/STM32H7xx_HAL_Driver/Src/stm32h7xx_hal_dma2d.c ****   if ((isrflags & DMA2D_FLAG_TW) != 0U)
1631:Drivers/STM32H7xx_HAL_Driver/Src/stm32h7xx_hal_dma2d.c ****   {
1632:Drivers/STM32H7xx_HAL_Driver/Src/stm32h7xx_hal_dma2d.c ****     if ((crflags & DMA2D_IT_TW) != 0U)
1633:Drivers/STM32H7xx_HAL_Driver/Src/stm32h7xx_hal_dma2d.c ****     {
1634:Drivers/STM32H7xx_HAL_Driver/Src/stm32h7xx_hal_dma2d.c ****       /* Disable the transfer watermark interrupt */
1635:Drivers/STM32H7xx_HAL_Driver/Src/stm32h7xx_hal_dma2d.c ****       __HAL_DMA2D_DISABLE_IT(hdma2d, DMA2D_IT_TW);
1636:Drivers/STM32H7xx_HAL_Driver/Src/stm32h7xx_hal_dma2d.c **** 
1637:Drivers/STM32H7xx_HAL_Driver/Src/stm32h7xx_hal_dma2d.c ****       /* Clear the transfer watermark flag */
1638:Drivers/STM32H7xx_HAL_Driver/Src/stm32h7xx_hal_dma2d.c ****       __HAL_DMA2D_CLEAR_FLAG(hdma2d, DMA2D_FLAG_TW);
1639:Drivers/STM32H7xx_HAL_Driver/Src/stm32h7xx_hal_dma2d.c **** 
1640:Drivers/STM32H7xx_HAL_Driver/Src/stm32h7xx_hal_dma2d.c ****       /* Transfer watermark Callback */
1641:Drivers/STM32H7xx_HAL_Driver/Src/stm32h7xx_hal_dma2d.c **** #if (USE_HAL_DMA2D_REGISTER_CALLBACKS == 1)
1642:Drivers/STM32H7xx_HAL_Driver/Src/stm32h7xx_hal_dma2d.c ****       hdma2d->LineEventCallback(hdma2d);
1643:Drivers/STM32H7xx_HAL_Driver/Src/stm32h7xx_hal_dma2d.c **** #else
1644:Drivers/STM32H7xx_HAL_Driver/Src/stm32h7xx_hal_dma2d.c ****       HAL_DMA2D_LineEventCallback(hdma2d);
1645:Drivers/STM32H7xx_HAL_Driver/Src/stm32h7xx_hal_dma2d.c **** #endif /* USE_HAL_DMA2D_REGISTER_CALLBACKS */
1646:Drivers/STM32H7xx_HAL_Driver/Src/stm32h7xx_hal_dma2d.c **** 
1647:Drivers/STM32H7xx_HAL_Driver/Src/stm32h7xx_hal_dma2d.c ****     }
1648:Drivers/STM32H7xx_HAL_Driver/Src/stm32h7xx_hal_dma2d.c ****   }
1649:Drivers/STM32H7xx_HAL_Driver/Src/stm32h7xx_hal_dma2d.c ****   /* Transfer Complete Interrupt management ************************************/
1650:Drivers/STM32H7xx_HAL_Driver/Src/stm32h7xx_hal_dma2d.c ****   if ((isrflags & DMA2D_FLAG_TC) != 0U)
1651:Drivers/STM32H7xx_HAL_Driver/Src/stm32h7xx_hal_dma2d.c ****   {
1652:Drivers/STM32H7xx_HAL_Driver/Src/stm32h7xx_hal_dma2d.c ****     if ((crflags & DMA2D_IT_TC) != 0U)
1653:Drivers/STM32H7xx_HAL_Driver/Src/stm32h7xx_hal_dma2d.c ****     {
1654:Drivers/STM32H7xx_HAL_Driver/Src/stm32h7xx_hal_dma2d.c ****       /* Disable the transfer complete interrupt */
1655:Drivers/STM32H7xx_HAL_Driver/Src/stm32h7xx_hal_dma2d.c ****       __HAL_DMA2D_DISABLE_IT(hdma2d, DMA2D_IT_TC);
1656:Drivers/STM32H7xx_HAL_Driver/Src/stm32h7xx_hal_dma2d.c **** 
1657:Drivers/STM32H7xx_HAL_Driver/Src/stm32h7xx_hal_dma2d.c ****       /* Clear the transfer complete flag */
1658:Drivers/STM32H7xx_HAL_Driver/Src/stm32h7xx_hal_dma2d.c ****       __HAL_DMA2D_CLEAR_FLAG(hdma2d, DMA2D_FLAG_TC);
1659:Drivers/STM32H7xx_HAL_Driver/Src/stm32h7xx_hal_dma2d.c **** 
1660:Drivers/STM32H7xx_HAL_Driver/Src/stm32h7xx_hal_dma2d.c ****       /* Update error code */
1661:Drivers/STM32H7xx_HAL_Driver/Src/stm32h7xx_hal_dma2d.c ****       hdma2d->ErrorCode |= HAL_DMA2D_ERROR_NONE;
1662:Drivers/STM32H7xx_HAL_Driver/Src/stm32h7xx_hal_dma2d.c **** 
1663:Drivers/STM32H7xx_HAL_Driver/Src/stm32h7xx_hal_dma2d.c ****       /* Change DMA2D state */
1664:Drivers/STM32H7xx_HAL_Driver/Src/stm32h7xx_hal_dma2d.c ****       hdma2d->State = HAL_DMA2D_STATE_READY;
1665:Drivers/STM32H7xx_HAL_Driver/Src/stm32h7xx_hal_dma2d.c **** 
1666:Drivers/STM32H7xx_HAL_Driver/Src/stm32h7xx_hal_dma2d.c ****       /* Process Unlocked */
1667:Drivers/STM32H7xx_HAL_Driver/Src/stm32h7xx_hal_dma2d.c ****       __HAL_UNLOCK(hdma2d);
1668:Drivers/STM32H7xx_HAL_Driver/Src/stm32h7xx_hal_dma2d.c **** 
1669:Drivers/STM32H7xx_HAL_Driver/Src/stm32h7xx_hal_dma2d.c ****       if (hdma2d->XferCpltCallback != NULL)
1670:Drivers/STM32H7xx_HAL_Driver/Src/stm32h7xx_hal_dma2d.c ****       {
1671:Drivers/STM32H7xx_HAL_Driver/Src/stm32h7xx_hal_dma2d.c ****         /* Transfer complete Callback */
1672:Drivers/STM32H7xx_HAL_Driver/Src/stm32h7xx_hal_dma2d.c ****         hdma2d->XferCpltCallback(hdma2d);
1673:Drivers/STM32H7xx_HAL_Driver/Src/stm32h7xx_hal_dma2d.c ****       }
1674:Drivers/STM32H7xx_HAL_Driver/Src/stm32h7xx_hal_dma2d.c ****     }
1675:Drivers/STM32H7xx_HAL_Driver/Src/stm32h7xx_hal_dma2d.c ****   }
1676:Drivers/STM32H7xx_HAL_Driver/Src/stm32h7xx_hal_dma2d.c ****   /* CLUT Transfer Complete Interrupt management ******************************/
1677:Drivers/STM32H7xx_HAL_Driver/Src/stm32h7xx_hal_dma2d.c ****   if ((isrflags & DMA2D_FLAG_CTC) != 0U)
1678:Drivers/STM32H7xx_HAL_Driver/Src/stm32h7xx_hal_dma2d.c ****   {
1679:Drivers/STM32H7xx_HAL_Driver/Src/stm32h7xx_hal_dma2d.c ****     if ((crflags & DMA2D_IT_CTC) != 0U)
1680:Drivers/STM32H7xx_HAL_Driver/Src/stm32h7xx_hal_dma2d.c ****     {
1681:Drivers/STM32H7xx_HAL_Driver/Src/stm32h7xx_hal_dma2d.c ****       /* Disable the CLUT transfer complete interrupt */
1682:Drivers/STM32H7xx_HAL_Driver/Src/stm32h7xx_hal_dma2d.c ****       __HAL_DMA2D_DISABLE_IT(hdma2d, DMA2D_IT_CTC);
1683:Drivers/STM32H7xx_HAL_Driver/Src/stm32h7xx_hal_dma2d.c **** 
1684:Drivers/STM32H7xx_HAL_Driver/Src/stm32h7xx_hal_dma2d.c ****       /* Clear the CLUT transfer complete flag */
ARM GAS  C:\msys64\tmp\ccU8cwaS.s 			page 31


1685:Drivers/STM32H7xx_HAL_Driver/Src/stm32h7xx_hal_dma2d.c ****       __HAL_DMA2D_CLEAR_FLAG(hdma2d, DMA2D_FLAG_CTC);
1686:Drivers/STM32H7xx_HAL_Driver/Src/stm32h7xx_hal_dma2d.c **** 
1687:Drivers/STM32H7xx_HAL_Driver/Src/stm32h7xx_hal_dma2d.c ****       /* Update error code */
1688:Drivers/STM32H7xx_HAL_Driver/Src/stm32h7xx_hal_dma2d.c ****       hdma2d->ErrorCode |= HAL_DMA2D_ERROR_NONE;
1689:Drivers/STM32H7xx_HAL_Driver/Src/stm32h7xx_hal_dma2d.c **** 
1690:Drivers/STM32H7xx_HAL_Driver/Src/stm32h7xx_hal_dma2d.c ****       /* Change DMA2D state */
1691:Drivers/STM32H7xx_HAL_Driver/Src/stm32h7xx_hal_dma2d.c ****       hdma2d->State = HAL_DMA2D_STATE_READY;
1692:Drivers/STM32H7xx_HAL_Driver/Src/stm32h7xx_hal_dma2d.c **** 
1693:Drivers/STM32H7xx_HAL_Driver/Src/stm32h7xx_hal_dma2d.c ****       /* Process Unlocked */
1694:Drivers/STM32H7xx_HAL_Driver/Src/stm32h7xx_hal_dma2d.c ****       __HAL_UNLOCK(hdma2d);
1695:Drivers/STM32H7xx_HAL_Driver/Src/stm32h7xx_hal_dma2d.c **** 
1696:Drivers/STM32H7xx_HAL_Driver/Src/stm32h7xx_hal_dma2d.c ****       /* CLUT Transfer complete Callback */
1697:Drivers/STM32H7xx_HAL_Driver/Src/stm32h7xx_hal_dma2d.c **** #if (USE_HAL_DMA2D_REGISTER_CALLBACKS == 1)
1698:Drivers/STM32H7xx_HAL_Driver/Src/stm32h7xx_hal_dma2d.c ****       hdma2d->CLUTLoadingCpltCallback(hdma2d);
1699:Drivers/STM32H7xx_HAL_Driver/Src/stm32h7xx_hal_dma2d.c **** #else
1700:Drivers/STM32H7xx_HAL_Driver/Src/stm32h7xx_hal_dma2d.c ****       HAL_DMA2D_CLUTLoadingCpltCallback(hdma2d);
1701:Drivers/STM32H7xx_HAL_Driver/Src/stm32h7xx_hal_dma2d.c **** #endif /* USE_HAL_DMA2D_REGISTER_CALLBACKS */
1702:Drivers/STM32H7xx_HAL_Driver/Src/stm32h7xx_hal_dma2d.c ****     }
1703:Drivers/STM32H7xx_HAL_Driver/Src/stm32h7xx_hal_dma2d.c ****   }
1704:Drivers/STM32H7xx_HAL_Driver/Src/stm32h7xx_hal_dma2d.c **** 
1705:Drivers/STM32H7xx_HAL_Driver/Src/stm32h7xx_hal_dma2d.c **** }
1706:Drivers/STM32H7xx_HAL_Driver/Src/stm32h7xx_hal_dma2d.c **** 
1707:Drivers/STM32H7xx_HAL_Driver/Src/stm32h7xx_hal_dma2d.c **** /**
1708:Drivers/STM32H7xx_HAL_Driver/Src/stm32h7xx_hal_dma2d.c ****   * @brief  Transfer watermark callback.
1709:Drivers/STM32H7xx_HAL_Driver/Src/stm32h7xx_hal_dma2d.c ****   * @param  hdma2d pointer to a DMA2D_HandleTypeDef structure that contains
1710:Drivers/STM32H7xx_HAL_Driver/Src/stm32h7xx_hal_dma2d.c ****   *                 the configuration information for the DMA2D.
1711:Drivers/STM32H7xx_HAL_Driver/Src/stm32h7xx_hal_dma2d.c ****   * @retval None
1712:Drivers/STM32H7xx_HAL_Driver/Src/stm32h7xx_hal_dma2d.c ****   */
1713:Drivers/STM32H7xx_HAL_Driver/Src/stm32h7xx_hal_dma2d.c **** __weak void HAL_DMA2D_LineEventCallback(DMA2D_HandleTypeDef *hdma2d)
1714:Drivers/STM32H7xx_HAL_Driver/Src/stm32h7xx_hal_dma2d.c **** {
1715:Drivers/STM32H7xx_HAL_Driver/Src/stm32h7xx_hal_dma2d.c ****   /* Prevent unused argument(s) compilation warning */
1716:Drivers/STM32H7xx_HAL_Driver/Src/stm32h7xx_hal_dma2d.c ****   UNUSED(hdma2d);
1717:Drivers/STM32H7xx_HAL_Driver/Src/stm32h7xx_hal_dma2d.c **** 
1718:Drivers/STM32H7xx_HAL_Driver/Src/stm32h7xx_hal_dma2d.c ****   /* NOTE : This function should not be modified; when the callback is needed,
1719:Drivers/STM32H7xx_HAL_Driver/Src/stm32h7xx_hal_dma2d.c ****             the HAL_DMA2D_LineEventCallback can be implemented in the user file.
1720:Drivers/STM32H7xx_HAL_Driver/Src/stm32h7xx_hal_dma2d.c ****    */
1721:Drivers/STM32H7xx_HAL_Driver/Src/stm32h7xx_hal_dma2d.c **** }
1722:Drivers/STM32H7xx_HAL_Driver/Src/stm32h7xx_hal_dma2d.c **** 
1723:Drivers/STM32H7xx_HAL_Driver/Src/stm32h7xx_hal_dma2d.c **** /**
1724:Drivers/STM32H7xx_HAL_Driver/Src/stm32h7xx_hal_dma2d.c ****   * @brief  CLUT Transfer Complete callback.
1725:Drivers/STM32H7xx_HAL_Driver/Src/stm32h7xx_hal_dma2d.c ****   * @param  hdma2d pointer to a DMA2D_HandleTypeDef structure that contains
1726:Drivers/STM32H7xx_HAL_Driver/Src/stm32h7xx_hal_dma2d.c ****   *                 the configuration information for the DMA2D.
1727:Drivers/STM32H7xx_HAL_Driver/Src/stm32h7xx_hal_dma2d.c ****   * @retval None
1728:Drivers/STM32H7xx_HAL_Driver/Src/stm32h7xx_hal_dma2d.c ****   */
1729:Drivers/STM32H7xx_HAL_Driver/Src/stm32h7xx_hal_dma2d.c **** __weak void HAL_DMA2D_CLUTLoadingCpltCallback(DMA2D_HandleTypeDef *hdma2d)
1730:Drivers/STM32H7xx_HAL_Driver/Src/stm32h7xx_hal_dma2d.c **** {
1731:Drivers/STM32H7xx_HAL_Driver/Src/stm32h7xx_hal_dma2d.c ****   /* Prevent unused argument(s) compilation warning */
1732:Drivers/STM32H7xx_HAL_Driver/Src/stm32h7xx_hal_dma2d.c ****   UNUSED(hdma2d);
1733:Drivers/STM32H7xx_HAL_Driver/Src/stm32h7xx_hal_dma2d.c **** 
1734:Drivers/STM32H7xx_HAL_Driver/Src/stm32h7xx_hal_dma2d.c ****   /* NOTE : This function should not be modified; when the callback is needed,
1735:Drivers/STM32H7xx_HAL_Driver/Src/stm32h7xx_hal_dma2d.c ****             the HAL_DMA2D_CLUTLoadingCpltCallback can be implemented in the user file.
1736:Drivers/STM32H7xx_HAL_Driver/Src/stm32h7xx_hal_dma2d.c ****    */
1737:Drivers/STM32H7xx_HAL_Driver/Src/stm32h7xx_hal_dma2d.c **** }
1738:Drivers/STM32H7xx_HAL_Driver/Src/stm32h7xx_hal_dma2d.c **** 
1739:Drivers/STM32H7xx_HAL_Driver/Src/stm32h7xx_hal_dma2d.c **** /**
1740:Drivers/STM32H7xx_HAL_Driver/Src/stm32h7xx_hal_dma2d.c ****   * @}
1741:Drivers/STM32H7xx_HAL_Driver/Src/stm32h7xx_hal_dma2d.c ****   */
ARM GAS  C:\msys64\tmp\ccU8cwaS.s 			page 32


1742:Drivers/STM32H7xx_HAL_Driver/Src/stm32h7xx_hal_dma2d.c **** 
1743:Drivers/STM32H7xx_HAL_Driver/Src/stm32h7xx_hal_dma2d.c **** /** @defgroup DMA2D_Exported_Functions_Group3 Peripheral Control functions
1744:Drivers/STM32H7xx_HAL_Driver/Src/stm32h7xx_hal_dma2d.c ****   *  @brief    Peripheral Control functions
1745:Drivers/STM32H7xx_HAL_Driver/Src/stm32h7xx_hal_dma2d.c ****   *
1746:Drivers/STM32H7xx_HAL_Driver/Src/stm32h7xx_hal_dma2d.c **** @verbatim
1747:Drivers/STM32H7xx_HAL_Driver/Src/stm32h7xx_hal_dma2d.c ****  ===============================================================================
1748:Drivers/STM32H7xx_HAL_Driver/Src/stm32h7xx_hal_dma2d.c ****                     ##### Peripheral Control functions #####
1749:Drivers/STM32H7xx_HAL_Driver/Src/stm32h7xx_hal_dma2d.c ****  ===============================================================================
1750:Drivers/STM32H7xx_HAL_Driver/Src/stm32h7xx_hal_dma2d.c ****     [..]  This section provides functions allowing to:
1751:Drivers/STM32H7xx_HAL_Driver/Src/stm32h7xx_hal_dma2d.c ****       (+) Configure the DMA2D foreground or background layer parameters.
1752:Drivers/STM32H7xx_HAL_Driver/Src/stm32h7xx_hal_dma2d.c ****       (+) Configure the DMA2D CLUT transfer.
1753:Drivers/STM32H7xx_HAL_Driver/Src/stm32h7xx_hal_dma2d.c ****       (+) Configure the line watermark
1754:Drivers/STM32H7xx_HAL_Driver/Src/stm32h7xx_hal_dma2d.c ****       (+) Configure the dead time value.
1755:Drivers/STM32H7xx_HAL_Driver/Src/stm32h7xx_hal_dma2d.c ****       (+) Enable or disable the dead time value functionality.
1756:Drivers/STM32H7xx_HAL_Driver/Src/stm32h7xx_hal_dma2d.c **** 
1757:Drivers/STM32H7xx_HAL_Driver/Src/stm32h7xx_hal_dma2d.c **** 
1758:Drivers/STM32H7xx_HAL_Driver/Src/stm32h7xx_hal_dma2d.c **** @endverbatim
1759:Drivers/STM32H7xx_HAL_Driver/Src/stm32h7xx_hal_dma2d.c ****   * @{
1760:Drivers/STM32H7xx_HAL_Driver/Src/stm32h7xx_hal_dma2d.c ****   */
1761:Drivers/STM32H7xx_HAL_Driver/Src/stm32h7xx_hal_dma2d.c **** 
1762:Drivers/STM32H7xx_HAL_Driver/Src/stm32h7xx_hal_dma2d.c **** /**
1763:Drivers/STM32H7xx_HAL_Driver/Src/stm32h7xx_hal_dma2d.c ****   * @brief  Configure the DMA2D Layer according to the specified
1764:Drivers/STM32H7xx_HAL_Driver/Src/stm32h7xx_hal_dma2d.c ****   *         parameters in the DMA2D_HandleTypeDef.
1765:Drivers/STM32H7xx_HAL_Driver/Src/stm32h7xx_hal_dma2d.c ****   * @param  hdma2d Pointer to a DMA2D_HandleTypeDef structure that contains
1766:Drivers/STM32H7xx_HAL_Driver/Src/stm32h7xx_hal_dma2d.c ****   *                 the configuration information for the DMA2D.
1767:Drivers/STM32H7xx_HAL_Driver/Src/stm32h7xx_hal_dma2d.c ****   * @param  LayerIdx DMA2D Layer index.
1768:Drivers/STM32H7xx_HAL_Driver/Src/stm32h7xx_hal_dma2d.c ****   *                   This parameter can be one of the following values:
1769:Drivers/STM32H7xx_HAL_Driver/Src/stm32h7xx_hal_dma2d.c ****   *                   DMA2D_BACKGROUND_LAYER(0) / DMA2D_FOREGROUND_LAYER(1)
1770:Drivers/STM32H7xx_HAL_Driver/Src/stm32h7xx_hal_dma2d.c ****   * @retval HAL status
1771:Drivers/STM32H7xx_HAL_Driver/Src/stm32h7xx_hal_dma2d.c ****   */
1772:Drivers/STM32H7xx_HAL_Driver/Src/stm32h7xx_hal_dma2d.c **** HAL_StatusTypeDef HAL_DMA2D_ConfigLayer(DMA2D_HandleTypeDef *hdma2d, uint32_t LayerIdx)
1773:Drivers/STM32H7xx_HAL_Driver/Src/stm32h7xx_hal_dma2d.c **** {
1774:Drivers/STM32H7xx_HAL_Driver/Src/stm32h7xx_hal_dma2d.c ****   const DMA2D_LayerCfgTypeDef *pLayerCfg;
1775:Drivers/STM32H7xx_HAL_Driver/Src/stm32h7xx_hal_dma2d.c ****   uint32_t regMask;
1776:Drivers/STM32H7xx_HAL_Driver/Src/stm32h7xx_hal_dma2d.c ****   uint32_t regValue;
1777:Drivers/STM32H7xx_HAL_Driver/Src/stm32h7xx_hal_dma2d.c **** 
1778:Drivers/STM32H7xx_HAL_Driver/Src/stm32h7xx_hal_dma2d.c ****   /* Check the parameters */
1779:Drivers/STM32H7xx_HAL_Driver/Src/stm32h7xx_hal_dma2d.c ****   assert_param(IS_DMA2D_LAYER(LayerIdx));
1780:Drivers/STM32H7xx_HAL_Driver/Src/stm32h7xx_hal_dma2d.c ****   assert_param(IS_DMA2D_OFFSET(hdma2d->LayerCfg[LayerIdx].InputOffset));
1781:Drivers/STM32H7xx_HAL_Driver/Src/stm32h7xx_hal_dma2d.c ****   if (hdma2d->Init.Mode != DMA2D_R2M)
1782:Drivers/STM32H7xx_HAL_Driver/Src/stm32h7xx_hal_dma2d.c ****   {
1783:Drivers/STM32H7xx_HAL_Driver/Src/stm32h7xx_hal_dma2d.c ****     assert_param(IS_DMA2D_INPUT_COLOR_MODE(hdma2d->LayerCfg[LayerIdx].InputColorMode));
1784:Drivers/STM32H7xx_HAL_Driver/Src/stm32h7xx_hal_dma2d.c ****     if (hdma2d->Init.Mode != DMA2D_M2M)
1785:Drivers/STM32H7xx_HAL_Driver/Src/stm32h7xx_hal_dma2d.c ****     {
1786:Drivers/STM32H7xx_HAL_Driver/Src/stm32h7xx_hal_dma2d.c ****       assert_param(IS_DMA2D_ALPHA_MODE(hdma2d->LayerCfg[LayerIdx].AlphaMode));
1787:Drivers/STM32H7xx_HAL_Driver/Src/stm32h7xx_hal_dma2d.c ****     }
1788:Drivers/STM32H7xx_HAL_Driver/Src/stm32h7xx_hal_dma2d.c ****   }
1789:Drivers/STM32H7xx_HAL_Driver/Src/stm32h7xx_hal_dma2d.c ****   assert_param(IS_DMA2D_ALPHA_INVERTED(hdma2d->LayerCfg[LayerIdx].AlphaInverted));
1790:Drivers/STM32H7xx_HAL_Driver/Src/stm32h7xx_hal_dma2d.c ****   assert_param(IS_DMA2D_RB_SWAP(hdma2d->LayerCfg[LayerIdx].RedBlueSwap));
1791:Drivers/STM32H7xx_HAL_Driver/Src/stm32h7xx_hal_dma2d.c **** 
1792:Drivers/STM32H7xx_HAL_Driver/Src/stm32h7xx_hal_dma2d.c ****   if ((LayerIdx == DMA2D_FOREGROUND_LAYER) && (hdma2d->LayerCfg[LayerIdx].InputColorMode == DMA2D_I
1793:Drivers/STM32H7xx_HAL_Driver/Src/stm32h7xx_hal_dma2d.c ****   {
1794:Drivers/STM32H7xx_HAL_Driver/Src/stm32h7xx_hal_dma2d.c ****     assert_param(IS_DMA2D_CHROMA_SUB_SAMPLING(hdma2d->LayerCfg[LayerIdx].ChromaSubSampling));
1795:Drivers/STM32H7xx_HAL_Driver/Src/stm32h7xx_hal_dma2d.c ****   }
1796:Drivers/STM32H7xx_HAL_Driver/Src/stm32h7xx_hal_dma2d.c **** 
1797:Drivers/STM32H7xx_HAL_Driver/Src/stm32h7xx_hal_dma2d.c ****   /* Process locked */
1798:Drivers/STM32H7xx_HAL_Driver/Src/stm32h7xx_hal_dma2d.c ****   __HAL_LOCK(hdma2d);
ARM GAS  C:\msys64\tmp\ccU8cwaS.s 			page 33


1799:Drivers/STM32H7xx_HAL_Driver/Src/stm32h7xx_hal_dma2d.c **** 
1800:Drivers/STM32H7xx_HAL_Driver/Src/stm32h7xx_hal_dma2d.c ****   /* Change DMA2D peripheral state */
1801:Drivers/STM32H7xx_HAL_Driver/Src/stm32h7xx_hal_dma2d.c ****   hdma2d->State = HAL_DMA2D_STATE_BUSY;
1802:Drivers/STM32H7xx_HAL_Driver/Src/stm32h7xx_hal_dma2d.c **** 
1803:Drivers/STM32H7xx_HAL_Driver/Src/stm32h7xx_hal_dma2d.c ****   pLayerCfg = &hdma2d->LayerCfg[LayerIdx];
1804:Drivers/STM32H7xx_HAL_Driver/Src/stm32h7xx_hal_dma2d.c **** 
1805:Drivers/STM32H7xx_HAL_Driver/Src/stm32h7xx_hal_dma2d.c ****   /* Prepare the value to be written to the BGPFCCR or FGPFCCR register */
1806:Drivers/STM32H7xx_HAL_Driver/Src/stm32h7xx_hal_dma2d.c ****   regValue = pLayerCfg->InputColorMode | (pLayerCfg->AlphaMode << DMA2D_BGPFCCR_AM_Pos) | \
1807:Drivers/STM32H7xx_HAL_Driver/Src/stm32h7xx_hal_dma2d.c ****              (pLayerCfg->AlphaInverted << DMA2D_BGPFCCR_AI_Pos) | (pLayerCfg->RedBlueSwap << DMA2D_
1808:Drivers/STM32H7xx_HAL_Driver/Src/stm32h7xx_hal_dma2d.c ****   regMask  = (DMA2D_BGPFCCR_CM | DMA2D_BGPFCCR_AM | DMA2D_BGPFCCR_ALPHA | DMA2D_BGPFCCR_AI | DMA2D_
1809:Drivers/STM32H7xx_HAL_Driver/Src/stm32h7xx_hal_dma2d.c **** 
1810:Drivers/STM32H7xx_HAL_Driver/Src/stm32h7xx_hal_dma2d.c **** 
1811:Drivers/STM32H7xx_HAL_Driver/Src/stm32h7xx_hal_dma2d.c ****   if ((pLayerCfg->InputColorMode == DMA2D_INPUT_A4) || (pLayerCfg->InputColorMode == DMA2D_INPUT_A8
1812:Drivers/STM32H7xx_HAL_Driver/Src/stm32h7xx_hal_dma2d.c ****   {
1813:Drivers/STM32H7xx_HAL_Driver/Src/stm32h7xx_hal_dma2d.c ****     regValue |= (pLayerCfg->InputAlpha & DMA2D_BGPFCCR_ALPHA);
1814:Drivers/STM32H7xx_HAL_Driver/Src/stm32h7xx_hal_dma2d.c ****   }
1815:Drivers/STM32H7xx_HAL_Driver/Src/stm32h7xx_hal_dma2d.c ****   else
1816:Drivers/STM32H7xx_HAL_Driver/Src/stm32h7xx_hal_dma2d.c ****   {
1817:Drivers/STM32H7xx_HAL_Driver/Src/stm32h7xx_hal_dma2d.c ****     regValue |= (pLayerCfg->InputAlpha << DMA2D_BGPFCCR_ALPHA_Pos);
1818:Drivers/STM32H7xx_HAL_Driver/Src/stm32h7xx_hal_dma2d.c ****   }
1819:Drivers/STM32H7xx_HAL_Driver/Src/stm32h7xx_hal_dma2d.c **** 
1820:Drivers/STM32H7xx_HAL_Driver/Src/stm32h7xx_hal_dma2d.c ****   /* Configure the background DMA2D layer */
1821:Drivers/STM32H7xx_HAL_Driver/Src/stm32h7xx_hal_dma2d.c ****   if (LayerIdx == DMA2D_BACKGROUND_LAYER)
1822:Drivers/STM32H7xx_HAL_Driver/Src/stm32h7xx_hal_dma2d.c ****   {
1823:Drivers/STM32H7xx_HAL_Driver/Src/stm32h7xx_hal_dma2d.c ****     /* Write DMA2D BGPFCCR register */
1824:Drivers/STM32H7xx_HAL_Driver/Src/stm32h7xx_hal_dma2d.c ****     MODIFY_REG(hdma2d->Instance->BGPFCCR, regMask, regValue);
1825:Drivers/STM32H7xx_HAL_Driver/Src/stm32h7xx_hal_dma2d.c **** 
1826:Drivers/STM32H7xx_HAL_Driver/Src/stm32h7xx_hal_dma2d.c ****     /* DMA2D BGOR register configuration -------------------------------------*/
1827:Drivers/STM32H7xx_HAL_Driver/Src/stm32h7xx_hal_dma2d.c ****     WRITE_REG(hdma2d->Instance->BGOR, pLayerCfg->InputOffset);
1828:Drivers/STM32H7xx_HAL_Driver/Src/stm32h7xx_hal_dma2d.c **** 
1829:Drivers/STM32H7xx_HAL_Driver/Src/stm32h7xx_hal_dma2d.c ****     /* DMA2D BGCOLR register configuration -------------------------------------*/
1830:Drivers/STM32H7xx_HAL_Driver/Src/stm32h7xx_hal_dma2d.c ****     if ((pLayerCfg->InputColorMode == DMA2D_INPUT_A4) || (pLayerCfg->InputColorMode == DMA2D_INPUT_
1831:Drivers/STM32H7xx_HAL_Driver/Src/stm32h7xx_hal_dma2d.c ****     {
1832:Drivers/STM32H7xx_HAL_Driver/Src/stm32h7xx_hal_dma2d.c ****       WRITE_REG(hdma2d->Instance->BGCOLR, pLayerCfg->InputAlpha & (DMA2D_BGCOLR_BLUE | DMA2D_BGCOLR
1833:Drivers/STM32H7xx_HAL_Driver/Src/stm32h7xx_hal_dma2d.c ****                                                                    DMA2D_BGCOLR_RED));
1834:Drivers/STM32H7xx_HAL_Driver/Src/stm32h7xx_hal_dma2d.c ****     }
1835:Drivers/STM32H7xx_HAL_Driver/Src/stm32h7xx_hal_dma2d.c ****   }
1836:Drivers/STM32H7xx_HAL_Driver/Src/stm32h7xx_hal_dma2d.c ****   /* Configure the foreground DMA2D layer */
1837:Drivers/STM32H7xx_HAL_Driver/Src/stm32h7xx_hal_dma2d.c ****   else
1838:Drivers/STM32H7xx_HAL_Driver/Src/stm32h7xx_hal_dma2d.c ****   {
1839:Drivers/STM32H7xx_HAL_Driver/Src/stm32h7xx_hal_dma2d.c **** 
1840:Drivers/STM32H7xx_HAL_Driver/Src/stm32h7xx_hal_dma2d.c ****     if (pLayerCfg->InputColorMode == DMA2D_INPUT_YCBCR)
1841:Drivers/STM32H7xx_HAL_Driver/Src/stm32h7xx_hal_dma2d.c ****     {
1842:Drivers/STM32H7xx_HAL_Driver/Src/stm32h7xx_hal_dma2d.c ****       regValue |= (pLayerCfg->ChromaSubSampling << DMA2D_FGPFCCR_CSS_Pos);
1843:Drivers/STM32H7xx_HAL_Driver/Src/stm32h7xx_hal_dma2d.c ****       regMask  |= DMA2D_FGPFCCR_CSS;
1844:Drivers/STM32H7xx_HAL_Driver/Src/stm32h7xx_hal_dma2d.c ****     }
1845:Drivers/STM32H7xx_HAL_Driver/Src/stm32h7xx_hal_dma2d.c **** 
1846:Drivers/STM32H7xx_HAL_Driver/Src/stm32h7xx_hal_dma2d.c ****     /* Write DMA2D FGPFCCR register */
1847:Drivers/STM32H7xx_HAL_Driver/Src/stm32h7xx_hal_dma2d.c ****     MODIFY_REG(hdma2d->Instance->FGPFCCR, regMask, regValue);
1848:Drivers/STM32H7xx_HAL_Driver/Src/stm32h7xx_hal_dma2d.c **** 
1849:Drivers/STM32H7xx_HAL_Driver/Src/stm32h7xx_hal_dma2d.c ****     /* DMA2D FGOR register configuration -------------------------------------*/
1850:Drivers/STM32H7xx_HAL_Driver/Src/stm32h7xx_hal_dma2d.c ****     WRITE_REG(hdma2d->Instance->FGOR, pLayerCfg->InputOffset);
1851:Drivers/STM32H7xx_HAL_Driver/Src/stm32h7xx_hal_dma2d.c **** 
1852:Drivers/STM32H7xx_HAL_Driver/Src/stm32h7xx_hal_dma2d.c ****     /* DMA2D FGCOLR register configuration -------------------------------------*/
1853:Drivers/STM32H7xx_HAL_Driver/Src/stm32h7xx_hal_dma2d.c ****     if ((pLayerCfg->InputColorMode == DMA2D_INPUT_A4) || (pLayerCfg->InputColorMode == DMA2D_INPUT_
1854:Drivers/STM32H7xx_HAL_Driver/Src/stm32h7xx_hal_dma2d.c ****     {
1855:Drivers/STM32H7xx_HAL_Driver/Src/stm32h7xx_hal_dma2d.c ****       WRITE_REG(hdma2d->Instance->FGCOLR, pLayerCfg->InputAlpha & (DMA2D_FGCOLR_BLUE | DMA2D_FGCOLR
ARM GAS  C:\msys64\tmp\ccU8cwaS.s 			page 34


1856:Drivers/STM32H7xx_HAL_Driver/Src/stm32h7xx_hal_dma2d.c ****                                                                    DMA2D_FGCOLR_RED));
1857:Drivers/STM32H7xx_HAL_Driver/Src/stm32h7xx_hal_dma2d.c ****     }
1858:Drivers/STM32H7xx_HAL_Driver/Src/stm32h7xx_hal_dma2d.c ****   }
1859:Drivers/STM32H7xx_HAL_Driver/Src/stm32h7xx_hal_dma2d.c ****   /* Initialize the DMA2D state*/
1860:Drivers/STM32H7xx_HAL_Driver/Src/stm32h7xx_hal_dma2d.c ****   hdma2d->State = HAL_DMA2D_STATE_READY;
1861:Drivers/STM32H7xx_HAL_Driver/Src/stm32h7xx_hal_dma2d.c **** 
1862:Drivers/STM32H7xx_HAL_Driver/Src/stm32h7xx_hal_dma2d.c ****   /* Process unlocked */
1863:Drivers/STM32H7xx_HAL_Driver/Src/stm32h7xx_hal_dma2d.c ****   __HAL_UNLOCK(hdma2d);
1864:Drivers/STM32H7xx_HAL_Driver/Src/stm32h7xx_hal_dma2d.c **** 
1865:Drivers/STM32H7xx_HAL_Driver/Src/stm32h7xx_hal_dma2d.c ****   return HAL_OK;
1866:Drivers/STM32H7xx_HAL_Driver/Src/stm32h7xx_hal_dma2d.c **** }
1867:Drivers/STM32H7xx_HAL_Driver/Src/stm32h7xx_hal_dma2d.c **** 
1868:Drivers/STM32H7xx_HAL_Driver/Src/stm32h7xx_hal_dma2d.c **** /**
1869:Drivers/STM32H7xx_HAL_Driver/Src/stm32h7xx_hal_dma2d.c ****   * @brief  Configure the DMA2D CLUT Transfer.
1870:Drivers/STM32H7xx_HAL_Driver/Src/stm32h7xx_hal_dma2d.c ****   * @param  hdma2d   Pointer to a DMA2D_HandleTypeDef structure that contains
1871:Drivers/STM32H7xx_HAL_Driver/Src/stm32h7xx_hal_dma2d.c ****   *                   the configuration information for the DMA2D.
1872:Drivers/STM32H7xx_HAL_Driver/Src/stm32h7xx_hal_dma2d.c ****   * @param  CLUTCfg  Pointer to a DMA2D_CLUTCfgTypeDef structure that contains
1873:Drivers/STM32H7xx_HAL_Driver/Src/stm32h7xx_hal_dma2d.c ****   *                   the configuration information for the color look up table.
1874:Drivers/STM32H7xx_HAL_Driver/Src/stm32h7xx_hal_dma2d.c ****   * @param  LayerIdx DMA2D Layer index.
1875:Drivers/STM32H7xx_HAL_Driver/Src/stm32h7xx_hal_dma2d.c ****   *                   This parameter can be one of the following values:
1876:Drivers/STM32H7xx_HAL_Driver/Src/stm32h7xx_hal_dma2d.c ****   *                   DMA2D_BACKGROUND_LAYER(0) / DMA2D_FOREGROUND_LAYER(1)
1877:Drivers/STM32H7xx_HAL_Driver/Src/stm32h7xx_hal_dma2d.c ****   * @note API obsolete and maintained for compatibility with legacy. User is invited
1878:Drivers/STM32H7xx_HAL_Driver/Src/stm32h7xx_hal_dma2d.c ****   *      to resort to HAL_DMA2D_CLUTStartLoad() instead to benefit from code compactness,
1879:Drivers/STM32H7xx_HAL_Driver/Src/stm32h7xx_hal_dma2d.c ****   *      code size and improved heap usage.
1880:Drivers/STM32H7xx_HAL_Driver/Src/stm32h7xx_hal_dma2d.c ****   * @retval HAL status
1881:Drivers/STM32H7xx_HAL_Driver/Src/stm32h7xx_hal_dma2d.c ****   */
1882:Drivers/STM32H7xx_HAL_Driver/Src/stm32h7xx_hal_dma2d.c **** HAL_StatusTypeDef HAL_DMA2D_ConfigCLUT(DMA2D_HandleTypeDef *hdma2d, DMA2D_CLUTCfgTypeDef CLUTCfg, u
1883:Drivers/STM32H7xx_HAL_Driver/Src/stm32h7xx_hal_dma2d.c **** {
1884:Drivers/STM32H7xx_HAL_Driver/Src/stm32h7xx_hal_dma2d.c ****   /* Check the parameters */
1885:Drivers/STM32H7xx_HAL_Driver/Src/stm32h7xx_hal_dma2d.c ****   assert_param(IS_DMA2D_LAYER(LayerIdx));
1886:Drivers/STM32H7xx_HAL_Driver/Src/stm32h7xx_hal_dma2d.c ****   assert_param(IS_DMA2D_CLUT_CM(CLUTCfg.CLUTColorMode));
1887:Drivers/STM32H7xx_HAL_Driver/Src/stm32h7xx_hal_dma2d.c ****   assert_param(IS_DMA2D_CLUT_SIZE(CLUTCfg.Size));
1888:Drivers/STM32H7xx_HAL_Driver/Src/stm32h7xx_hal_dma2d.c **** 
1889:Drivers/STM32H7xx_HAL_Driver/Src/stm32h7xx_hal_dma2d.c ****   /* Process locked */
1890:Drivers/STM32H7xx_HAL_Driver/Src/stm32h7xx_hal_dma2d.c ****   __HAL_LOCK(hdma2d);
1891:Drivers/STM32H7xx_HAL_Driver/Src/stm32h7xx_hal_dma2d.c **** 
1892:Drivers/STM32H7xx_HAL_Driver/Src/stm32h7xx_hal_dma2d.c ****   /* Change DMA2D peripheral state */
1893:Drivers/STM32H7xx_HAL_Driver/Src/stm32h7xx_hal_dma2d.c ****   hdma2d->State = HAL_DMA2D_STATE_BUSY;
1894:Drivers/STM32H7xx_HAL_Driver/Src/stm32h7xx_hal_dma2d.c **** 
1895:Drivers/STM32H7xx_HAL_Driver/Src/stm32h7xx_hal_dma2d.c ****   /* Configure the CLUT of the background DMA2D layer */
1896:Drivers/STM32H7xx_HAL_Driver/Src/stm32h7xx_hal_dma2d.c ****   if (LayerIdx == DMA2D_BACKGROUND_LAYER)
1897:Drivers/STM32H7xx_HAL_Driver/Src/stm32h7xx_hal_dma2d.c ****   {
1898:Drivers/STM32H7xx_HAL_Driver/Src/stm32h7xx_hal_dma2d.c ****     /* Write background CLUT memory address */
1899:Drivers/STM32H7xx_HAL_Driver/Src/stm32h7xx_hal_dma2d.c ****     WRITE_REG(hdma2d->Instance->BGCMAR, (uint32_t)CLUTCfg.pCLUT);
1900:Drivers/STM32H7xx_HAL_Driver/Src/stm32h7xx_hal_dma2d.c **** 
1901:Drivers/STM32H7xx_HAL_Driver/Src/stm32h7xx_hal_dma2d.c ****     /* Write background CLUT size and CLUT color mode */
1902:Drivers/STM32H7xx_HAL_Driver/Src/stm32h7xx_hal_dma2d.c ****     MODIFY_REG(hdma2d->Instance->BGPFCCR, (DMA2D_BGPFCCR_CS | DMA2D_BGPFCCR_CCM),
1903:Drivers/STM32H7xx_HAL_Driver/Src/stm32h7xx_hal_dma2d.c ****                ((CLUTCfg.Size << DMA2D_BGPFCCR_CS_Pos) | (CLUTCfg.CLUTColorMode << DMA2D_BGPFCCR_CC
1904:Drivers/STM32H7xx_HAL_Driver/Src/stm32h7xx_hal_dma2d.c ****   }
1905:Drivers/STM32H7xx_HAL_Driver/Src/stm32h7xx_hal_dma2d.c ****   /* Configure the CLUT of the foreground DMA2D layer */
1906:Drivers/STM32H7xx_HAL_Driver/Src/stm32h7xx_hal_dma2d.c ****   else
1907:Drivers/STM32H7xx_HAL_Driver/Src/stm32h7xx_hal_dma2d.c ****   {
1908:Drivers/STM32H7xx_HAL_Driver/Src/stm32h7xx_hal_dma2d.c ****     /* Write foreground CLUT memory address */
1909:Drivers/STM32H7xx_HAL_Driver/Src/stm32h7xx_hal_dma2d.c ****     WRITE_REG(hdma2d->Instance->FGCMAR, (uint32_t)CLUTCfg.pCLUT);
1910:Drivers/STM32H7xx_HAL_Driver/Src/stm32h7xx_hal_dma2d.c **** 
1911:Drivers/STM32H7xx_HAL_Driver/Src/stm32h7xx_hal_dma2d.c ****     /* Write foreground CLUT size and CLUT color mode */
1912:Drivers/STM32H7xx_HAL_Driver/Src/stm32h7xx_hal_dma2d.c ****     MODIFY_REG(hdma2d->Instance->FGPFCCR, (DMA2D_FGPFCCR_CS | DMA2D_FGPFCCR_CCM),
ARM GAS  C:\msys64\tmp\ccU8cwaS.s 			page 35


1913:Drivers/STM32H7xx_HAL_Driver/Src/stm32h7xx_hal_dma2d.c ****                ((CLUTCfg.Size << DMA2D_FGPFCCR_CS_Pos) | (CLUTCfg.CLUTColorMode << DMA2D_FGPFCCR_CC
1914:Drivers/STM32H7xx_HAL_Driver/Src/stm32h7xx_hal_dma2d.c ****   }
1915:Drivers/STM32H7xx_HAL_Driver/Src/stm32h7xx_hal_dma2d.c **** 
1916:Drivers/STM32H7xx_HAL_Driver/Src/stm32h7xx_hal_dma2d.c ****   /* Set the DMA2D state to Ready*/
1917:Drivers/STM32H7xx_HAL_Driver/Src/stm32h7xx_hal_dma2d.c ****   hdma2d->State = HAL_DMA2D_STATE_READY;
1918:Drivers/STM32H7xx_HAL_Driver/Src/stm32h7xx_hal_dma2d.c **** 
1919:Drivers/STM32H7xx_HAL_Driver/Src/stm32h7xx_hal_dma2d.c ****   /* Process unlocked */
1920:Drivers/STM32H7xx_HAL_Driver/Src/stm32h7xx_hal_dma2d.c ****   __HAL_UNLOCK(hdma2d);
1921:Drivers/STM32H7xx_HAL_Driver/Src/stm32h7xx_hal_dma2d.c **** 
1922:Drivers/STM32H7xx_HAL_Driver/Src/stm32h7xx_hal_dma2d.c ****   return HAL_OK;
1923:Drivers/STM32H7xx_HAL_Driver/Src/stm32h7xx_hal_dma2d.c **** }
1924:Drivers/STM32H7xx_HAL_Driver/Src/stm32h7xx_hal_dma2d.c **** 
1925:Drivers/STM32H7xx_HAL_Driver/Src/stm32h7xx_hal_dma2d.c **** 
1926:Drivers/STM32H7xx_HAL_Driver/Src/stm32h7xx_hal_dma2d.c **** /**
1927:Drivers/STM32H7xx_HAL_Driver/Src/stm32h7xx_hal_dma2d.c ****   * @brief  Configure the line watermark.
1928:Drivers/STM32H7xx_HAL_Driver/Src/stm32h7xx_hal_dma2d.c ****   * @param  hdma2d Pointer to a DMA2D_HandleTypeDef structure that contains
1929:Drivers/STM32H7xx_HAL_Driver/Src/stm32h7xx_hal_dma2d.c ****   *                 the configuration information for the DMA2D.
1930:Drivers/STM32H7xx_HAL_Driver/Src/stm32h7xx_hal_dma2d.c ****   * @param  Line   Line Watermark configuration (maximum 16-bit long value expected).
1931:Drivers/STM32H7xx_HAL_Driver/Src/stm32h7xx_hal_dma2d.c ****   * @note   HAL_DMA2D_ProgramLineEvent() API enables the transfer watermark interrupt.
1932:Drivers/STM32H7xx_HAL_Driver/Src/stm32h7xx_hal_dma2d.c ****   * @note   The transfer watermark interrupt is disabled once it has occurred.
1933:Drivers/STM32H7xx_HAL_Driver/Src/stm32h7xx_hal_dma2d.c ****   * @retval HAL status
1934:Drivers/STM32H7xx_HAL_Driver/Src/stm32h7xx_hal_dma2d.c ****   */
1935:Drivers/STM32H7xx_HAL_Driver/Src/stm32h7xx_hal_dma2d.c **** 
1936:Drivers/STM32H7xx_HAL_Driver/Src/stm32h7xx_hal_dma2d.c **** HAL_StatusTypeDef HAL_DMA2D_ProgramLineEvent(DMA2D_HandleTypeDef *hdma2d, uint32_t Line)
1937:Drivers/STM32H7xx_HAL_Driver/Src/stm32h7xx_hal_dma2d.c **** {
1938:Drivers/STM32H7xx_HAL_Driver/Src/stm32h7xx_hal_dma2d.c ****   /* Check the parameters */
1939:Drivers/STM32H7xx_HAL_Driver/Src/stm32h7xx_hal_dma2d.c ****   if (Line > DMA2D_LWR_LW)
1940:Drivers/STM32H7xx_HAL_Driver/Src/stm32h7xx_hal_dma2d.c ****   {
1941:Drivers/STM32H7xx_HAL_Driver/Src/stm32h7xx_hal_dma2d.c ****     return HAL_ERROR;
1942:Drivers/STM32H7xx_HAL_Driver/Src/stm32h7xx_hal_dma2d.c ****   }
1943:Drivers/STM32H7xx_HAL_Driver/Src/stm32h7xx_hal_dma2d.c ****   else
1944:Drivers/STM32H7xx_HAL_Driver/Src/stm32h7xx_hal_dma2d.c ****   {
1945:Drivers/STM32H7xx_HAL_Driver/Src/stm32h7xx_hal_dma2d.c ****     /* Process locked */
1946:Drivers/STM32H7xx_HAL_Driver/Src/stm32h7xx_hal_dma2d.c ****     __HAL_LOCK(hdma2d);
1947:Drivers/STM32H7xx_HAL_Driver/Src/stm32h7xx_hal_dma2d.c **** 
1948:Drivers/STM32H7xx_HAL_Driver/Src/stm32h7xx_hal_dma2d.c ****     /* Change DMA2D peripheral state */
1949:Drivers/STM32H7xx_HAL_Driver/Src/stm32h7xx_hal_dma2d.c ****     hdma2d->State = HAL_DMA2D_STATE_BUSY;
1950:Drivers/STM32H7xx_HAL_Driver/Src/stm32h7xx_hal_dma2d.c **** 
1951:Drivers/STM32H7xx_HAL_Driver/Src/stm32h7xx_hal_dma2d.c ****     /* Sets the Line watermark configuration */
1952:Drivers/STM32H7xx_HAL_Driver/Src/stm32h7xx_hal_dma2d.c ****     WRITE_REG(hdma2d->Instance->LWR, Line);
1953:Drivers/STM32H7xx_HAL_Driver/Src/stm32h7xx_hal_dma2d.c **** 
1954:Drivers/STM32H7xx_HAL_Driver/Src/stm32h7xx_hal_dma2d.c ****     /* Enable the Line interrupt */
1955:Drivers/STM32H7xx_HAL_Driver/Src/stm32h7xx_hal_dma2d.c ****     __HAL_DMA2D_ENABLE_IT(hdma2d, DMA2D_IT_TW);
1956:Drivers/STM32H7xx_HAL_Driver/Src/stm32h7xx_hal_dma2d.c **** 
1957:Drivers/STM32H7xx_HAL_Driver/Src/stm32h7xx_hal_dma2d.c ****     /* Initialize the DMA2D state*/
1958:Drivers/STM32H7xx_HAL_Driver/Src/stm32h7xx_hal_dma2d.c ****     hdma2d->State = HAL_DMA2D_STATE_READY;
1959:Drivers/STM32H7xx_HAL_Driver/Src/stm32h7xx_hal_dma2d.c **** 
1960:Drivers/STM32H7xx_HAL_Driver/Src/stm32h7xx_hal_dma2d.c ****     /* Process unlocked */
1961:Drivers/STM32H7xx_HAL_Driver/Src/stm32h7xx_hal_dma2d.c ****     __HAL_UNLOCK(hdma2d);
1962:Drivers/STM32H7xx_HAL_Driver/Src/stm32h7xx_hal_dma2d.c **** 
1963:Drivers/STM32H7xx_HAL_Driver/Src/stm32h7xx_hal_dma2d.c ****     return HAL_OK;
1964:Drivers/STM32H7xx_HAL_Driver/Src/stm32h7xx_hal_dma2d.c ****   }
1965:Drivers/STM32H7xx_HAL_Driver/Src/stm32h7xx_hal_dma2d.c **** }
1966:Drivers/STM32H7xx_HAL_Driver/Src/stm32h7xx_hal_dma2d.c **** 
1967:Drivers/STM32H7xx_HAL_Driver/Src/stm32h7xx_hal_dma2d.c **** /**
1968:Drivers/STM32H7xx_HAL_Driver/Src/stm32h7xx_hal_dma2d.c ****   * @brief Enable DMA2D dead time feature.
1969:Drivers/STM32H7xx_HAL_Driver/Src/stm32h7xx_hal_dma2d.c ****   * @param hdma2d DMA2D handle.
ARM GAS  C:\msys64\tmp\ccU8cwaS.s 			page 36


1970:Drivers/STM32H7xx_HAL_Driver/Src/stm32h7xx_hal_dma2d.c ****   * @retval HAL status
1971:Drivers/STM32H7xx_HAL_Driver/Src/stm32h7xx_hal_dma2d.c ****   */
1972:Drivers/STM32H7xx_HAL_Driver/Src/stm32h7xx_hal_dma2d.c **** HAL_StatusTypeDef HAL_DMA2D_EnableDeadTime(DMA2D_HandleTypeDef *hdma2d)
1973:Drivers/STM32H7xx_HAL_Driver/Src/stm32h7xx_hal_dma2d.c **** {
1974:Drivers/STM32H7xx_HAL_Driver/Src/stm32h7xx_hal_dma2d.c ****   /* Process Locked */
1975:Drivers/STM32H7xx_HAL_Driver/Src/stm32h7xx_hal_dma2d.c ****   __HAL_LOCK(hdma2d);
1976:Drivers/STM32H7xx_HAL_Driver/Src/stm32h7xx_hal_dma2d.c **** 
1977:Drivers/STM32H7xx_HAL_Driver/Src/stm32h7xx_hal_dma2d.c ****   hdma2d->State = HAL_DMA2D_STATE_BUSY;
1978:Drivers/STM32H7xx_HAL_Driver/Src/stm32h7xx_hal_dma2d.c **** 
1979:Drivers/STM32H7xx_HAL_Driver/Src/stm32h7xx_hal_dma2d.c ****   /* Set DMA2D_AMTCR EN bit */
1980:Drivers/STM32H7xx_HAL_Driver/Src/stm32h7xx_hal_dma2d.c ****   SET_BIT(hdma2d->Instance->AMTCR, DMA2D_AMTCR_EN);
1981:Drivers/STM32H7xx_HAL_Driver/Src/stm32h7xx_hal_dma2d.c **** 
1982:Drivers/STM32H7xx_HAL_Driver/Src/stm32h7xx_hal_dma2d.c ****   hdma2d->State = HAL_DMA2D_STATE_READY;
1983:Drivers/STM32H7xx_HAL_Driver/Src/stm32h7xx_hal_dma2d.c **** 
1984:Drivers/STM32H7xx_HAL_Driver/Src/stm32h7xx_hal_dma2d.c ****   /* Process Unlocked */
1985:Drivers/STM32H7xx_HAL_Driver/Src/stm32h7xx_hal_dma2d.c ****   __HAL_UNLOCK(hdma2d);
1986:Drivers/STM32H7xx_HAL_Driver/Src/stm32h7xx_hal_dma2d.c **** 
1987:Drivers/STM32H7xx_HAL_Driver/Src/stm32h7xx_hal_dma2d.c ****   return HAL_OK;
1988:Drivers/STM32H7xx_HAL_Driver/Src/stm32h7xx_hal_dma2d.c **** }
1989:Drivers/STM32H7xx_HAL_Driver/Src/stm32h7xx_hal_dma2d.c **** 
1990:Drivers/STM32H7xx_HAL_Driver/Src/stm32h7xx_hal_dma2d.c **** /**
1991:Drivers/STM32H7xx_HAL_Driver/Src/stm32h7xx_hal_dma2d.c ****   * @brief Disable DMA2D dead time feature.
1992:Drivers/STM32H7xx_HAL_Driver/Src/stm32h7xx_hal_dma2d.c ****   * @param hdma2d DMA2D handle.
1993:Drivers/STM32H7xx_HAL_Driver/Src/stm32h7xx_hal_dma2d.c ****   * @retval HAL status
1994:Drivers/STM32H7xx_HAL_Driver/Src/stm32h7xx_hal_dma2d.c ****   */
1995:Drivers/STM32H7xx_HAL_Driver/Src/stm32h7xx_hal_dma2d.c **** HAL_StatusTypeDef HAL_DMA2D_DisableDeadTime(DMA2D_HandleTypeDef *hdma2d)
1996:Drivers/STM32H7xx_HAL_Driver/Src/stm32h7xx_hal_dma2d.c **** {
1997:Drivers/STM32H7xx_HAL_Driver/Src/stm32h7xx_hal_dma2d.c ****   /* Process Locked */
1998:Drivers/STM32H7xx_HAL_Driver/Src/stm32h7xx_hal_dma2d.c ****   __HAL_LOCK(hdma2d);
1999:Drivers/STM32H7xx_HAL_Driver/Src/stm32h7xx_hal_dma2d.c **** 
2000:Drivers/STM32H7xx_HAL_Driver/Src/stm32h7xx_hal_dma2d.c ****   hdma2d->State = HAL_DMA2D_STATE_BUSY;
2001:Drivers/STM32H7xx_HAL_Driver/Src/stm32h7xx_hal_dma2d.c **** 
2002:Drivers/STM32H7xx_HAL_Driver/Src/stm32h7xx_hal_dma2d.c ****   /* Clear DMA2D_AMTCR EN bit */
2003:Drivers/STM32H7xx_HAL_Driver/Src/stm32h7xx_hal_dma2d.c ****   CLEAR_BIT(hdma2d->Instance->AMTCR, DMA2D_AMTCR_EN);
2004:Drivers/STM32H7xx_HAL_Driver/Src/stm32h7xx_hal_dma2d.c **** 
2005:Drivers/STM32H7xx_HAL_Driver/Src/stm32h7xx_hal_dma2d.c ****   hdma2d->State = HAL_DMA2D_STATE_READY;
2006:Drivers/STM32H7xx_HAL_Driver/Src/stm32h7xx_hal_dma2d.c **** 
2007:Drivers/STM32H7xx_HAL_Driver/Src/stm32h7xx_hal_dma2d.c ****   /* Process Unlocked */
2008:Drivers/STM32H7xx_HAL_Driver/Src/stm32h7xx_hal_dma2d.c ****   __HAL_UNLOCK(hdma2d);
2009:Drivers/STM32H7xx_HAL_Driver/Src/stm32h7xx_hal_dma2d.c **** 
2010:Drivers/STM32H7xx_HAL_Driver/Src/stm32h7xx_hal_dma2d.c ****   return HAL_OK;
2011:Drivers/STM32H7xx_HAL_Driver/Src/stm32h7xx_hal_dma2d.c **** }
2012:Drivers/STM32H7xx_HAL_Driver/Src/stm32h7xx_hal_dma2d.c **** 
2013:Drivers/STM32H7xx_HAL_Driver/Src/stm32h7xx_hal_dma2d.c **** /**
2014:Drivers/STM32H7xx_HAL_Driver/Src/stm32h7xx_hal_dma2d.c ****   * @brief Configure dead time.
2015:Drivers/STM32H7xx_HAL_Driver/Src/stm32h7xx_hal_dma2d.c ****   * @note The dead time value represents the guaranteed minimum number of cycles between
2016:Drivers/STM32H7xx_HAL_Driver/Src/stm32h7xx_hal_dma2d.c ****   *       two consecutive transactions on the AHB bus.
2017:Drivers/STM32H7xx_HAL_Driver/Src/stm32h7xx_hal_dma2d.c ****   * @param hdma2d DMA2D handle.
2018:Drivers/STM32H7xx_HAL_Driver/Src/stm32h7xx_hal_dma2d.c ****   * @param DeadTime dead time value.
2019:Drivers/STM32H7xx_HAL_Driver/Src/stm32h7xx_hal_dma2d.c ****   * @retval HAL status
2020:Drivers/STM32H7xx_HAL_Driver/Src/stm32h7xx_hal_dma2d.c ****   */
2021:Drivers/STM32H7xx_HAL_Driver/Src/stm32h7xx_hal_dma2d.c **** HAL_StatusTypeDef HAL_DMA2D_ConfigDeadTime(DMA2D_HandleTypeDef *hdma2d, uint8_t DeadTime)
2022:Drivers/STM32H7xx_HAL_Driver/Src/stm32h7xx_hal_dma2d.c **** {
2023:Drivers/STM32H7xx_HAL_Driver/Src/stm32h7xx_hal_dma2d.c ****   /* Process Locked */
2024:Drivers/STM32H7xx_HAL_Driver/Src/stm32h7xx_hal_dma2d.c ****   __HAL_LOCK(hdma2d);
2025:Drivers/STM32H7xx_HAL_Driver/Src/stm32h7xx_hal_dma2d.c **** 
2026:Drivers/STM32H7xx_HAL_Driver/Src/stm32h7xx_hal_dma2d.c ****   hdma2d->State = HAL_DMA2D_STATE_BUSY;
ARM GAS  C:\msys64\tmp\ccU8cwaS.s 			page 37


2027:Drivers/STM32H7xx_HAL_Driver/Src/stm32h7xx_hal_dma2d.c **** 
2028:Drivers/STM32H7xx_HAL_Driver/Src/stm32h7xx_hal_dma2d.c ****   /* Set DMA2D_AMTCR DT field */
2029:Drivers/STM32H7xx_HAL_Driver/Src/stm32h7xx_hal_dma2d.c ****   MODIFY_REG(hdma2d->Instance->AMTCR, DMA2D_AMTCR_DT, (((uint32_t) DeadTime) << DMA2D_AMTCR_DT_Pos)
2030:Drivers/STM32H7xx_HAL_Driver/Src/stm32h7xx_hal_dma2d.c **** 
2031:Drivers/STM32H7xx_HAL_Driver/Src/stm32h7xx_hal_dma2d.c ****   hdma2d->State = HAL_DMA2D_STATE_READY;
2032:Drivers/STM32H7xx_HAL_Driver/Src/stm32h7xx_hal_dma2d.c **** 
2033:Drivers/STM32H7xx_HAL_Driver/Src/stm32h7xx_hal_dma2d.c ****   /* Process Unlocked */
2034:Drivers/STM32H7xx_HAL_Driver/Src/stm32h7xx_hal_dma2d.c ****   __HAL_UNLOCK(hdma2d);
2035:Drivers/STM32H7xx_HAL_Driver/Src/stm32h7xx_hal_dma2d.c **** 
2036:Drivers/STM32H7xx_HAL_Driver/Src/stm32h7xx_hal_dma2d.c ****   return HAL_OK;
2037:Drivers/STM32H7xx_HAL_Driver/Src/stm32h7xx_hal_dma2d.c **** }
2038:Drivers/STM32H7xx_HAL_Driver/Src/stm32h7xx_hal_dma2d.c **** 
2039:Drivers/STM32H7xx_HAL_Driver/Src/stm32h7xx_hal_dma2d.c **** /**
2040:Drivers/STM32H7xx_HAL_Driver/Src/stm32h7xx_hal_dma2d.c ****   * @}
2041:Drivers/STM32H7xx_HAL_Driver/Src/stm32h7xx_hal_dma2d.c ****   */
2042:Drivers/STM32H7xx_HAL_Driver/Src/stm32h7xx_hal_dma2d.c **** 
2043:Drivers/STM32H7xx_HAL_Driver/Src/stm32h7xx_hal_dma2d.c **** 
2044:Drivers/STM32H7xx_HAL_Driver/Src/stm32h7xx_hal_dma2d.c **** /** @defgroup DMA2D_Exported_Functions_Group4 Peripheral State and Error functions
2045:Drivers/STM32H7xx_HAL_Driver/Src/stm32h7xx_hal_dma2d.c ****   *  @brief    Peripheral State functions
2046:Drivers/STM32H7xx_HAL_Driver/Src/stm32h7xx_hal_dma2d.c ****   *
2047:Drivers/STM32H7xx_HAL_Driver/Src/stm32h7xx_hal_dma2d.c **** @verbatim
2048:Drivers/STM32H7xx_HAL_Driver/Src/stm32h7xx_hal_dma2d.c ****  ===============================================================================
2049:Drivers/STM32H7xx_HAL_Driver/Src/stm32h7xx_hal_dma2d.c ****                   ##### Peripheral State and Errors functions #####
2050:Drivers/STM32H7xx_HAL_Driver/Src/stm32h7xx_hal_dma2d.c ****  ===============================================================================
2051:Drivers/STM32H7xx_HAL_Driver/Src/stm32h7xx_hal_dma2d.c ****     [..]
2052:Drivers/STM32H7xx_HAL_Driver/Src/stm32h7xx_hal_dma2d.c ****     This subsection provides functions allowing to:
2053:Drivers/STM32H7xx_HAL_Driver/Src/stm32h7xx_hal_dma2d.c ****       (+) Get the DMA2D state
2054:Drivers/STM32H7xx_HAL_Driver/Src/stm32h7xx_hal_dma2d.c ****       (+) Get the DMA2D error code
2055:Drivers/STM32H7xx_HAL_Driver/Src/stm32h7xx_hal_dma2d.c **** 
2056:Drivers/STM32H7xx_HAL_Driver/Src/stm32h7xx_hal_dma2d.c **** @endverbatim
2057:Drivers/STM32H7xx_HAL_Driver/Src/stm32h7xx_hal_dma2d.c ****   * @{
2058:Drivers/STM32H7xx_HAL_Driver/Src/stm32h7xx_hal_dma2d.c ****   */
2059:Drivers/STM32H7xx_HAL_Driver/Src/stm32h7xx_hal_dma2d.c **** 
2060:Drivers/STM32H7xx_HAL_Driver/Src/stm32h7xx_hal_dma2d.c **** /**
2061:Drivers/STM32H7xx_HAL_Driver/Src/stm32h7xx_hal_dma2d.c ****   * @brief  Return the DMA2D state
2062:Drivers/STM32H7xx_HAL_Driver/Src/stm32h7xx_hal_dma2d.c ****   * @param  hdma2d pointer to a DMA2D_HandleTypeDef structure that contains
2063:Drivers/STM32H7xx_HAL_Driver/Src/stm32h7xx_hal_dma2d.c ****   *                 the configuration information for the DMA2D.
2064:Drivers/STM32H7xx_HAL_Driver/Src/stm32h7xx_hal_dma2d.c ****   * @retval HAL state
2065:Drivers/STM32H7xx_HAL_Driver/Src/stm32h7xx_hal_dma2d.c ****   */
2066:Drivers/STM32H7xx_HAL_Driver/Src/stm32h7xx_hal_dma2d.c **** HAL_DMA2D_StateTypeDef HAL_DMA2D_GetState(const DMA2D_HandleTypeDef *hdma2d)
2067:Drivers/STM32H7xx_HAL_Driver/Src/stm32h7xx_hal_dma2d.c **** {
2068:Drivers/STM32H7xx_HAL_Driver/Src/stm32h7xx_hal_dma2d.c ****   return hdma2d->State;
2069:Drivers/STM32H7xx_HAL_Driver/Src/stm32h7xx_hal_dma2d.c **** }
2070:Drivers/STM32H7xx_HAL_Driver/Src/stm32h7xx_hal_dma2d.c **** 
2071:Drivers/STM32H7xx_HAL_Driver/Src/stm32h7xx_hal_dma2d.c **** /**
2072:Drivers/STM32H7xx_HAL_Driver/Src/stm32h7xx_hal_dma2d.c ****   * @brief  Return the DMA2D error code
2073:Drivers/STM32H7xx_HAL_Driver/Src/stm32h7xx_hal_dma2d.c ****   * @param  hdma2d  pointer to a DMA2D_HandleTypeDef structure that contains
2074:Drivers/STM32H7xx_HAL_Driver/Src/stm32h7xx_hal_dma2d.c ****   *               the configuration information for DMA2D.
2075:Drivers/STM32H7xx_HAL_Driver/Src/stm32h7xx_hal_dma2d.c ****   * @retval DMA2D Error Code
2076:Drivers/STM32H7xx_HAL_Driver/Src/stm32h7xx_hal_dma2d.c ****   */
2077:Drivers/STM32H7xx_HAL_Driver/Src/stm32h7xx_hal_dma2d.c **** uint32_t HAL_DMA2D_GetError(const DMA2D_HandleTypeDef *hdma2d)
2078:Drivers/STM32H7xx_HAL_Driver/Src/stm32h7xx_hal_dma2d.c **** {
2079:Drivers/STM32H7xx_HAL_Driver/Src/stm32h7xx_hal_dma2d.c ****   return hdma2d->ErrorCode;
2080:Drivers/STM32H7xx_HAL_Driver/Src/stm32h7xx_hal_dma2d.c **** }
2081:Drivers/STM32H7xx_HAL_Driver/Src/stm32h7xx_hal_dma2d.c **** 
2082:Drivers/STM32H7xx_HAL_Driver/Src/stm32h7xx_hal_dma2d.c **** /**
2083:Drivers/STM32H7xx_HAL_Driver/Src/stm32h7xx_hal_dma2d.c ****   * @}
ARM GAS  C:\msys64\tmp\ccU8cwaS.s 			page 38


2084:Drivers/STM32H7xx_HAL_Driver/Src/stm32h7xx_hal_dma2d.c ****   */
2085:Drivers/STM32H7xx_HAL_Driver/Src/stm32h7xx_hal_dma2d.c **** 
2086:Drivers/STM32H7xx_HAL_Driver/Src/stm32h7xx_hal_dma2d.c **** /**
2087:Drivers/STM32H7xx_HAL_Driver/Src/stm32h7xx_hal_dma2d.c ****   * @}
2088:Drivers/STM32H7xx_HAL_Driver/Src/stm32h7xx_hal_dma2d.c ****   */
2089:Drivers/STM32H7xx_HAL_Driver/Src/stm32h7xx_hal_dma2d.c **** 
2090:Drivers/STM32H7xx_HAL_Driver/Src/stm32h7xx_hal_dma2d.c **** 
2091:Drivers/STM32H7xx_HAL_Driver/Src/stm32h7xx_hal_dma2d.c **** /** @defgroup DMA2D_Private_Functions DMA2D Private Functions
2092:Drivers/STM32H7xx_HAL_Driver/Src/stm32h7xx_hal_dma2d.c ****   * @{
2093:Drivers/STM32H7xx_HAL_Driver/Src/stm32h7xx_hal_dma2d.c ****   */
2094:Drivers/STM32H7xx_HAL_Driver/Src/stm32h7xx_hal_dma2d.c **** 
2095:Drivers/STM32H7xx_HAL_Driver/Src/stm32h7xx_hal_dma2d.c **** /**
2096:Drivers/STM32H7xx_HAL_Driver/Src/stm32h7xx_hal_dma2d.c ****   * @brief  Set the DMA2D transfer parameters.
2097:Drivers/STM32H7xx_HAL_Driver/Src/stm32h7xx_hal_dma2d.c ****   * @param  hdma2d     Pointer to a DMA2D_HandleTypeDef structure that contains
2098:Drivers/STM32H7xx_HAL_Driver/Src/stm32h7xx_hal_dma2d.c ****   *                     the configuration information for the specified DMA2D.
2099:Drivers/STM32H7xx_HAL_Driver/Src/stm32h7xx_hal_dma2d.c ****   * @param  pdata      The source memory Buffer address
2100:Drivers/STM32H7xx_HAL_Driver/Src/stm32h7xx_hal_dma2d.c ****   * @param  DstAddress The destination memory Buffer address
2101:Drivers/STM32H7xx_HAL_Driver/Src/stm32h7xx_hal_dma2d.c ****   * @param  Width      The width of data to be transferred from source to destination.
2102:Drivers/STM32H7xx_HAL_Driver/Src/stm32h7xx_hal_dma2d.c ****   * @param  Height     The height of data to be transferred from source to destination.
2103:Drivers/STM32H7xx_HAL_Driver/Src/stm32h7xx_hal_dma2d.c ****   * @retval HAL status
2104:Drivers/STM32H7xx_HAL_Driver/Src/stm32h7xx_hal_dma2d.c ****   */
2105:Drivers/STM32H7xx_HAL_Driver/Src/stm32h7xx_hal_dma2d.c **** static void DMA2D_SetConfig(DMA2D_HandleTypeDef *hdma2d, uint32_t pdata, uint32_t DstAddress, uint3
2106:Drivers/STM32H7xx_HAL_Driver/Src/stm32h7xx_hal_dma2d.c ****                             uint32_t Height)
2107:Drivers/STM32H7xx_HAL_Driver/Src/stm32h7xx_hal_dma2d.c **** {
  28              		.loc 1 2107 1 view -0
  29              		.cfi_startproc
  30              		@ args = 4, pretend = 0, frame = 0
  31              		@ frame_needed = 0, uses_anonymous_args = 0
  32              		.loc 1 2107 1 is_stmt 0 view .LVU1
  33 0000 30B5     		push	{r4, r5, lr}
  34              	.LCFI0:
  35              		.cfi_def_cfa_offset 12
  36              		.cfi_offset 4, -12
  37              		.cfi_offset 5, -8
  38              		.cfi_offset 14, -4
2108:Drivers/STM32H7xx_HAL_Driver/Src/stm32h7xx_hal_dma2d.c ****   uint32_t tmp;
  39              		.loc 1 2108 3 is_stmt 1 view .LVU2
2109:Drivers/STM32H7xx_HAL_Driver/Src/stm32h7xx_hal_dma2d.c ****   uint32_t tmp1;
  40              		.loc 1 2109 3 view .LVU3
2110:Drivers/STM32H7xx_HAL_Driver/Src/stm32h7xx_hal_dma2d.c ****   uint32_t tmp2;
  41              		.loc 1 2110 3 view .LVU4
2111:Drivers/STM32H7xx_HAL_Driver/Src/stm32h7xx_hal_dma2d.c ****   uint32_t tmp3;
  42              		.loc 1 2111 3 view .LVU5
2112:Drivers/STM32H7xx_HAL_Driver/Src/stm32h7xx_hal_dma2d.c ****   uint32_t tmp4;
  43              		.loc 1 2112 3 view .LVU6
2113:Drivers/STM32H7xx_HAL_Driver/Src/stm32h7xx_hal_dma2d.c **** 
2114:Drivers/STM32H7xx_HAL_Driver/Src/stm32h7xx_hal_dma2d.c ****   /* Configure DMA2D data size */
2115:Drivers/STM32H7xx_HAL_Driver/Src/stm32h7xx_hal_dma2d.c ****   MODIFY_REG(hdma2d->Instance->NLR, (DMA2D_NLR_NL | DMA2D_NLR_PL), (Height | (Width << DMA2D_NLR_PL
  44              		.loc 1 2115 3 view .LVU7
  45 0002 0568     		ldr	r5, [r0]
  46 0004 6C6C     		ldr	r4, [r5, #68]
  47 0006 04F0404C 		and	ip, r4, #-1073741824
  48 000a 039C     		ldr	r4, [sp, #12]
  49 000c 44EA0344 		orr	r4, r4, r3, lsl #16
  50 0010 4CEA0404 		orr	r4, ip, r4
  51 0014 6C64     		str	r4, [r5, #68]
2116:Drivers/STM32H7xx_HAL_Driver/Src/stm32h7xx_hal_dma2d.c **** 
ARM GAS  C:\msys64\tmp\ccU8cwaS.s 			page 39


2117:Drivers/STM32H7xx_HAL_Driver/Src/stm32h7xx_hal_dma2d.c ****   /* Configure DMA2D destination address */
2118:Drivers/STM32H7xx_HAL_Driver/Src/stm32h7xx_hal_dma2d.c ****   WRITE_REG(hdma2d->Instance->OMAR, DstAddress);
  52              		.loc 1 2118 3 view .LVU8
  53 0016 0368     		ldr	r3, [r0]
  54              	.LVL1:
  55              		.loc 1 2118 3 is_stmt 0 view .LVU9
  56 0018 DA63     		str	r2, [r3, #60]
2119:Drivers/STM32H7xx_HAL_Driver/Src/stm32h7xx_hal_dma2d.c **** 
2120:Drivers/STM32H7xx_HAL_Driver/Src/stm32h7xx_hal_dma2d.c ****   /* Register to memory DMA2D mode selected */
2121:Drivers/STM32H7xx_HAL_Driver/Src/stm32h7xx_hal_dma2d.c ****   if (hdma2d->Init.Mode == DMA2D_R2M)
  57              		.loc 1 2121 3 is_stmt 1 view .LVU10
  58              		.loc 1 2121 19 is_stmt 0 view .LVU11
  59 001a 4368     		ldr	r3, [r0, #4]
  60              		.loc 1 2121 6 view .LVU12
  61 001c B3F5403F 		cmp	r3, #196608
  62 0020 05D0     		beq	.L13
2122:Drivers/STM32H7xx_HAL_Driver/Src/stm32h7xx_hal_dma2d.c ****   {
2123:Drivers/STM32H7xx_HAL_Driver/Src/stm32h7xx_hal_dma2d.c ****     tmp1 = pdata & DMA2D_OCOLR_ALPHA_1;
2124:Drivers/STM32H7xx_HAL_Driver/Src/stm32h7xx_hal_dma2d.c ****     tmp2 = pdata & DMA2D_OCOLR_RED_1;
2125:Drivers/STM32H7xx_HAL_Driver/Src/stm32h7xx_hal_dma2d.c ****     tmp3 = pdata & DMA2D_OCOLR_GREEN_1;
2126:Drivers/STM32H7xx_HAL_Driver/Src/stm32h7xx_hal_dma2d.c ****     tmp4 = pdata & DMA2D_OCOLR_BLUE_1;
2127:Drivers/STM32H7xx_HAL_Driver/Src/stm32h7xx_hal_dma2d.c **** 
2128:Drivers/STM32H7xx_HAL_Driver/Src/stm32h7xx_hal_dma2d.c ****     /* Prepare the value to be written to the OCOLR register according to the color mode */
2129:Drivers/STM32H7xx_HAL_Driver/Src/stm32h7xx_hal_dma2d.c ****     if (hdma2d->Init.ColorMode == DMA2D_OUTPUT_ARGB8888)
2130:Drivers/STM32H7xx_HAL_Driver/Src/stm32h7xx_hal_dma2d.c ****     {
2131:Drivers/STM32H7xx_HAL_Driver/Src/stm32h7xx_hal_dma2d.c ****       tmp = (tmp3 | tmp2 | tmp1 | tmp4);
2132:Drivers/STM32H7xx_HAL_Driver/Src/stm32h7xx_hal_dma2d.c ****     }
2133:Drivers/STM32H7xx_HAL_Driver/Src/stm32h7xx_hal_dma2d.c ****     else if (hdma2d->Init.ColorMode == DMA2D_OUTPUT_RGB888)
2134:Drivers/STM32H7xx_HAL_Driver/Src/stm32h7xx_hal_dma2d.c ****     {
2135:Drivers/STM32H7xx_HAL_Driver/Src/stm32h7xx_hal_dma2d.c ****       tmp = (tmp3 | tmp2 | tmp4);
2136:Drivers/STM32H7xx_HAL_Driver/Src/stm32h7xx_hal_dma2d.c ****     }
2137:Drivers/STM32H7xx_HAL_Driver/Src/stm32h7xx_hal_dma2d.c ****     else if (hdma2d->Init.ColorMode == DMA2D_OUTPUT_RGB565)
2138:Drivers/STM32H7xx_HAL_Driver/Src/stm32h7xx_hal_dma2d.c ****     {
2139:Drivers/STM32H7xx_HAL_Driver/Src/stm32h7xx_hal_dma2d.c ****       tmp2 = (tmp2 >> 19U);
2140:Drivers/STM32H7xx_HAL_Driver/Src/stm32h7xx_hal_dma2d.c ****       tmp3 = (tmp3 >> 10U);
2141:Drivers/STM32H7xx_HAL_Driver/Src/stm32h7xx_hal_dma2d.c ****       tmp4 = (tmp4 >> 3U);
2142:Drivers/STM32H7xx_HAL_Driver/Src/stm32h7xx_hal_dma2d.c ****       tmp  = ((tmp3 << 5U) | (tmp2 << 11U) | tmp4);
2143:Drivers/STM32H7xx_HAL_Driver/Src/stm32h7xx_hal_dma2d.c ****     }
2144:Drivers/STM32H7xx_HAL_Driver/Src/stm32h7xx_hal_dma2d.c ****     else if (hdma2d->Init.ColorMode == DMA2D_OUTPUT_ARGB1555)
2145:Drivers/STM32H7xx_HAL_Driver/Src/stm32h7xx_hal_dma2d.c ****     {
2146:Drivers/STM32H7xx_HAL_Driver/Src/stm32h7xx_hal_dma2d.c ****       tmp1 = (tmp1 >> 31U);
2147:Drivers/STM32H7xx_HAL_Driver/Src/stm32h7xx_hal_dma2d.c ****       tmp2 = (tmp2 >> 19U);
2148:Drivers/STM32H7xx_HAL_Driver/Src/stm32h7xx_hal_dma2d.c ****       tmp3 = (tmp3 >> 11U);
2149:Drivers/STM32H7xx_HAL_Driver/Src/stm32h7xx_hal_dma2d.c ****       tmp4 = (tmp4 >> 3U);
2150:Drivers/STM32H7xx_HAL_Driver/Src/stm32h7xx_hal_dma2d.c ****       tmp  = ((tmp3 << 5U) | (tmp2 << 10U) | (tmp1 << 15U) | tmp4);
2151:Drivers/STM32H7xx_HAL_Driver/Src/stm32h7xx_hal_dma2d.c ****     }
2152:Drivers/STM32H7xx_HAL_Driver/Src/stm32h7xx_hal_dma2d.c ****     else /* Dhdma2d->Init.ColorMode = DMA2D_OUTPUT_ARGB4444 */
2153:Drivers/STM32H7xx_HAL_Driver/Src/stm32h7xx_hal_dma2d.c ****     {
2154:Drivers/STM32H7xx_HAL_Driver/Src/stm32h7xx_hal_dma2d.c ****       tmp1 = (tmp1 >> 28U);
2155:Drivers/STM32H7xx_HAL_Driver/Src/stm32h7xx_hal_dma2d.c ****       tmp2 = (tmp2 >> 20U);
2156:Drivers/STM32H7xx_HAL_Driver/Src/stm32h7xx_hal_dma2d.c ****       tmp3 = (tmp3 >> 12U);
2157:Drivers/STM32H7xx_HAL_Driver/Src/stm32h7xx_hal_dma2d.c ****       tmp4 = (tmp4 >> 4U);
2158:Drivers/STM32H7xx_HAL_Driver/Src/stm32h7xx_hal_dma2d.c ****       tmp  = ((tmp3 << 4U) | (tmp2 << 8U) | (tmp1 << 12U) | tmp4);
2159:Drivers/STM32H7xx_HAL_Driver/Src/stm32h7xx_hal_dma2d.c ****     }
2160:Drivers/STM32H7xx_HAL_Driver/Src/stm32h7xx_hal_dma2d.c ****     /* Write to DMA2D OCOLR register */
2161:Drivers/STM32H7xx_HAL_Driver/Src/stm32h7xx_hal_dma2d.c ****     WRITE_REG(hdma2d->Instance->OCOLR, tmp);
2162:Drivers/STM32H7xx_HAL_Driver/Src/stm32h7xx_hal_dma2d.c ****   }
ARM GAS  C:\msys64\tmp\ccU8cwaS.s 			page 40


2163:Drivers/STM32H7xx_HAL_Driver/Src/stm32h7xx_hal_dma2d.c ****   else if (hdma2d->Init.Mode == DMA2D_M2M_BLEND_FG) /*M2M_blending with fixed color FG DMA2D Mode s
  63              		.loc 1 2163 8 is_stmt 1 view .LVU13
  64              		.loc 1 2163 11 is_stmt 0 view .LVU14
  65 0022 B3F5802F 		cmp	r3, #262144
  66 0026 35D0     		beq	.L14
2164:Drivers/STM32H7xx_HAL_Driver/Src/stm32h7xx_hal_dma2d.c ****   {
2165:Drivers/STM32H7xx_HAL_Driver/Src/stm32h7xx_hal_dma2d.c ****     WRITE_REG(hdma2d->Instance->BGMAR, pdata);
2166:Drivers/STM32H7xx_HAL_Driver/Src/stm32h7xx_hal_dma2d.c ****   }
2167:Drivers/STM32H7xx_HAL_Driver/Src/stm32h7xx_hal_dma2d.c ****   else /* M2M, M2M_PFC,M2M_Blending or M2M_blending with fixed color BG DMA2D Mode */
2168:Drivers/STM32H7xx_HAL_Driver/Src/stm32h7xx_hal_dma2d.c ****   {
2169:Drivers/STM32H7xx_HAL_Driver/Src/stm32h7xx_hal_dma2d.c ****     /* Configure DMA2D source address */
2170:Drivers/STM32H7xx_HAL_Driver/Src/stm32h7xx_hal_dma2d.c ****     WRITE_REG(hdma2d->Instance->FGMAR, pdata);
  67              		.loc 1 2170 5 is_stmt 1 view .LVU15
  68 0028 0368     		ldr	r3, [r0]
  69 002a D960     		str	r1, [r3, #12]
  70              	.LVL2:
  71              	.L1:
2171:Drivers/STM32H7xx_HAL_Driver/Src/stm32h7xx_hal_dma2d.c ****   }
2172:Drivers/STM32H7xx_HAL_Driver/Src/stm32h7xx_hal_dma2d.c **** }
  72              		.loc 1 2172 1 is_stmt 0 view .LVU16
  73 002c 30BD     		pop	{r4, r5, pc}
  74              	.LVL3:
  75              	.L13:
2123:Drivers/STM32H7xx_HAL_Driver/Src/stm32h7xx_hal_dma2d.c ****     tmp2 = pdata & DMA2D_OCOLR_RED_1;
  76              		.loc 1 2123 5 is_stmt 1 view .LVU17
2123:Drivers/STM32H7xx_HAL_Driver/Src/stm32h7xx_hal_dma2d.c ****     tmp2 = pdata & DMA2D_OCOLR_RED_1;
  77              		.loc 1 2123 10 is_stmt 0 view .LVU18
  78 002e 01F07F4C 		and	ip, r1, #-16777216
  79              	.LVL4:
2124:Drivers/STM32H7xx_HAL_Driver/Src/stm32h7xx_hal_dma2d.c ****     tmp3 = pdata & DMA2D_OCOLR_GREEN_1;
  80              		.loc 1 2124 5 is_stmt 1 view .LVU19
2124:Drivers/STM32H7xx_HAL_Driver/Src/stm32h7xx_hal_dma2d.c ****     tmp3 = pdata & DMA2D_OCOLR_GREEN_1;
  81              		.loc 1 2124 10 is_stmt 0 view .LVU20
  82 0032 01F47F03 		and	r3, r1, #16711680
  83              	.LVL5:
2125:Drivers/STM32H7xx_HAL_Driver/Src/stm32h7xx_hal_dma2d.c ****     tmp4 = pdata & DMA2D_OCOLR_BLUE_1;
  84              		.loc 1 2125 5 is_stmt 1 view .LVU21
2125:Drivers/STM32H7xx_HAL_Driver/Src/stm32h7xx_hal_dma2d.c ****     tmp4 = pdata & DMA2D_OCOLR_BLUE_1;
  85              		.loc 1 2125 10 is_stmt 0 view .LVU22
  86 0036 01F47F45 		and	r5, r1, #65280
  87              	.LVL6:
2126:Drivers/STM32H7xx_HAL_Driver/Src/stm32h7xx_hal_dma2d.c **** 
  88              		.loc 1 2126 5 is_stmt 1 view .LVU23
2126:Drivers/STM32H7xx_HAL_Driver/Src/stm32h7xx_hal_dma2d.c **** 
  89              		.loc 1 2126 10 is_stmt 0 view .LVU24
  90 003a CAB2     		uxtb	r2, r1
  91              	.LVL7:
2129:Drivers/STM32H7xx_HAL_Driver/Src/stm32h7xx_hal_dma2d.c ****     {
  92              		.loc 1 2129 5 is_stmt 1 view .LVU25
2129:Drivers/STM32H7xx_HAL_Driver/Src/stm32h7xx_hal_dma2d.c ****     {
  93              		.loc 1 2129 21 is_stmt 0 view .LVU26
  94 003c 8468     		ldr	r4, [r0, #8]
  95 003e 032C     		cmp	r4, #3
  96 0040 1CD8     		bhi	.L3
  97 0042 DFE804F0 		tbb	[pc, r4]
  98              	.L5:
  99 0046 04       		.byte	(.L8-.L5)/2
ARM GAS  C:\msys64\tmp\ccU8cwaS.s 			page 41


 100 0047 02       		.byte	(.L7-.L5)/2
 101 0048 07       		.byte	(.L6-.L5)/2
 102 0049 0F       		.byte	(.L4-.L5)/2
 103              		.p2align 1
 104              	.L7:
2135:Drivers/STM32H7xx_HAL_Driver/Src/stm32h7xx_hal_dma2d.c ****     }
 105              		.loc 1 2135 7 is_stmt 1 view .LVU27
2135:Drivers/STM32H7xx_HAL_Driver/Src/stm32h7xx_hal_dma2d.c ****     }
 106              		.loc 1 2135 11 is_stmt 0 view .LVU28
 107 004a 21F07F41 		bic	r1, r1, #-16777216
 108              	.LVL8:
 109              	.L8:
2161:Drivers/STM32H7xx_HAL_Driver/Src/stm32h7xx_hal_dma2d.c ****   }
 110              		.loc 1 2161 5 is_stmt 1 view .LVU29
 111 004e 0368     		ldr	r3, [r0]
 112 0050 9963     		str	r1, [r3, #56]
2161:Drivers/STM32H7xx_HAL_Driver/Src/stm32h7xx_hal_dma2d.c ****   }
 113              		.loc 1 2161 5 is_stmt 0 view .LVU30
 114 0052 EBE7     		b	.L1
 115              	.LVL9:
 116              	.L6:
2139:Drivers/STM32H7xx_HAL_Driver/Src/stm32h7xx_hal_dma2d.c ****       tmp3 = (tmp3 >> 10U);
 117              		.loc 1 2139 7 is_stmt 1 view .LVU31
2139:Drivers/STM32H7xx_HAL_Driver/Src/stm32h7xx_hal_dma2d.c ****       tmp3 = (tmp3 >> 10U);
 118              		.loc 1 2139 12 is_stmt 0 view .LVU32
 119 0054 DB0C     		lsrs	r3, r3, #19
 120              	.LVL10:
2140:Drivers/STM32H7xx_HAL_Driver/Src/stm32h7xx_hal_dma2d.c ****       tmp4 = (tmp4 >> 3U);
 121              		.loc 1 2140 7 is_stmt 1 view .LVU33
2140:Drivers/STM32H7xx_HAL_Driver/Src/stm32h7xx_hal_dma2d.c ****       tmp4 = (tmp4 >> 3U);
 122              		.loc 1 2140 12 is_stmt 0 view .LVU34
 123 0056 AD0A     		lsrs	r5, r5, #10
 124              	.LVL11:
2141:Drivers/STM32H7xx_HAL_Driver/Src/stm32h7xx_hal_dma2d.c ****       tmp  = ((tmp3 << 5U) | (tmp2 << 11U) | tmp4);
 125              		.loc 1 2141 7 is_stmt 1 view .LVU35
2142:Drivers/STM32H7xx_HAL_Driver/Src/stm32h7xx_hal_dma2d.c ****     }
 126              		.loc 1 2142 7 view .LVU36
2142:Drivers/STM32H7xx_HAL_Driver/Src/stm32h7xx_hal_dma2d.c ****     }
 127              		.loc 1 2142 36 is_stmt 0 view .LVU37
 128 0058 DB02     		lsls	r3, r3, #11
 129              	.LVL12:
2142:Drivers/STM32H7xx_HAL_Driver/Src/stm32h7xx_hal_dma2d.c ****     }
 130              		.loc 1 2142 28 view .LVU38
 131 005a 43EA4513 		orr	r3, r3, r5, lsl #5
2142:Drivers/STM32H7xx_HAL_Driver/Src/stm32h7xx_hal_dma2d.c ****     }
 132              		.loc 1 2142 12 view .LVU39
 133 005e 43EAD201 		orr	r1, r3, r2, lsr #3
 134              	.LVL13:
2142:Drivers/STM32H7xx_HAL_Driver/Src/stm32h7xx_hal_dma2d.c ****     }
 135              		.loc 1 2142 12 view .LVU40
 136 0062 F4E7     		b	.L8
 137              	.LVL14:
 138              	.L4:
2146:Drivers/STM32H7xx_HAL_Driver/Src/stm32h7xx_hal_dma2d.c ****       tmp2 = (tmp2 >> 19U);
 139              		.loc 1 2146 7 is_stmt 1 view .LVU41
2146:Drivers/STM32H7xx_HAL_Driver/Src/stm32h7xx_hal_dma2d.c ****       tmp2 = (tmp2 >> 19U);
 140              		.loc 1 2146 12 is_stmt 0 view .LVU42
ARM GAS  C:\msys64\tmp\ccU8cwaS.s 			page 42


 141 0064 4FEADC7C 		lsr	ip, ip, #31
 142              	.LVL15:
2147:Drivers/STM32H7xx_HAL_Driver/Src/stm32h7xx_hal_dma2d.c ****       tmp3 = (tmp3 >> 11U);
 143              		.loc 1 2147 7 is_stmt 1 view .LVU43
2147:Drivers/STM32H7xx_HAL_Driver/Src/stm32h7xx_hal_dma2d.c ****       tmp3 = (tmp3 >> 11U);
 144              		.loc 1 2147 12 is_stmt 0 view .LVU44
 145 0068 DB0C     		lsrs	r3, r3, #19
 146              	.LVL16:
2148:Drivers/STM32H7xx_HAL_Driver/Src/stm32h7xx_hal_dma2d.c ****       tmp4 = (tmp4 >> 3U);
 147              		.loc 1 2148 7 is_stmt 1 view .LVU45
2148:Drivers/STM32H7xx_HAL_Driver/Src/stm32h7xx_hal_dma2d.c ****       tmp4 = (tmp4 >> 3U);
 148              		.loc 1 2148 12 is_stmt 0 view .LVU46
 149 006a ED0A     		lsrs	r5, r5, #11
 150              	.LVL17:
2149:Drivers/STM32H7xx_HAL_Driver/Src/stm32h7xx_hal_dma2d.c ****       tmp  = ((tmp3 << 5U) | (tmp2 << 10U) | (tmp1 << 15U) | tmp4);
 151              		.loc 1 2149 7 is_stmt 1 view .LVU47
2150:Drivers/STM32H7xx_HAL_Driver/Src/stm32h7xx_hal_dma2d.c ****     }
 152              		.loc 1 2150 7 view .LVU48
2150:Drivers/STM32H7xx_HAL_Driver/Src/stm32h7xx_hal_dma2d.c ****     }
 153              		.loc 1 2150 36 is_stmt 0 view .LVU49
 154 006c 9B02     		lsls	r3, r3, #10
 155              	.LVL18:
2150:Drivers/STM32H7xx_HAL_Driver/Src/stm32h7xx_hal_dma2d.c ****     }
 156              		.loc 1 2150 28 view .LVU50
 157 006e 43EA4513 		orr	r3, r3, r5, lsl #5
2150:Drivers/STM32H7xx_HAL_Driver/Src/stm32h7xx_hal_dma2d.c ****     }
 158              		.loc 1 2150 44 view .LVU51
 159 0072 43EACC33 		orr	r3, r3, ip, lsl #15
2150:Drivers/STM32H7xx_HAL_Driver/Src/stm32h7xx_hal_dma2d.c ****     }
 160              		.loc 1 2150 12 view .LVU52
 161 0076 43EAD201 		orr	r1, r3, r2, lsr #3
 162              	.LVL19:
2150:Drivers/STM32H7xx_HAL_Driver/Src/stm32h7xx_hal_dma2d.c ****     }
 163              		.loc 1 2150 12 view .LVU53
 164 007a E8E7     		b	.L8
 165              	.LVL20:
 166              	.L3:
2154:Drivers/STM32H7xx_HAL_Driver/Src/stm32h7xx_hal_dma2d.c ****       tmp2 = (tmp2 >> 20U);
 167              		.loc 1 2154 7 is_stmt 1 view .LVU54
2154:Drivers/STM32H7xx_HAL_Driver/Src/stm32h7xx_hal_dma2d.c ****       tmp2 = (tmp2 >> 20U);
 168              		.loc 1 2154 12 is_stmt 0 view .LVU55
 169 007c 4FEA1C7C 		lsr	ip, ip, #28
 170              	.LVL21:
2155:Drivers/STM32H7xx_HAL_Driver/Src/stm32h7xx_hal_dma2d.c ****       tmp3 = (tmp3 >> 12U);
 171              		.loc 1 2155 7 is_stmt 1 view .LVU56
2155:Drivers/STM32H7xx_HAL_Driver/Src/stm32h7xx_hal_dma2d.c ****       tmp3 = (tmp3 >> 12U);
 172              		.loc 1 2155 12 is_stmt 0 view .LVU57
 173 0080 1B0D     		lsrs	r3, r3, #20
 174              	.LVL22:
2156:Drivers/STM32H7xx_HAL_Driver/Src/stm32h7xx_hal_dma2d.c ****       tmp4 = (tmp4 >> 4U);
 175              		.loc 1 2156 7 is_stmt 1 view .LVU58
2156:Drivers/STM32H7xx_HAL_Driver/Src/stm32h7xx_hal_dma2d.c ****       tmp4 = (tmp4 >> 4U);
 176              		.loc 1 2156 12 is_stmt 0 view .LVU59
 177 0082 2D0B     		lsrs	r5, r5, #12
 178              	.LVL23:
2157:Drivers/STM32H7xx_HAL_Driver/Src/stm32h7xx_hal_dma2d.c ****       tmp  = ((tmp3 << 4U) | (tmp2 << 8U) | (tmp1 << 12U) | tmp4);
 179              		.loc 1 2157 7 is_stmt 1 view .LVU60
ARM GAS  C:\msys64\tmp\ccU8cwaS.s 			page 43


2158:Drivers/STM32H7xx_HAL_Driver/Src/stm32h7xx_hal_dma2d.c ****     }
 180              		.loc 1 2158 7 view .LVU61
2158:Drivers/STM32H7xx_HAL_Driver/Src/stm32h7xx_hal_dma2d.c ****     }
 181              		.loc 1 2158 36 is_stmt 0 view .LVU62
 182 0084 1B02     		lsls	r3, r3, #8
 183              	.LVL24:
2158:Drivers/STM32H7xx_HAL_Driver/Src/stm32h7xx_hal_dma2d.c ****     }
 184              		.loc 1 2158 28 view .LVU63
 185 0086 43EA0513 		orr	r3, r3, r5, lsl #4
2158:Drivers/STM32H7xx_HAL_Driver/Src/stm32h7xx_hal_dma2d.c ****     }
 186              		.loc 1 2158 43 view .LVU64
 187 008a 43EA0C33 		orr	r3, r3, ip, lsl #12
2158:Drivers/STM32H7xx_HAL_Driver/Src/stm32h7xx_hal_dma2d.c ****     }
 188              		.loc 1 2158 12 view .LVU65
 189 008e 43EA1211 		orr	r1, r3, r2, lsr #4
 190              	.LVL25:
2158:Drivers/STM32H7xx_HAL_Driver/Src/stm32h7xx_hal_dma2d.c ****     }
 191              		.loc 1 2158 12 view .LVU66
 192 0092 DCE7     		b	.L8
 193              	.LVL26:
 194              	.L14:
2165:Drivers/STM32H7xx_HAL_Driver/Src/stm32h7xx_hal_dma2d.c ****   }
 195              		.loc 1 2165 5 is_stmt 1 view .LVU67
 196 0094 0368     		ldr	r3, [r0]
 197 0096 5961     		str	r1, [r3, #20]
 198 0098 C8E7     		b	.L1
 199              		.cfi_endproc
 200              	.LFE175:
 202              		.section	.text.HAL_DMA2D_MspInit,"ax",%progbits
 203              		.align	1
 204              		.weak	HAL_DMA2D_MspInit
 205              		.syntax unified
 206              		.thumb
 207              		.thumb_func
 209              	HAL_DMA2D_MspInit:
 210              	.LVL27:
 211              	.LFB146:
 406:Drivers/STM32H7xx_HAL_Driver/Src/stm32h7xx_hal_dma2d.c ****   /* Prevent unused argument(s) compilation warning */
 212              		.loc 1 406 1 view -0
 213              		.cfi_startproc
 214              		@ args = 0, pretend = 0, frame = 0
 215              		@ frame_needed = 0, uses_anonymous_args = 0
 216              		@ link register save eliminated.
 408:Drivers/STM32H7xx_HAL_Driver/Src/stm32h7xx_hal_dma2d.c **** 
 217              		.loc 1 408 3 view .LVU69
 413:Drivers/STM32H7xx_HAL_Driver/Src/stm32h7xx_hal_dma2d.c **** 
 218              		.loc 1 413 1 is_stmt 0 view .LVU70
 219 0000 7047     		bx	lr
 220              		.cfi_endproc
 221              	.LFE146:
 223              		.section	.text.HAL_DMA2D_Init,"ax",%progbits
 224              		.align	1
 225              		.global	HAL_DMA2D_Init
 226              		.syntax unified
 227              		.thumb
 228              		.thumb_func
 230              	HAL_DMA2D_Init:
ARM GAS  C:\msys64\tmp\ccU8cwaS.s 			page 44


 231              	.LVL28:
 232              	.LFB144:
 239:Drivers/STM32H7xx_HAL_Driver/Src/stm32h7xx_hal_dma2d.c ****   /* Check the DMA2D peripheral state */
 233              		.loc 1 239 1 is_stmt 1 view -0
 234              		.cfi_startproc
 235              		@ args = 0, pretend = 0, frame = 0
 236              		@ frame_needed = 0, uses_anonymous_args = 0
 241:Drivers/STM32H7xx_HAL_Driver/Src/stm32h7xx_hal_dma2d.c ****   {
 237              		.loc 1 241 3 view .LVU72
 241:Drivers/STM32H7xx_HAL_Driver/Src/stm32h7xx_hal_dma2d.c ****   {
 238              		.loc 1 241 6 is_stmt 0 view .LVU73
 239 0000 0028     		cmp	r0, #0
 240 0002 37D0     		beq	.L19
 239:Drivers/STM32H7xx_HAL_Driver/Src/stm32h7xx_hal_dma2d.c ****   /* Check the DMA2D peripheral state */
 241              		.loc 1 239 1 view .LVU74
 242 0004 10B5     		push	{r4, lr}
 243              	.LCFI1:
 244              		.cfi_def_cfa_offset 8
 245              		.cfi_offset 4, -8
 246              		.cfi_offset 14, -4
 247 0006 0446     		mov	r4, r0
 247:Drivers/STM32H7xx_HAL_Driver/Src/stm32h7xx_hal_dma2d.c ****   assert_param(IS_DMA2D_MODE(hdma2d->Init.Mode));
 248              		.loc 1 247 3 is_stmt 1 view .LVU75
 248:Drivers/STM32H7xx_HAL_Driver/Src/stm32h7xx_hal_dma2d.c ****   assert_param(IS_DMA2D_CMODE(hdma2d->Init.ColorMode));
 249              		.loc 1 248 3 view .LVU76
 249:Drivers/STM32H7xx_HAL_Driver/Src/stm32h7xx_hal_dma2d.c ****   assert_param(IS_DMA2D_OFFSET(hdma2d->Init.OutputOffset));
 250              		.loc 1 249 3 view .LVU77
 250:Drivers/STM32H7xx_HAL_Driver/Src/stm32h7xx_hal_dma2d.c ****   assert_param(IS_DMA2D_ALPHA_INVERTED(hdma2d->Init.AlphaInverted));
 251              		.loc 1 250 3 view .LVU78
 251:Drivers/STM32H7xx_HAL_Driver/Src/stm32h7xx_hal_dma2d.c ****   assert_param(IS_DMA2D_RB_SWAP(hdma2d->Init.RedBlueSwap));
 252              		.loc 1 251 3 view .LVU79
 252:Drivers/STM32H7xx_HAL_Driver/Src/stm32h7xx_hal_dma2d.c ****   assert_param(IS_DMA2D_LOM_MODE(hdma2d->Init.LineOffsetMode));
 253              		.loc 1 252 3 view .LVU80
 253:Drivers/STM32H7xx_HAL_Driver/Src/stm32h7xx_hal_dma2d.c ****   assert_param(IS_DMA2D_BYTES_SWAP(hdma2d->Init.BytesSwap));
 254              		.loc 1 253 3 view .LVU81
 254:Drivers/STM32H7xx_HAL_Driver/Src/stm32h7xx_hal_dma2d.c **** 
 255              		.loc 1 254 3 view .LVU82
 271:Drivers/STM32H7xx_HAL_Driver/Src/stm32h7xx_hal_dma2d.c ****   {
 256              		.loc 1 271 3 view .LVU83
 271:Drivers/STM32H7xx_HAL_Driver/Src/stm32h7xx_hal_dma2d.c ****   {
 257              		.loc 1 271 13 is_stmt 0 view .LVU84
 258 0008 90F86130 		ldrb	r3, [r0, #97]	@ zero_extendqisi2
 271:Drivers/STM32H7xx_HAL_Driver/Src/stm32h7xx_hal_dma2d.c ****   {
 259              		.loc 1 271 6 view .LVU85
 260 000c 002B     		cmp	r3, #0
 261 000e 2CD0     		beq	.L24
 262              	.LVL29:
 263              	.L18:
 281:Drivers/STM32H7xx_HAL_Driver/Src/stm32h7xx_hal_dma2d.c **** 
 264              		.loc 1 281 3 is_stmt 1 view .LVU86
 281:Drivers/STM32H7xx_HAL_Driver/Src/stm32h7xx_hal_dma2d.c **** 
 265              		.loc 1 281 17 is_stmt 0 view .LVU87
 266 0010 0223     		movs	r3, #2
 267 0012 84F86130 		strb	r3, [r4, #97]
 284:Drivers/STM32H7xx_HAL_Driver/Src/stm32h7xx_hal_dma2d.c **** 
 268              		.loc 1 284 3 is_stmt 1 view .LVU88
 269 0016 2168     		ldr	r1, [r4]
ARM GAS  C:\msys64\tmp\ccU8cwaS.s 			page 45


 270 0018 0A68     		ldr	r2, [r1]
 271 001a 174B     		ldr	r3, .L25
 272 001c 1340     		ands	r3, r3, r2
 273 001e 6268     		ldr	r2, [r4, #4]
 274 0020 E069     		ldr	r0, [r4, #28]
 275 0022 0243     		orrs	r2, r2, r0
 276 0024 1343     		orrs	r3, r3, r2
 277 0026 0B60     		str	r3, [r1]
 287:Drivers/STM32H7xx_HAL_Driver/Src/stm32h7xx_hal_dma2d.c ****              hdma2d->Init.ColorMode | hdma2d->Init.BytesSwap);
 278              		.loc 1 287 3 view .LVU89
 279 0028 2168     		ldr	r1, [r4]
 280 002a 4A6B     		ldr	r2, [r1, #52]
 281 002c 134B     		ldr	r3, .L25+4
 282 002e 1340     		ands	r3, r3, r2
 283 0030 A268     		ldr	r2, [r4, #8]
 284 0032 A069     		ldr	r0, [r4, #24]
 285 0034 0243     		orrs	r2, r2, r0
 286 0036 1343     		orrs	r3, r3, r2
 287 0038 4B63     		str	r3, [r1, #52]
 291:Drivers/STM32H7xx_HAL_Driver/Src/stm32h7xx_hal_dma2d.c ****   /* DMA2D OPFCCR AI and RBS fields setting (Output Alpha Inversion)*/
 288              		.loc 1 291 3 view .LVU90
 289 003a 2268     		ldr	r2, [r4]
 290 003c 136C     		ldr	r3, [r2, #64]
 291 003e 6FF30F03 		bfc	r3, #0, #16
 292 0042 E168     		ldr	r1, [r4, #12]
 293 0044 0B43     		orrs	r3, r3, r1
 294 0046 1364     		str	r3, [r2, #64]
 293:Drivers/STM32H7xx_HAL_Driver/Src/stm32h7xx_hal_dma2d.c ****              ((hdma2d->Init.AlphaInverted << DMA2D_OPFCCR_AI_Pos) | \
 295              		.loc 1 293 3 view .LVU91
 296 0048 2168     		ldr	r1, [r4]
 297 004a 4B6B     		ldr	r3, [r1, #52]
 298 004c 23F44013 		bic	r3, r3, #3145728
 299 0050 2069     		ldr	r0, [r4, #16]
 300 0052 6269     		ldr	r2, [r4, #20]
 301 0054 5205     		lsls	r2, r2, #21
 302 0056 42EA0052 		orr	r2, r2, r0, lsl #20
 303 005a 1343     		orrs	r3, r3, r2
 304 005c 4B63     		str	r3, [r1, #52]
 299:Drivers/STM32H7xx_HAL_Driver/Src/stm32h7xx_hal_dma2d.c **** 
 305              		.loc 1 299 3 view .LVU92
 299:Drivers/STM32H7xx_HAL_Driver/Src/stm32h7xx_hal_dma2d.c **** 
 306              		.loc 1 299 21 is_stmt 0 view .LVU93
 307 005e 0020     		movs	r0, #0
 308 0060 6066     		str	r0, [r4, #100]
 302:Drivers/STM32H7xx_HAL_Driver/Src/stm32h7xx_hal_dma2d.c **** 
 309              		.loc 1 302 3 is_stmt 1 view .LVU94
 302:Drivers/STM32H7xx_HAL_Driver/Src/stm32h7xx_hal_dma2d.c **** 
 310              		.loc 1 302 18 is_stmt 0 view .LVU95
 311 0062 0123     		movs	r3, #1
 312 0064 84F86130 		strb	r3, [r4, #97]
 304:Drivers/STM32H7xx_HAL_Driver/Src/stm32h7xx_hal_dma2d.c **** }
 313              		.loc 1 304 3 is_stmt 1 view .LVU96
 305:Drivers/STM32H7xx_HAL_Driver/Src/stm32h7xx_hal_dma2d.c **** 
 314              		.loc 1 305 1 is_stmt 0 view .LVU97
 315 0068 10BD     		pop	{r4, pc}
 316              	.LVL30:
 317              	.L24:
ARM GAS  C:\msys64\tmp\ccU8cwaS.s 			page 46


 274:Drivers/STM32H7xx_HAL_Driver/Src/stm32h7xx_hal_dma2d.c ****     /* Init the low level hardware */
 318              		.loc 1 274 5 is_stmt 1 view .LVU98
 274:Drivers/STM32H7xx_HAL_Driver/Src/stm32h7xx_hal_dma2d.c ****     /* Init the low level hardware */
 319              		.loc 1 274 18 is_stmt 0 view .LVU99
 320 006a 80F86030 		strb	r3, [r0, #96]
 276:Drivers/STM32H7xx_HAL_Driver/Src/stm32h7xx_hal_dma2d.c ****   }
 321              		.loc 1 276 5 is_stmt 1 view .LVU100
 322 006e FFF7FEFF 		bl	HAL_DMA2D_MspInit
 323              	.LVL31:
 276:Drivers/STM32H7xx_HAL_Driver/Src/stm32h7xx_hal_dma2d.c ****   }
 324              		.loc 1 276 5 is_stmt 0 view .LVU101
 325 0072 CDE7     		b	.L18
 326              	.LVL32:
 327              	.L19:
 328              	.LCFI2:
 329              		.cfi_def_cfa_offset 0
 330              		.cfi_restore 4
 331              		.cfi_restore 14
 243:Drivers/STM32H7xx_HAL_Driver/Src/stm32h7xx_hal_dma2d.c ****   }
 332              		.loc 1 243 12 view .LVU102
 333 0074 0120     		movs	r0, #1
 334              	.LVL33:
 305:Drivers/STM32H7xx_HAL_Driver/Src/stm32h7xx_hal_dma2d.c **** 
 335              		.loc 1 305 1 view .LVU103
 336 0076 7047     		bx	lr
 337              	.L26:
 338              		.align	2
 339              	.L25:
 340 0078 BFFFF8FF 		.word	-458817
 341 007c F8FEFFFF 		.word	-264
 342              		.cfi_endproc
 343              	.LFE144:
 345              		.section	.text.HAL_DMA2D_MspDeInit,"ax",%progbits
 346              		.align	1
 347              		.weak	HAL_DMA2D_MspDeInit
 348              		.syntax unified
 349              		.thumb
 350              		.thumb_func
 352              	HAL_DMA2D_MspDeInit:
 353              	.LVL34:
 354              	.LFB147:
 422:Drivers/STM32H7xx_HAL_Driver/Src/stm32h7xx_hal_dma2d.c ****   /* Prevent unused argument(s) compilation warning */
 355              		.loc 1 422 1 is_stmt 1 view -0
 356              		.cfi_startproc
 357              		@ args = 0, pretend = 0, frame = 0
 358              		@ frame_needed = 0, uses_anonymous_args = 0
 359              		@ link register save eliminated.
 424:Drivers/STM32H7xx_HAL_Driver/Src/stm32h7xx_hal_dma2d.c **** 
 360              		.loc 1 424 3 view .LVU105
 429:Drivers/STM32H7xx_HAL_Driver/Src/stm32h7xx_hal_dma2d.c **** 
 361              		.loc 1 429 1 is_stmt 0 view .LVU106
 362 0000 7047     		bx	lr
 363              		.cfi_endproc
 364              	.LFE147:
 366              		.section	.text.HAL_DMA2D_Start,"ax",%progbits
 367              		.align	1
 368              		.global	HAL_DMA2D_Start
ARM GAS  C:\msys64\tmp\ccU8cwaS.s 			page 47


 369              		.syntax unified
 370              		.thumb
 371              		.thumb_func
 373              	HAL_DMA2D_Start:
 374              	.LVL35:
 375              	.LFB148:
 679:Drivers/STM32H7xx_HAL_Driver/Src/stm32h7xx_hal_dma2d.c ****   /* Check the parameters */
 376              		.loc 1 679 1 is_stmt 1 view -0
 377              		.cfi_startproc
 378              		@ args = 4, pretend = 0, frame = 0
 379              		@ frame_needed = 0, uses_anonymous_args = 0
 679:Drivers/STM32H7xx_HAL_Driver/Src/stm32h7xx_hal_dma2d.c ****   /* Check the parameters */
 380              		.loc 1 679 1 is_stmt 0 view .LVU108
 381 0000 10B5     		push	{r4, lr}
 382              	.LCFI3:
 383              		.cfi_def_cfa_offset 8
 384              		.cfi_offset 4, -8
 385              		.cfi_offset 14, -4
 386 0002 82B0     		sub	sp, sp, #8
 387              	.LCFI4:
 388              		.cfi_def_cfa_offset 16
 389 0004 0446     		mov	r4, r0
 681:Drivers/STM32H7xx_HAL_Driver/Src/stm32h7xx_hal_dma2d.c ****   assert_param(IS_DMA2D_PIXEL(Width));
 390              		.loc 1 681 3 is_stmt 1 view .LVU109
 682:Drivers/STM32H7xx_HAL_Driver/Src/stm32h7xx_hal_dma2d.c **** 
 391              		.loc 1 682 3 view .LVU110
 685:Drivers/STM32H7xx_HAL_Driver/Src/stm32h7xx_hal_dma2d.c **** 
 392              		.loc 1 685 3 view .LVU111
 685:Drivers/STM32H7xx_HAL_Driver/Src/stm32h7xx_hal_dma2d.c **** 
 393              		.loc 1 685 3 view .LVU112
 394 0006 90F86000 		ldrb	r0, [r0, #96]	@ zero_extendqisi2
 395              	.LVL36:
 685:Drivers/STM32H7xx_HAL_Driver/Src/stm32h7xx_hal_dma2d.c **** 
 396              		.loc 1 685 3 is_stmt 0 view .LVU113
 397 000a 0128     		cmp	r0, #1
 398 000c 12D0     		beq	.L30
 685:Drivers/STM32H7xx_HAL_Driver/Src/stm32h7xx_hal_dma2d.c **** 
 399              		.loc 1 685 3 is_stmt 1 discriminator 2 view .LVU114
 400 000e 0120     		movs	r0, #1
 401 0010 84F86000 		strb	r0, [r4, #96]
 685:Drivers/STM32H7xx_HAL_Driver/Src/stm32h7xx_hal_dma2d.c **** 
 402              		.loc 1 685 3 view .LVU115
 688:Drivers/STM32H7xx_HAL_Driver/Src/stm32h7xx_hal_dma2d.c **** 
 403              		.loc 1 688 3 view .LVU116
 688:Drivers/STM32H7xx_HAL_Driver/Src/stm32h7xx_hal_dma2d.c **** 
 404              		.loc 1 688 17 is_stmt 0 view .LVU117
 405 0014 0220     		movs	r0, #2
 406 0016 84F86100 		strb	r0, [r4, #97]
 691:Drivers/STM32H7xx_HAL_Driver/Src/stm32h7xx_hal_dma2d.c **** 
 407              		.loc 1 691 3 is_stmt 1 view .LVU118
 408 001a 0498     		ldr	r0, [sp, #16]
 409 001c 0090     		str	r0, [sp]
 410 001e 2046     		mov	r0, r4
 411 0020 FFF7FEFF 		bl	DMA2D_SetConfig
 412              	.LVL37:
 694:Drivers/STM32H7xx_HAL_Driver/Src/stm32h7xx_hal_dma2d.c **** 
 413              		.loc 1 694 3 view .LVU119
ARM GAS  C:\msys64\tmp\ccU8cwaS.s 			page 48


 414 0024 2268     		ldr	r2, [r4]
 415 0026 1368     		ldr	r3, [r2]
 416 0028 43F00103 		orr	r3, r3, #1
 417 002c 1360     		str	r3, [r2]
 696:Drivers/STM32H7xx_HAL_Driver/Src/stm32h7xx_hal_dma2d.c **** }
 418              		.loc 1 696 3 view .LVU120
 696:Drivers/STM32H7xx_HAL_Driver/Src/stm32h7xx_hal_dma2d.c **** }
 419              		.loc 1 696 10 is_stmt 0 view .LVU121
 420 002e 0020     		movs	r0, #0
 421              	.L29:
 697:Drivers/STM32H7xx_HAL_Driver/Src/stm32h7xx_hal_dma2d.c **** 
 422              		.loc 1 697 1 view .LVU122
 423 0030 02B0     		add	sp, sp, #8
 424              	.LCFI5:
 425              		.cfi_remember_state
 426              		.cfi_def_cfa_offset 8
 427              		@ sp needed
 428 0032 10BD     		pop	{r4, pc}
 429              	.LVL38:
 430              	.L30:
 431              	.LCFI6:
 432              		.cfi_restore_state
 685:Drivers/STM32H7xx_HAL_Driver/Src/stm32h7xx_hal_dma2d.c **** 
 433              		.loc 1 685 3 discriminator 1 view .LVU123
 434 0034 0220     		movs	r0, #2
 435 0036 FBE7     		b	.L29
 436              		.cfi_endproc
 437              	.LFE148:
 439              		.section	.text.HAL_DMA2D_Start_IT,"ax",%progbits
 440              		.align	1
 441              		.global	HAL_DMA2D_Start_IT
 442              		.syntax unified
 443              		.thumb
 444              		.thumb_func
 446              	HAL_DMA2D_Start_IT:
 447              	.LVL39:
 448              	.LFB149:
 715:Drivers/STM32H7xx_HAL_Driver/Src/stm32h7xx_hal_dma2d.c ****   /* Check the parameters */
 449              		.loc 1 715 1 is_stmt 1 view -0
 450              		.cfi_startproc
 451              		@ args = 4, pretend = 0, frame = 0
 452              		@ frame_needed = 0, uses_anonymous_args = 0
 715:Drivers/STM32H7xx_HAL_Driver/Src/stm32h7xx_hal_dma2d.c ****   /* Check the parameters */
 453              		.loc 1 715 1 is_stmt 0 view .LVU125
 454 0000 10B5     		push	{r4, lr}
 455              	.LCFI7:
 456              		.cfi_def_cfa_offset 8
 457              		.cfi_offset 4, -8
 458              		.cfi_offset 14, -4
 459 0002 82B0     		sub	sp, sp, #8
 460              	.LCFI8:
 461              		.cfi_def_cfa_offset 16
 462 0004 0446     		mov	r4, r0
 717:Drivers/STM32H7xx_HAL_Driver/Src/stm32h7xx_hal_dma2d.c ****   assert_param(IS_DMA2D_PIXEL(Width));
 463              		.loc 1 717 3 is_stmt 1 view .LVU126
 718:Drivers/STM32H7xx_HAL_Driver/Src/stm32h7xx_hal_dma2d.c **** 
 464              		.loc 1 718 3 view .LVU127
ARM GAS  C:\msys64\tmp\ccU8cwaS.s 			page 49


 721:Drivers/STM32H7xx_HAL_Driver/Src/stm32h7xx_hal_dma2d.c **** 
 465              		.loc 1 721 3 view .LVU128
 721:Drivers/STM32H7xx_HAL_Driver/Src/stm32h7xx_hal_dma2d.c **** 
 466              		.loc 1 721 3 view .LVU129
 467 0006 90F86000 		ldrb	r0, [r0, #96]	@ zero_extendqisi2
 468              	.LVL40:
 721:Drivers/STM32H7xx_HAL_Driver/Src/stm32h7xx_hal_dma2d.c **** 
 469              		.loc 1 721 3 is_stmt 0 view .LVU130
 470 000a 0128     		cmp	r0, #1
 471 000c 17D0     		beq	.L34
 721:Drivers/STM32H7xx_HAL_Driver/Src/stm32h7xx_hal_dma2d.c **** 
 472              		.loc 1 721 3 is_stmt 1 discriminator 2 view .LVU131
 473 000e 0120     		movs	r0, #1
 474 0010 84F86000 		strb	r0, [r4, #96]
 721:Drivers/STM32H7xx_HAL_Driver/Src/stm32h7xx_hal_dma2d.c **** 
 475              		.loc 1 721 3 view .LVU132
 724:Drivers/STM32H7xx_HAL_Driver/Src/stm32h7xx_hal_dma2d.c **** 
 476              		.loc 1 724 3 view .LVU133
 724:Drivers/STM32H7xx_HAL_Driver/Src/stm32h7xx_hal_dma2d.c **** 
 477              		.loc 1 724 17 is_stmt 0 view .LVU134
 478 0014 0220     		movs	r0, #2
 479 0016 84F86100 		strb	r0, [r4, #97]
 727:Drivers/STM32H7xx_HAL_Driver/Src/stm32h7xx_hal_dma2d.c **** 
 480              		.loc 1 727 3 is_stmt 1 view .LVU135
 481 001a 0498     		ldr	r0, [sp, #16]
 482 001c 0090     		str	r0, [sp]
 483 001e 2046     		mov	r0, r4
 484 0020 FFF7FEFF 		bl	DMA2D_SetConfig
 485              	.LVL41:
 730:Drivers/STM32H7xx_HAL_Driver/Src/stm32h7xx_hal_dma2d.c **** 
 486              		.loc 1 730 3 view .LVU136
 487 0024 2268     		ldr	r2, [r4]
 488 0026 1368     		ldr	r3, [r2]
 489 0028 43F40C53 		orr	r3, r3, #8960
 490 002c 1360     		str	r3, [r2]
 733:Drivers/STM32H7xx_HAL_Driver/Src/stm32h7xx_hal_dma2d.c **** 
 491              		.loc 1 733 3 view .LVU137
 492 002e 2268     		ldr	r2, [r4]
 493 0030 1368     		ldr	r3, [r2]
 494 0032 43F00103 		orr	r3, r3, #1
 495 0036 1360     		str	r3, [r2]
 735:Drivers/STM32H7xx_HAL_Driver/Src/stm32h7xx_hal_dma2d.c **** }
 496              		.loc 1 735 3 view .LVU138
 735:Drivers/STM32H7xx_HAL_Driver/Src/stm32h7xx_hal_dma2d.c **** }
 497              		.loc 1 735 10 is_stmt 0 view .LVU139
 498 0038 0020     		movs	r0, #0
 499              	.L33:
 736:Drivers/STM32H7xx_HAL_Driver/Src/stm32h7xx_hal_dma2d.c **** 
 500              		.loc 1 736 1 view .LVU140
 501 003a 02B0     		add	sp, sp, #8
 502              	.LCFI9:
 503              		.cfi_remember_state
 504              		.cfi_def_cfa_offset 8
 505              		@ sp needed
 506 003c 10BD     		pop	{r4, pc}
 507              	.LVL42:
 508              	.L34:
ARM GAS  C:\msys64\tmp\ccU8cwaS.s 			page 50


 509              	.LCFI10:
 510              		.cfi_restore_state
 721:Drivers/STM32H7xx_HAL_Driver/Src/stm32h7xx_hal_dma2d.c **** 
 511              		.loc 1 721 3 discriminator 1 view .LVU141
 512 003e 0220     		movs	r0, #2
 513 0040 FBE7     		b	.L33
 514              		.cfi_endproc
 515              	.LFE149:
 517              		.section	.text.HAL_DMA2D_BlendingStart,"ax",%progbits
 518              		.align	1
 519              		.global	HAL_DMA2D_BlendingStart
 520              		.syntax unified
 521              		.thumb
 522              		.thumb_func
 524              	HAL_DMA2D_BlendingStart:
 525              	.LVL43:
 526              	.LFB150:
 752:Drivers/STM32H7xx_HAL_Driver/Src/stm32h7xx_hal_dma2d.c ****   /* Check the parameters */
 527              		.loc 1 752 1 is_stmt 1 view -0
 528              		.cfi_startproc
 529              		@ args = 8, pretend = 0, frame = 0
 530              		@ frame_needed = 0, uses_anonymous_args = 0
 752:Drivers/STM32H7xx_HAL_Driver/Src/stm32h7xx_hal_dma2d.c ****   /* Check the parameters */
 531              		.loc 1 752 1 is_stmt 0 view .LVU143
 532 0000 10B5     		push	{r4, lr}
 533              	.LCFI11:
 534              		.cfi_def_cfa_offset 8
 535              		.cfi_offset 4, -8
 536              		.cfi_offset 14, -4
 537 0002 82B0     		sub	sp, sp, #8
 538              	.LCFI12:
 539              		.cfi_def_cfa_offset 16
 540 0004 0446     		mov	r4, r0
 541 0006 1046     		mov	r0, r2
 542              	.LVL44:
 752:Drivers/STM32H7xx_HAL_Driver/Src/stm32h7xx_hal_dma2d.c ****   /* Check the parameters */
 543              		.loc 1 752 1 view .LVU144
 544 0008 1A46     		mov	r2, r3
 545              	.LVL45:
 754:Drivers/STM32H7xx_HAL_Driver/Src/stm32h7xx_hal_dma2d.c ****   assert_param(IS_DMA2D_PIXEL(Width));
 546              		.loc 1 754 3 is_stmt 1 view .LVU145
 755:Drivers/STM32H7xx_HAL_Driver/Src/stm32h7xx_hal_dma2d.c **** 
 547              		.loc 1 755 3 view .LVU146
 758:Drivers/STM32H7xx_HAL_Driver/Src/stm32h7xx_hal_dma2d.c **** 
 548              		.loc 1 758 3 view .LVU147
 758:Drivers/STM32H7xx_HAL_Driver/Src/stm32h7xx_hal_dma2d.c **** 
 549              		.loc 1 758 3 view .LVU148
 550 000a 94F86030 		ldrb	r3, [r4, #96]	@ zero_extendqisi2
 551              	.LVL46:
 758:Drivers/STM32H7xx_HAL_Driver/Src/stm32h7xx_hal_dma2d.c **** 
 552              		.loc 1 758 3 is_stmt 0 view .LVU149
 553 000e 012B     		cmp	r3, #1
 554 0010 2FD0     		beq	.L41
 758:Drivers/STM32H7xx_HAL_Driver/Src/stm32h7xx_hal_dma2d.c **** 
 555              		.loc 1 758 3 is_stmt 1 discriminator 2 view .LVU150
 556 0012 0123     		movs	r3, #1
 557 0014 84F86030 		strb	r3, [r4, #96]
ARM GAS  C:\msys64\tmp\ccU8cwaS.s 			page 51


 758:Drivers/STM32H7xx_HAL_Driver/Src/stm32h7xx_hal_dma2d.c **** 
 558              		.loc 1 758 3 view .LVU151
 761:Drivers/STM32H7xx_HAL_Driver/Src/stm32h7xx_hal_dma2d.c **** 
 559              		.loc 1 761 3 view .LVU152
 761:Drivers/STM32H7xx_HAL_Driver/Src/stm32h7xx_hal_dma2d.c **** 
 560              		.loc 1 761 17 is_stmt 0 view .LVU153
 561 0018 0223     		movs	r3, #2
 562 001a 84F86130 		strb	r3, [r4, #97]
 763:Drivers/STM32H7xx_HAL_Driver/Src/stm32h7xx_hal_dma2d.c ****   {
 563              		.loc 1 763 3 is_stmt 1 view .LVU154
 763:Drivers/STM32H7xx_HAL_Driver/Src/stm32h7xx_hal_dma2d.c ****   {
 564              		.loc 1 763 19 is_stmt 0 view .LVU155
 565 001e 6368     		ldr	r3, [r4, #4]
 763:Drivers/STM32H7xx_HAL_Driver/Src/stm32h7xx_hal_dma2d.c ****   {
 566              		.loc 1 763 6 view .LVU156
 567 0020 B3F5802F 		cmp	r3, #262144
 568 0024 12D0     		beq	.L43
 770:Drivers/STM32H7xx_HAL_Driver/Src/stm32h7xx_hal_dma2d.c ****   {
 569              		.loc 1 770 8 is_stmt 1 view .LVU157
 770:Drivers/STM32H7xx_HAL_Driver/Src/stm32h7xx_hal_dma2d.c ****   {
 570              		.loc 1 770 11 is_stmt 0 view .LVU158
 571 0026 B3F5A02F 		cmp	r3, #327680
 572 002a 19D0     		beq	.L44
 780:Drivers/STM32H7xx_HAL_Driver/Src/stm32h7xx_hal_dma2d.c **** 
 573              		.loc 1 780 5 is_stmt 1 view .LVU159
 574 002c 2368     		ldr	r3, [r4]
 575 002e 5861     		str	r0, [r3, #20]
 783:Drivers/STM32H7xx_HAL_Driver/Src/stm32h7xx_hal_dma2d.c ****   }
 576              		.loc 1 783 5 view .LVU160
 577 0030 059B     		ldr	r3, [sp, #20]
 578 0032 0093     		str	r3, [sp]
 579 0034 049B     		ldr	r3, [sp, #16]
 580 0036 2046     		mov	r0, r4
 581              	.LVL47:
 783:Drivers/STM32H7xx_HAL_Driver/Src/stm32h7xx_hal_dma2d.c ****   }
 582              		.loc 1 783 5 is_stmt 0 view .LVU161
 583 0038 FFF7FEFF 		bl	DMA2D_SetConfig
 584              	.LVL48:
 585              	.L39:
 787:Drivers/STM32H7xx_HAL_Driver/Src/stm32h7xx_hal_dma2d.c **** 
 586              		.loc 1 787 3 is_stmt 1 view .LVU162
 587 003c 2268     		ldr	r2, [r4]
 588 003e 1368     		ldr	r3, [r2]
 589 0040 43F00103 		orr	r3, r3, #1
 590 0044 1360     		str	r3, [r2]
 789:Drivers/STM32H7xx_HAL_Driver/Src/stm32h7xx_hal_dma2d.c **** }
 591              		.loc 1 789 3 view .LVU163
 789:Drivers/STM32H7xx_HAL_Driver/Src/stm32h7xx_hal_dma2d.c **** }
 592              		.loc 1 789 10 is_stmt 0 view .LVU164
 593 0046 0020     		movs	r0, #0
 594              	.L37:
 790:Drivers/STM32H7xx_HAL_Driver/Src/stm32h7xx_hal_dma2d.c **** 
 595              		.loc 1 790 1 view .LVU165
 596 0048 02B0     		add	sp, sp, #8
 597              	.LCFI13:
 598              		.cfi_remember_state
 599              		.cfi_def_cfa_offset 8
ARM GAS  C:\msys64\tmp\ccU8cwaS.s 			page 52


 600              		@ sp needed
 601 004a 10BD     		pop	{r4, pc}
 602              	.LVL49:
 603              	.L43:
 604              	.LCFI14:
 605              		.cfi_restore_state
 766:Drivers/STM32H7xx_HAL_Driver/Src/stm32h7xx_hal_dma2d.c ****     /* Configure the source, destination address and the data size */
 606              		.loc 1 766 5 is_stmt 1 view .LVU166
 607 004c 2368     		ldr	r3, [r4]
 608 004e 1962     		str	r1, [r3, #32]
 768:Drivers/STM32H7xx_HAL_Driver/Src/stm32h7xx_hal_dma2d.c ****   }
 609              		.loc 1 768 5 view .LVU167
 610 0050 059B     		ldr	r3, [sp, #20]
 611 0052 0093     		str	r3, [sp]
 612 0054 049B     		ldr	r3, [sp, #16]
 613 0056 0146     		mov	r1, r0
 614              	.LVL50:
 768:Drivers/STM32H7xx_HAL_Driver/Src/stm32h7xx_hal_dma2d.c ****   }
 615              		.loc 1 768 5 is_stmt 0 view .LVU168
 616 0058 2046     		mov	r0, r4
 617              	.LVL51:
 768:Drivers/STM32H7xx_HAL_Driver/Src/stm32h7xx_hal_dma2d.c ****   }
 618              		.loc 1 768 5 view .LVU169
 619 005a FFF7FEFF 		bl	DMA2D_SetConfig
 620              	.LVL52:
 768:Drivers/STM32H7xx_HAL_Driver/Src/stm32h7xx_hal_dma2d.c ****   }
 621              		.loc 1 768 5 view .LVU170
 622 005e EDE7     		b	.L39
 623              	.LVL53:
 624              	.L44:
 773:Drivers/STM32H7xx_HAL_Driver/Src/stm32h7xx_hal_dma2d.c ****     /* Configure the source, destination address and the data size */
 625              		.loc 1 773 5 is_stmt 1 view .LVU171
 626 0060 2368     		ldr	r3, [r4]
 627 0062 9862     		str	r0, [r3, #40]
 775:Drivers/STM32H7xx_HAL_Driver/Src/stm32h7xx_hal_dma2d.c ****   }
 628              		.loc 1 775 5 view .LVU172
 629 0064 059B     		ldr	r3, [sp, #20]
 630 0066 0093     		str	r3, [sp]
 631 0068 049B     		ldr	r3, [sp, #16]
 632 006a 2046     		mov	r0, r4
 633              	.LVL54:
 775:Drivers/STM32H7xx_HAL_Driver/Src/stm32h7xx_hal_dma2d.c ****   }
 634              		.loc 1 775 5 is_stmt 0 view .LVU173
 635 006c FFF7FEFF 		bl	DMA2D_SetConfig
 636              	.LVL55:
 775:Drivers/STM32H7xx_HAL_Driver/Src/stm32h7xx_hal_dma2d.c ****   }
 637              		.loc 1 775 5 view .LVU174
 638 0070 E4E7     		b	.L39
 639              	.LVL56:
 640              	.L41:
 758:Drivers/STM32H7xx_HAL_Driver/Src/stm32h7xx_hal_dma2d.c **** 
 641              		.loc 1 758 3 discriminator 1 view .LVU175
 642 0072 0220     		movs	r0, #2
 643              	.LVL57:
 758:Drivers/STM32H7xx_HAL_Driver/Src/stm32h7xx_hal_dma2d.c **** 
 644              		.loc 1 758 3 discriminator 1 view .LVU176
 645 0074 E8E7     		b	.L37
ARM GAS  C:\msys64\tmp\ccU8cwaS.s 			page 53


 646              		.cfi_endproc
 647              	.LFE150:
 649              		.section	.text.HAL_DMA2D_BlendingStart_IT,"ax",%progbits
 650              		.align	1
 651              		.global	HAL_DMA2D_BlendingStart_IT
 652              		.syntax unified
 653              		.thumb
 654              		.thumb_func
 656              	HAL_DMA2D_BlendingStart_IT:
 657              	.LVL58:
 658              	.LFB151:
 806:Drivers/STM32H7xx_HAL_Driver/Src/stm32h7xx_hal_dma2d.c ****   /* Check the parameters */
 659              		.loc 1 806 1 is_stmt 1 view -0
 660              		.cfi_startproc
 661              		@ args = 8, pretend = 0, frame = 0
 662              		@ frame_needed = 0, uses_anonymous_args = 0
 806:Drivers/STM32H7xx_HAL_Driver/Src/stm32h7xx_hal_dma2d.c ****   /* Check the parameters */
 663              		.loc 1 806 1 is_stmt 0 view .LVU178
 664 0000 10B5     		push	{r4, lr}
 665              	.LCFI15:
 666              		.cfi_def_cfa_offset 8
 667              		.cfi_offset 4, -8
 668              		.cfi_offset 14, -4
 669 0002 82B0     		sub	sp, sp, #8
 670              	.LCFI16:
 671              		.cfi_def_cfa_offset 16
 672 0004 0446     		mov	r4, r0
 673 0006 1046     		mov	r0, r2
 674              	.LVL59:
 806:Drivers/STM32H7xx_HAL_Driver/Src/stm32h7xx_hal_dma2d.c ****   /* Check the parameters */
 675              		.loc 1 806 1 view .LVU179
 676 0008 1A46     		mov	r2, r3
 677              	.LVL60:
 808:Drivers/STM32H7xx_HAL_Driver/Src/stm32h7xx_hal_dma2d.c ****   assert_param(IS_DMA2D_PIXEL(Width));
 678              		.loc 1 808 3 is_stmt 1 view .LVU180
 809:Drivers/STM32H7xx_HAL_Driver/Src/stm32h7xx_hal_dma2d.c **** 
 679              		.loc 1 809 3 view .LVU181
 812:Drivers/STM32H7xx_HAL_Driver/Src/stm32h7xx_hal_dma2d.c **** 
 680              		.loc 1 812 3 view .LVU182
 812:Drivers/STM32H7xx_HAL_Driver/Src/stm32h7xx_hal_dma2d.c **** 
 681              		.loc 1 812 3 view .LVU183
 682 000a 94F86030 		ldrb	r3, [r4, #96]	@ zero_extendqisi2
 683              	.LVL61:
 812:Drivers/STM32H7xx_HAL_Driver/Src/stm32h7xx_hal_dma2d.c **** 
 684              		.loc 1 812 3 is_stmt 0 view .LVU184
 685 000e 012B     		cmp	r3, #1
 686 0010 34D0     		beq	.L50
 812:Drivers/STM32H7xx_HAL_Driver/Src/stm32h7xx_hal_dma2d.c **** 
 687              		.loc 1 812 3 is_stmt 1 discriminator 2 view .LVU185
 688 0012 0123     		movs	r3, #1
 689 0014 84F86030 		strb	r3, [r4, #96]
 812:Drivers/STM32H7xx_HAL_Driver/Src/stm32h7xx_hal_dma2d.c **** 
 690              		.loc 1 812 3 view .LVU186
 815:Drivers/STM32H7xx_HAL_Driver/Src/stm32h7xx_hal_dma2d.c **** 
 691              		.loc 1 815 3 view .LVU187
 815:Drivers/STM32H7xx_HAL_Driver/Src/stm32h7xx_hal_dma2d.c **** 
 692              		.loc 1 815 17 is_stmt 0 view .LVU188
ARM GAS  C:\msys64\tmp\ccU8cwaS.s 			page 54


 693 0018 0223     		movs	r3, #2
 694 001a 84F86130 		strb	r3, [r4, #97]
 817:Drivers/STM32H7xx_HAL_Driver/Src/stm32h7xx_hal_dma2d.c ****   {
 695              		.loc 1 817 3 is_stmt 1 view .LVU189
 817:Drivers/STM32H7xx_HAL_Driver/Src/stm32h7xx_hal_dma2d.c ****   {
 696              		.loc 1 817 19 is_stmt 0 view .LVU190
 697 001e 6368     		ldr	r3, [r4, #4]
 817:Drivers/STM32H7xx_HAL_Driver/Src/stm32h7xx_hal_dma2d.c ****   {
 698              		.loc 1 817 6 view .LVU191
 699 0020 B3F5802F 		cmp	r3, #262144
 700 0024 17D0     		beq	.L52
 824:Drivers/STM32H7xx_HAL_Driver/Src/stm32h7xx_hal_dma2d.c ****   {
 701              		.loc 1 824 8 is_stmt 1 view .LVU192
 824:Drivers/STM32H7xx_HAL_Driver/Src/stm32h7xx_hal_dma2d.c ****   {
 702              		.loc 1 824 11 is_stmt 0 view .LVU193
 703 0026 B3F5A02F 		cmp	r3, #327680
 704 002a 1ED0     		beq	.L53
 833:Drivers/STM32H7xx_HAL_Driver/Src/stm32h7xx_hal_dma2d.c **** 
 705              		.loc 1 833 5 is_stmt 1 view .LVU194
 706 002c 2368     		ldr	r3, [r4]
 707 002e 5861     		str	r0, [r3, #20]
 836:Drivers/STM32H7xx_HAL_Driver/Src/stm32h7xx_hal_dma2d.c ****   }
 708              		.loc 1 836 5 view .LVU195
 709 0030 059B     		ldr	r3, [sp, #20]
 710 0032 0093     		str	r3, [sp]
 711 0034 049B     		ldr	r3, [sp, #16]
 712 0036 2046     		mov	r0, r4
 713              	.LVL62:
 836:Drivers/STM32H7xx_HAL_Driver/Src/stm32h7xx_hal_dma2d.c ****   }
 714              		.loc 1 836 5 is_stmt 0 view .LVU196
 715 0038 FFF7FEFF 		bl	DMA2D_SetConfig
 716              	.LVL63:
 717              	.L48:
 840:Drivers/STM32H7xx_HAL_Driver/Src/stm32h7xx_hal_dma2d.c **** 
 718              		.loc 1 840 3 is_stmt 1 view .LVU197
 719 003c 2268     		ldr	r2, [r4]
 720 003e 1368     		ldr	r3, [r2]
 721 0040 43F40C53 		orr	r3, r3, #8960
 722 0044 1360     		str	r3, [r2]
 843:Drivers/STM32H7xx_HAL_Driver/Src/stm32h7xx_hal_dma2d.c **** 
 723              		.loc 1 843 3 view .LVU198
 724 0046 2268     		ldr	r2, [r4]
 725 0048 1368     		ldr	r3, [r2]
 726 004a 43F00103 		orr	r3, r3, #1
 727 004e 1360     		str	r3, [r2]
 845:Drivers/STM32H7xx_HAL_Driver/Src/stm32h7xx_hal_dma2d.c **** }
 728              		.loc 1 845 3 view .LVU199
 845:Drivers/STM32H7xx_HAL_Driver/Src/stm32h7xx_hal_dma2d.c **** }
 729              		.loc 1 845 10 is_stmt 0 view .LVU200
 730 0050 0020     		movs	r0, #0
 731              	.L46:
 846:Drivers/STM32H7xx_HAL_Driver/Src/stm32h7xx_hal_dma2d.c **** 
 732              		.loc 1 846 1 view .LVU201
 733 0052 02B0     		add	sp, sp, #8
 734              	.LCFI17:
 735              		.cfi_remember_state
 736              		.cfi_def_cfa_offset 8
ARM GAS  C:\msys64\tmp\ccU8cwaS.s 			page 55


 737              		@ sp needed
 738 0054 10BD     		pop	{r4, pc}
 739              	.LVL64:
 740              	.L52:
 741              	.LCFI18:
 742              		.cfi_restore_state
 820:Drivers/STM32H7xx_HAL_Driver/Src/stm32h7xx_hal_dma2d.c ****     /* Configure the source, destination address and the data size */
 743              		.loc 1 820 5 is_stmt 1 view .LVU202
 744 0056 2368     		ldr	r3, [r4]
 745 0058 1962     		str	r1, [r3, #32]
 822:Drivers/STM32H7xx_HAL_Driver/Src/stm32h7xx_hal_dma2d.c ****   }
 746              		.loc 1 822 5 view .LVU203
 747 005a 059B     		ldr	r3, [sp, #20]
 748 005c 0093     		str	r3, [sp]
 749 005e 049B     		ldr	r3, [sp, #16]
 750 0060 0146     		mov	r1, r0
 751              	.LVL65:
 822:Drivers/STM32H7xx_HAL_Driver/Src/stm32h7xx_hal_dma2d.c ****   }
 752              		.loc 1 822 5 is_stmt 0 view .LVU204
 753 0062 2046     		mov	r0, r4
 754              	.LVL66:
 822:Drivers/STM32H7xx_HAL_Driver/Src/stm32h7xx_hal_dma2d.c ****   }
 755              		.loc 1 822 5 view .LVU205
 756 0064 FFF7FEFF 		bl	DMA2D_SetConfig
 757              	.LVL67:
 822:Drivers/STM32H7xx_HAL_Driver/Src/stm32h7xx_hal_dma2d.c ****   }
 758              		.loc 1 822 5 view .LVU206
 759 0068 E8E7     		b	.L48
 760              	.LVL68:
 761              	.L53:
 827:Drivers/STM32H7xx_HAL_Driver/Src/stm32h7xx_hal_dma2d.c ****     /* Configure the source, destination address and the data size */
 762              		.loc 1 827 5 is_stmt 1 view .LVU207
 763 006a 2368     		ldr	r3, [r4]
 764 006c 9862     		str	r0, [r3, #40]
 829:Drivers/STM32H7xx_HAL_Driver/Src/stm32h7xx_hal_dma2d.c ****   }
 765              		.loc 1 829 5 view .LVU208
 766 006e 059B     		ldr	r3, [sp, #20]
 767 0070 0093     		str	r3, [sp]
 768 0072 049B     		ldr	r3, [sp, #16]
 769 0074 2046     		mov	r0, r4
 770              	.LVL69:
 829:Drivers/STM32H7xx_HAL_Driver/Src/stm32h7xx_hal_dma2d.c ****   }
 771              		.loc 1 829 5 is_stmt 0 view .LVU209
 772 0076 FFF7FEFF 		bl	DMA2D_SetConfig
 773              	.LVL70:
 829:Drivers/STM32H7xx_HAL_Driver/Src/stm32h7xx_hal_dma2d.c ****   }
 774              		.loc 1 829 5 view .LVU210
 775 007a DFE7     		b	.L48
 776              	.LVL71:
 777              	.L50:
 812:Drivers/STM32H7xx_HAL_Driver/Src/stm32h7xx_hal_dma2d.c **** 
 778              		.loc 1 812 3 discriminator 1 view .LVU211
 779 007c 0220     		movs	r0, #2
 780              	.LVL72:
 812:Drivers/STM32H7xx_HAL_Driver/Src/stm32h7xx_hal_dma2d.c **** 
 781              		.loc 1 812 3 discriminator 1 view .LVU212
 782 007e E8E7     		b	.L46
ARM GAS  C:\msys64\tmp\ccU8cwaS.s 			page 56


 783              		.cfi_endproc
 784              	.LFE151:
 786              		.section	.text.HAL_DMA2D_Abort,"ax",%progbits
 787              		.align	1
 788              		.global	HAL_DMA2D_Abort
 789              		.syntax unified
 790              		.thumb
 791              		.thumb_func
 793              	HAL_DMA2D_Abort:
 794              	.LVL73:
 795              	.LFB152:
 855:Drivers/STM32H7xx_HAL_Driver/Src/stm32h7xx_hal_dma2d.c ****   uint32_t tickstart;
 796              		.loc 1 855 1 is_stmt 1 view -0
 797              		.cfi_startproc
 798              		@ args = 0, pretend = 0, frame = 0
 799              		@ frame_needed = 0, uses_anonymous_args = 0
 855:Drivers/STM32H7xx_HAL_Driver/Src/stm32h7xx_hal_dma2d.c ****   uint32_t tickstart;
 800              		.loc 1 855 1 is_stmt 0 view .LVU214
 801 0000 38B5     		push	{r3, r4, r5, lr}
 802              	.LCFI19:
 803              		.cfi_def_cfa_offset 16
 804              		.cfi_offset 3, -16
 805              		.cfi_offset 4, -12
 806              		.cfi_offset 5, -8
 807              		.cfi_offset 14, -4
 808 0002 0446     		mov	r4, r0
 856:Drivers/STM32H7xx_HAL_Driver/Src/stm32h7xx_hal_dma2d.c **** 
 809              		.loc 1 856 3 is_stmt 1 view .LVU215
 862:Drivers/STM32H7xx_HAL_Driver/Src/stm32h7xx_hal_dma2d.c **** 
 810              		.loc 1 862 3 view .LVU216
 811 0004 0268     		ldr	r2, [r0]
 812 0006 1368     		ldr	r3, [r2]
 813 0008 23F00503 		bic	r3, r3, #5
 814 000c 43F00403 		orr	r3, r3, #4
 815 0010 1360     		str	r3, [r2]
 865:Drivers/STM32H7xx_HAL_Driver/Src/stm32h7xx_hal_dma2d.c **** 
 816              		.loc 1 865 3 view .LVU217
 865:Drivers/STM32H7xx_HAL_Driver/Src/stm32h7xx_hal_dma2d.c **** 
 817              		.loc 1 865 15 is_stmt 0 view .LVU218
 818 0012 FFF7FEFF 		bl	HAL_GetTick
 819              	.LVL74:
 865:Drivers/STM32H7xx_HAL_Driver/Src/stm32h7xx_hal_dma2d.c **** 
 820              		.loc 1 865 15 view .LVU219
 821 0016 0546     		mov	r5, r0
 822              	.LVL75:
 868:Drivers/STM32H7xx_HAL_Driver/Src/stm32h7xx_hal_dma2d.c ****   {
 823              		.loc 1 868 3 is_stmt 1 view .LVU220
 824              	.L55:
 868:Drivers/STM32H7xx_HAL_Driver/Src/stm32h7xx_hal_dma2d.c ****   {
 825              		.loc 1 868 50 view .LVU221
 868:Drivers/STM32H7xx_HAL_Driver/Src/stm32h7xx_hal_dma2d.c ****   {
 826              		.loc 1 868 17 is_stmt 0 view .LVU222
 827 0018 2368     		ldr	r3, [r4]
 868:Drivers/STM32H7xx_HAL_Driver/Src/stm32h7xx_hal_dma2d.c ****   {
 828              		.loc 1 868 27 view .LVU223
 829 001a 1A68     		ldr	r2, [r3]
 868:Drivers/STM32H7xx_HAL_Driver/Src/stm32h7xx_hal_dma2d.c ****   {
ARM GAS  C:\msys64\tmp\ccU8cwaS.s 			page 57


 830              		.loc 1 868 50 view .LVU224
 831 001c 12F0010F 		tst	r2, #1
 832 0020 10D0     		beq	.L59
 870:Drivers/STM32H7xx_HAL_Driver/Src/stm32h7xx_hal_dma2d.c ****     {
 833              		.loc 1 870 5 is_stmt 1 view .LVU225
 870:Drivers/STM32H7xx_HAL_Driver/Src/stm32h7xx_hal_dma2d.c ****     {
 834              		.loc 1 870 10 is_stmt 0 view .LVU226
 835 0022 FFF7FEFF 		bl	HAL_GetTick
 836              	.LVL76:
 870:Drivers/STM32H7xx_HAL_Driver/Src/stm32h7xx_hal_dma2d.c ****     {
 837              		.loc 1 870 24 discriminator 1 view .LVU227
 838 0026 401B     		subs	r0, r0, r5
 870:Drivers/STM32H7xx_HAL_Driver/Src/stm32h7xx_hal_dma2d.c ****     {
 839              		.loc 1 870 8 discriminator 1 view .LVU228
 840 0028 B0F57A7F 		cmp	r0, #1000
 841 002c F4D9     		bls	.L55
 873:Drivers/STM32H7xx_HAL_Driver/Src/stm32h7xx_hal_dma2d.c **** 
 842              		.loc 1 873 7 is_stmt 1 view .LVU229
 873:Drivers/STM32H7xx_HAL_Driver/Src/stm32h7xx_hal_dma2d.c **** 
 843              		.loc 1 873 13 is_stmt 0 view .LVU230
 844 002e 636E     		ldr	r3, [r4, #100]
 873:Drivers/STM32H7xx_HAL_Driver/Src/stm32h7xx_hal_dma2d.c **** 
 845              		.loc 1 873 25 view .LVU231
 846 0030 43F02003 		orr	r3, r3, #32
 847 0034 6366     		str	r3, [r4, #100]
 876:Drivers/STM32H7xx_HAL_Driver/Src/stm32h7xx_hal_dma2d.c **** 
 848              		.loc 1 876 7 is_stmt 1 view .LVU232
 876:Drivers/STM32H7xx_HAL_Driver/Src/stm32h7xx_hal_dma2d.c **** 
 849              		.loc 1 876 21 is_stmt 0 view .LVU233
 850 0036 0320     		movs	r0, #3
 851 0038 84F86100 		strb	r0, [r4, #97]
 879:Drivers/STM32H7xx_HAL_Driver/Src/stm32h7xx_hal_dma2d.c **** 
 852              		.loc 1 879 7 is_stmt 1 view .LVU234
 879:Drivers/STM32H7xx_HAL_Driver/Src/stm32h7xx_hal_dma2d.c **** 
 853              		.loc 1 879 7 view .LVU235
 854 003c 0023     		movs	r3, #0
 855 003e 84F86030 		strb	r3, [r4, #96]
 879:Drivers/STM32H7xx_HAL_Driver/Src/stm32h7xx_hal_dma2d.c **** 
 856              		.loc 1 879 7 view .LVU236
 881:Drivers/STM32H7xx_HAL_Driver/Src/stm32h7xx_hal_dma2d.c ****     }
 857              		.loc 1 881 7 view .LVU237
 881:Drivers/STM32H7xx_HAL_Driver/Src/stm32h7xx_hal_dma2d.c ****     }
 858              		.loc 1 881 14 is_stmt 0 view .LVU238
 859 0042 09E0     		b	.L56
 860              	.L59:
 886:Drivers/STM32H7xx_HAL_Driver/Src/stm32h7xx_hal_dma2d.c **** 
 861              		.loc 1 886 3 is_stmt 1 view .LVU239
 862 0044 1A68     		ldr	r2, [r3]
 863 0046 22F40C52 		bic	r2, r2, #8960
 864 004a 1A60     		str	r2, [r3]
 889:Drivers/STM32H7xx_HAL_Driver/Src/stm32h7xx_hal_dma2d.c **** 
 865              		.loc 1 889 3 view .LVU240
 889:Drivers/STM32H7xx_HAL_Driver/Src/stm32h7xx_hal_dma2d.c **** 
 866              		.loc 1 889 17 is_stmt 0 view .LVU241
 867 004c 0123     		movs	r3, #1
 868 004e 84F86130 		strb	r3, [r4, #97]
 892:Drivers/STM32H7xx_HAL_Driver/Src/stm32h7xx_hal_dma2d.c **** 
ARM GAS  C:\msys64\tmp\ccU8cwaS.s 			page 58


 869              		.loc 1 892 3 is_stmt 1 view .LVU242
 892:Drivers/STM32H7xx_HAL_Driver/Src/stm32h7xx_hal_dma2d.c **** 
 870              		.loc 1 892 3 view .LVU243
 871 0052 0020     		movs	r0, #0
 872 0054 84F86000 		strb	r0, [r4, #96]
 892:Drivers/STM32H7xx_HAL_Driver/Src/stm32h7xx_hal_dma2d.c **** 
 873              		.loc 1 892 3 view .LVU244
 894:Drivers/STM32H7xx_HAL_Driver/Src/stm32h7xx_hal_dma2d.c **** }
 874              		.loc 1 894 3 view .LVU245
 875              	.L56:
 895:Drivers/STM32H7xx_HAL_Driver/Src/stm32h7xx_hal_dma2d.c **** 
 876              		.loc 1 895 1 is_stmt 0 view .LVU246
 877 0058 38BD     		pop	{r3, r4, r5, pc}
 895:Drivers/STM32H7xx_HAL_Driver/Src/stm32h7xx_hal_dma2d.c **** 
 878              		.loc 1 895 1 view .LVU247
 879              		.cfi_endproc
 880              	.LFE152:
 882              		.section	.text.HAL_DMA2D_Suspend,"ax",%progbits
 883              		.align	1
 884              		.global	HAL_DMA2D_Suspend
 885              		.syntax unified
 886              		.thumb
 887              		.thumb_func
 889              	HAL_DMA2D_Suspend:
 890              	.LVL77:
 891              	.LFB153:
 904:Drivers/STM32H7xx_HAL_Driver/Src/stm32h7xx_hal_dma2d.c ****   uint32_t tickstart;
 892              		.loc 1 904 1 is_stmt 1 view -0
 893              		.cfi_startproc
 894              		@ args = 0, pretend = 0, frame = 0
 895              		@ frame_needed = 0, uses_anonymous_args = 0
 904:Drivers/STM32H7xx_HAL_Driver/Src/stm32h7xx_hal_dma2d.c ****   uint32_t tickstart;
 896              		.loc 1 904 1 is_stmt 0 view .LVU249
 897 0000 38B5     		push	{r3, r4, r5, lr}
 898              	.LCFI20:
 899              		.cfi_def_cfa_offset 16
 900              		.cfi_offset 3, -16
 901              		.cfi_offset 4, -12
 902              		.cfi_offset 5, -8
 903              		.cfi_offset 14, -4
 904 0002 0446     		mov	r4, r0
 905:Drivers/STM32H7xx_HAL_Driver/Src/stm32h7xx_hal_dma2d.c **** 
 905              		.loc 1 905 3 is_stmt 1 view .LVU250
 911:Drivers/STM32H7xx_HAL_Driver/Src/stm32h7xx_hal_dma2d.c **** 
 906              		.loc 1 911 3 view .LVU251
 907 0004 0268     		ldr	r2, [r0]
 908 0006 1368     		ldr	r3, [r2]
 909 0008 23F00303 		bic	r3, r3, #3
 910 000c 43F00203 		orr	r3, r3, #2
 911 0010 1360     		str	r3, [r2]
 914:Drivers/STM32H7xx_HAL_Driver/Src/stm32h7xx_hal_dma2d.c **** 
 912              		.loc 1 914 3 view .LVU252
 914:Drivers/STM32H7xx_HAL_Driver/Src/stm32h7xx_hal_dma2d.c **** 
 913              		.loc 1 914 15 is_stmt 0 view .LVU253
 914 0012 FFF7FEFF 		bl	HAL_GetTick
 915              	.LVL78:
 914:Drivers/STM32H7xx_HAL_Driver/Src/stm32h7xx_hal_dma2d.c **** 
ARM GAS  C:\msys64\tmp\ccU8cwaS.s 			page 59


 916              		.loc 1 914 15 view .LVU254
 917 0016 0546     		mov	r5, r0
 918              	.LVL79:
 917:Drivers/STM32H7xx_HAL_Driver/Src/stm32h7xx_hal_dma2d.c ****   {
 919              		.loc 1 917 3 is_stmt 1 view .LVU255
 920              	.L61:
 917:Drivers/STM32H7xx_HAL_Driver/Src/stm32h7xx_hal_dma2d.c ****   {
 921              		.loc 1 917 68 view .LVU256
 917:Drivers/STM32H7xx_HAL_Driver/Src/stm32h7xx_hal_dma2d.c ****   {
 922              		.loc 1 917 17 is_stmt 0 view .LVU257
 923 0018 2268     		ldr	r2, [r4]
 917:Drivers/STM32H7xx_HAL_Driver/Src/stm32h7xx_hal_dma2d.c ****   {
 924              		.loc 1 917 27 view .LVU258
 925 001a 1368     		ldr	r3, [r2]
 917:Drivers/STM32H7xx_HAL_Driver/Src/stm32h7xx_hal_dma2d.c ****   {
 926              		.loc 1 917 32 view .LVU259
 927 001c 03F00303 		and	r3, r3, #3
 917:Drivers/STM32H7xx_HAL_Driver/Src/stm32h7xx_hal_dma2d.c ****   {
 928              		.loc 1 917 68 view .LVU260
 929 0020 012B     		cmp	r3, #1
 930 0022 0DD1     		bne	.L66
 919:Drivers/STM32H7xx_HAL_Driver/Src/stm32h7xx_hal_dma2d.c ****     {
 931              		.loc 1 919 5 is_stmt 1 view .LVU261
 919:Drivers/STM32H7xx_HAL_Driver/Src/stm32h7xx_hal_dma2d.c ****     {
 932              		.loc 1 919 10 is_stmt 0 view .LVU262
 933 0024 FFF7FEFF 		bl	HAL_GetTick
 934              	.LVL80:
 919:Drivers/STM32H7xx_HAL_Driver/Src/stm32h7xx_hal_dma2d.c ****     {
 935              		.loc 1 919 24 discriminator 1 view .LVU263
 936 0028 401B     		subs	r0, r0, r5
 919:Drivers/STM32H7xx_HAL_Driver/Src/stm32h7xx_hal_dma2d.c ****     {
 937              		.loc 1 919 8 discriminator 1 view .LVU264
 938 002a B0F57A7F 		cmp	r0, #1000
 939 002e F3D9     		bls	.L61
 922:Drivers/STM32H7xx_HAL_Driver/Src/stm32h7xx_hal_dma2d.c **** 
 940              		.loc 1 922 7 is_stmt 1 view .LVU265
 922:Drivers/STM32H7xx_HAL_Driver/Src/stm32h7xx_hal_dma2d.c **** 
 941              		.loc 1 922 13 is_stmt 0 view .LVU266
 942 0030 636E     		ldr	r3, [r4, #100]
 922:Drivers/STM32H7xx_HAL_Driver/Src/stm32h7xx_hal_dma2d.c **** 
 943              		.loc 1 922 25 view .LVU267
 944 0032 43F02003 		orr	r3, r3, #32
 945 0036 6366     		str	r3, [r4, #100]
 925:Drivers/STM32H7xx_HAL_Driver/Src/stm32h7xx_hal_dma2d.c **** 
 946              		.loc 1 925 7 is_stmt 1 view .LVU268
 925:Drivers/STM32H7xx_HAL_Driver/Src/stm32h7xx_hal_dma2d.c **** 
 947              		.loc 1 925 21 is_stmt 0 view .LVU269
 948 0038 0320     		movs	r0, #3
 949 003a 84F86100 		strb	r0, [r4, #97]
 927:Drivers/STM32H7xx_HAL_Driver/Src/stm32h7xx_hal_dma2d.c ****     }
 950              		.loc 1 927 7 is_stmt 1 view .LVU270
 951              	.L62:
 944:Drivers/STM32H7xx_HAL_Driver/Src/stm32h7xx_hal_dma2d.c **** 
 952              		.loc 1 944 1 is_stmt 0 view .LVU271
 953 003e 38BD     		pop	{r3, r4, r5, pc}
 954              	.LVL81:
 955              	.L66:
ARM GAS  C:\msys64\tmp\ccU8cwaS.s 			page 60


 932:Drivers/STM32H7xx_HAL_Driver/Src/stm32h7xx_hal_dma2d.c ****   {
 956              		.loc 1 932 3 is_stmt 1 view .LVU272
 932:Drivers/STM32H7xx_HAL_Driver/Src/stm32h7xx_hal_dma2d.c ****   {
 957              		.loc 1 932 24 is_stmt 0 view .LVU273
 958 0040 1368     		ldr	r3, [r2]
 932:Drivers/STM32H7xx_HAL_Driver/Src/stm32h7xx_hal_dma2d.c ****   {
 959              		.loc 1 932 6 view .LVU274
 960 0042 13F0010F 		tst	r3, #1
 961 0046 04D0     		beq	.L64
 934:Drivers/STM32H7xx_HAL_Driver/Src/stm32h7xx_hal_dma2d.c ****   }
 962              		.loc 1 934 5 is_stmt 1 view .LVU275
 934:Drivers/STM32H7xx_HAL_Driver/Src/stm32h7xx_hal_dma2d.c ****   }
 963              		.loc 1 934 19 is_stmt 0 view .LVU276
 964 0048 0523     		movs	r3, #5
 965 004a 84F86130 		strb	r3, [r4, #97]
 943:Drivers/STM32H7xx_HAL_Driver/Src/stm32h7xx_hal_dma2d.c **** }
 966              		.loc 1 943 10 view .LVU277
 967 004e 0020     		movs	r0, #0
 968 0050 F5E7     		b	.L62
 969              	.L64:
 940:Drivers/STM32H7xx_HAL_Driver/Src/stm32h7xx_hal_dma2d.c ****   }
 970              		.loc 1 940 5 is_stmt 1 view .LVU278
 971 0052 1368     		ldr	r3, [r2]
 972 0054 23F00203 		bic	r3, r3, #2
 973 0058 1360     		str	r3, [r2]
 943:Drivers/STM32H7xx_HAL_Driver/Src/stm32h7xx_hal_dma2d.c **** }
 974              		.loc 1 943 10 is_stmt 0 view .LVU279
 975 005a 0020     		movs	r0, #0
 976 005c EFE7     		b	.L62
 977              		.cfi_endproc
 978              	.LFE153:
 980              		.section	.text.HAL_DMA2D_Resume,"ax",%progbits
 981              		.align	1
 982              		.global	HAL_DMA2D_Resume
 983              		.syntax unified
 984              		.thumb
 985              		.thumb_func
 987              	HAL_DMA2D_Resume:
 988              	.LVL82:
 989              	.LFB154:
 953:Drivers/STM32H7xx_HAL_Driver/Src/stm32h7xx_hal_dma2d.c ****   /* Check the SUSP and START bits */
 990              		.loc 1 953 1 is_stmt 1 view -0
 991              		.cfi_startproc
 992              		@ args = 0, pretend = 0, frame = 0
 993              		@ frame_needed = 0, uses_anonymous_args = 0
 994              		@ link register save eliminated.
 955:Drivers/STM32H7xx_HAL_Driver/Src/stm32h7xx_hal_dma2d.c ****   {
 995              		.loc 1 955 3 view .LVU281
 955:Drivers/STM32H7xx_HAL_Driver/Src/stm32h7xx_hal_dma2d.c ****   {
 996              		.loc 1 955 14 is_stmt 0 view .LVU282
 997 0000 0368     		ldr	r3, [r0]
 955:Drivers/STM32H7xx_HAL_Driver/Src/stm32h7xx_hal_dma2d.c ****   {
 998              		.loc 1 955 24 view .LVU283
 999 0002 1A68     		ldr	r2, [r3]
 955:Drivers/STM32H7xx_HAL_Driver/Src/stm32h7xx_hal_dma2d.c ****   {
 1000              		.loc 1 955 29 view .LVU284
 1001 0004 02F00302 		and	r2, r2, #3
ARM GAS  C:\msys64\tmp\ccU8cwaS.s 			page 61


 955:Drivers/STM32H7xx_HAL_Driver/Src/stm32h7xx_hal_dma2d.c ****   {
 1002              		.loc 1 955 6 view .LVU285
 1003 0008 032A     		cmp	r2, #3
 1004 000a 05D0     		beq	.L69
 1005              	.L68:
 965:Drivers/STM32H7xx_HAL_Driver/Src/stm32h7xx_hal_dma2d.c **** 
 1006              		.loc 1 965 3 is_stmt 1 view .LVU286
 1007 000c 1A68     		ldr	r2, [r3]
 1008 000e 22F00302 		bic	r2, r2, #3
 1009 0012 1A60     		str	r2, [r3]
 967:Drivers/STM32H7xx_HAL_Driver/Src/stm32h7xx_hal_dma2d.c **** }
 1010              		.loc 1 967 3 view .LVU287
 968:Drivers/STM32H7xx_HAL_Driver/Src/stm32h7xx_hal_dma2d.c **** 
 1011              		.loc 1 968 1 is_stmt 0 view .LVU288
 1012 0014 0020     		movs	r0, #0
 1013              	.LVL83:
 968:Drivers/STM32H7xx_HAL_Driver/Src/stm32h7xx_hal_dma2d.c **** 
 1014              		.loc 1 968 1 view .LVU289
 1015 0016 7047     		bx	lr
 1016              	.LVL84:
 1017              	.L69:
 958:Drivers/STM32H7xx_HAL_Driver/Src/stm32h7xx_hal_dma2d.c ****   }
 1018              		.loc 1 958 5 is_stmt 1 view .LVU290
 958:Drivers/STM32H7xx_HAL_Driver/Src/stm32h7xx_hal_dma2d.c ****   }
 1019              		.loc 1 958 19 is_stmt 0 view .LVU291
 1020 0018 0222     		movs	r2, #2
 1021 001a 80F86120 		strb	r2, [r0, #97]
 1022 001e F5E7     		b	.L68
 1023              		.cfi_endproc
 1024              	.LFE154:
 1026              		.section	.text.HAL_DMA2D_EnableCLUT,"ax",%progbits
 1027              		.align	1
 1028              		.global	HAL_DMA2D_EnableCLUT
 1029              		.syntax unified
 1030              		.thumb
 1031              		.thumb_func
 1033              	HAL_DMA2D_EnableCLUT:
 1034              	.LVL85:
 1035              	.LFB155:
 981:Drivers/STM32H7xx_HAL_Driver/Src/stm32h7xx_hal_dma2d.c ****   /* Check the parameters */
 1036              		.loc 1 981 1 is_stmt 1 view -0
 1037              		.cfi_startproc
 1038              		@ args = 0, pretend = 0, frame = 0
 1039              		@ frame_needed = 0, uses_anonymous_args = 0
 1040              		@ link register save eliminated.
 983:Drivers/STM32H7xx_HAL_Driver/Src/stm32h7xx_hal_dma2d.c **** 
 1041              		.loc 1 983 3 view .LVU293
 986:Drivers/STM32H7xx_HAL_Driver/Src/stm32h7xx_hal_dma2d.c **** 
 1042              		.loc 1 986 3 view .LVU294
 986:Drivers/STM32H7xx_HAL_Driver/Src/stm32h7xx_hal_dma2d.c **** 
 1043              		.loc 1 986 3 view .LVU295
 1044 0000 90F86030 		ldrb	r3, [r0, #96]	@ zero_extendqisi2
 1045 0004 012B     		cmp	r3, #1
 1046 0006 14D0     		beq	.L73
 986:Drivers/STM32H7xx_HAL_Driver/Src/stm32h7xx_hal_dma2d.c **** 
 1047              		.loc 1 986 3 discriminator 2 view .LVU296
 1048 0008 0123     		movs	r3, #1
ARM GAS  C:\msys64\tmp\ccU8cwaS.s 			page 62


 1049 000a 80F86030 		strb	r3, [r0, #96]
 986:Drivers/STM32H7xx_HAL_Driver/Src/stm32h7xx_hal_dma2d.c **** 
 1050              		.loc 1 986 3 view .LVU297
 989:Drivers/STM32H7xx_HAL_Driver/Src/stm32h7xx_hal_dma2d.c **** 
 1051              		.loc 1 989 3 view .LVU298
 989:Drivers/STM32H7xx_HAL_Driver/Src/stm32h7xx_hal_dma2d.c **** 
 1052              		.loc 1 989 17 is_stmt 0 view .LVU299
 1053 000e 0223     		movs	r3, #2
 1054 0010 80F86130 		strb	r3, [r0, #97]
 991:Drivers/STM32H7xx_HAL_Driver/Src/stm32h7xx_hal_dma2d.c ****   {
 1055              		.loc 1 991 3 is_stmt 1 view .LVU300
 991:Drivers/STM32H7xx_HAL_Driver/Src/stm32h7xx_hal_dma2d.c ****   {
 1056              		.loc 1 991 6 is_stmt 0 view .LVU301
 1057 0014 31B9     		cbnz	r1, .L72
 994:Drivers/STM32H7xx_HAL_Driver/Src/stm32h7xx_hal_dma2d.c ****   }
 1058              		.loc 1 994 5 is_stmt 1 view .LVU302
 1059 0016 0268     		ldr	r2, [r0]
 1060 0018 536A     		ldr	r3, [r2, #36]
 1061 001a 43F02003 		orr	r3, r3, #32
 1062 001e 5362     		str	r3, [r2, #36]
1002:Drivers/STM32H7xx_HAL_Driver/Src/stm32h7xx_hal_dma2d.c **** }
 1063              		.loc 1 1002 10 is_stmt 0 view .LVU303
 1064 0020 0020     		movs	r0, #0
 1065              	.LVL86:
1002:Drivers/STM32H7xx_HAL_Driver/Src/stm32h7xx_hal_dma2d.c **** }
 1066              		.loc 1 1002 10 view .LVU304
 1067 0022 7047     		bx	lr
 1068              	.LVL87:
 1069              	.L72:
 999:Drivers/STM32H7xx_HAL_Driver/Src/stm32h7xx_hal_dma2d.c ****   }
 1070              		.loc 1 999 5 is_stmt 1 view .LVU305
 1071 0024 0268     		ldr	r2, [r0]
 1072 0026 D369     		ldr	r3, [r2, #28]
 1073 0028 43F02003 		orr	r3, r3, #32
 1074 002c D361     		str	r3, [r2, #28]
1002:Drivers/STM32H7xx_HAL_Driver/Src/stm32h7xx_hal_dma2d.c **** }
 1075              		.loc 1 1002 10 is_stmt 0 view .LVU306
 1076 002e 0020     		movs	r0, #0
 1077              	.LVL88:
1002:Drivers/STM32H7xx_HAL_Driver/Src/stm32h7xx_hal_dma2d.c **** }
 1078              		.loc 1 1002 10 view .LVU307
 1079 0030 7047     		bx	lr
 1080              	.LVL89:
 1081              	.L73:
 986:Drivers/STM32H7xx_HAL_Driver/Src/stm32h7xx_hal_dma2d.c **** 
 1082              		.loc 1 986 3 discriminator 1 view .LVU308
 1083 0032 0220     		movs	r0, #2
 1084              	.LVL90:
1003:Drivers/STM32H7xx_HAL_Driver/Src/stm32h7xx_hal_dma2d.c **** 
 1085              		.loc 1 1003 1 view .LVU309
 1086 0034 7047     		bx	lr
 1087              		.cfi_endproc
 1088              	.LFE155:
 1090              		.section	.text.HAL_DMA2D_CLUTStartLoad,"ax",%progbits
 1091              		.align	1
 1092              		.global	HAL_DMA2D_CLUTStartLoad
 1093              		.syntax unified
ARM GAS  C:\msys64\tmp\ccU8cwaS.s 			page 63


 1094              		.thumb
 1095              		.thumb_func
 1097              	HAL_DMA2D_CLUTStartLoad:
 1098              	.LVL91:
 1099              	.LFB156:
1018:Drivers/STM32H7xx_HAL_Driver/Src/stm32h7xx_hal_dma2d.c ****   /* Check the parameters */
 1100              		.loc 1 1018 1 is_stmt 1 view -0
 1101              		.cfi_startproc
 1102              		@ args = 0, pretend = 0, frame = 0
 1103              		@ frame_needed = 0, uses_anonymous_args = 0
 1104              		@ link register save eliminated.
1020:Drivers/STM32H7xx_HAL_Driver/Src/stm32h7xx_hal_dma2d.c ****   assert_param(IS_DMA2D_CLUT_CM(CLUTCfg->CLUTColorMode));
 1105              		.loc 1 1020 3 view .LVU311
1021:Drivers/STM32H7xx_HAL_Driver/Src/stm32h7xx_hal_dma2d.c ****   assert_param(IS_DMA2D_CLUT_SIZE(CLUTCfg->Size));
 1106              		.loc 1 1021 3 view .LVU312
1022:Drivers/STM32H7xx_HAL_Driver/Src/stm32h7xx_hal_dma2d.c **** 
 1107              		.loc 1 1022 3 view .LVU313
1025:Drivers/STM32H7xx_HAL_Driver/Src/stm32h7xx_hal_dma2d.c **** 
 1108              		.loc 1 1025 3 view .LVU314
1025:Drivers/STM32H7xx_HAL_Driver/Src/stm32h7xx_hal_dma2d.c **** 
 1109              		.loc 1 1025 3 view .LVU315
 1110 0000 90F86030 		ldrb	r3, [r0, #96]	@ zero_extendqisi2
 1111 0004 012B     		cmp	r3, #1
 1112 0006 32D0     		beq	.L77
1018:Drivers/STM32H7xx_HAL_Driver/Src/stm32h7xx_hal_dma2d.c ****   /* Check the parameters */
 1113              		.loc 1 1018 1 is_stmt 0 view .LVU316
 1114 0008 30B4     		push	{r4, r5}
 1115              	.LCFI21:
 1116              		.cfi_def_cfa_offset 8
 1117              		.cfi_offset 4, -8
 1118              		.cfi_offset 5, -4
1025:Drivers/STM32H7xx_HAL_Driver/Src/stm32h7xx_hal_dma2d.c **** 
 1119              		.loc 1 1025 3 is_stmt 1 discriminator 2 view .LVU317
 1120 000a 0123     		movs	r3, #1
 1121 000c 80F86030 		strb	r3, [r0, #96]
1025:Drivers/STM32H7xx_HAL_Driver/Src/stm32h7xx_hal_dma2d.c **** 
 1122              		.loc 1 1025 3 view .LVU318
1028:Drivers/STM32H7xx_HAL_Driver/Src/stm32h7xx_hal_dma2d.c **** 
 1123              		.loc 1 1028 3 view .LVU319
1028:Drivers/STM32H7xx_HAL_Driver/Src/stm32h7xx_hal_dma2d.c **** 
 1124              		.loc 1 1028 17 is_stmt 0 view .LVU320
 1125 0010 0223     		movs	r3, #2
 1126 0012 80F86130 		strb	r3, [r0, #97]
1031:Drivers/STM32H7xx_HAL_Driver/Src/stm32h7xx_hal_dma2d.c ****   {
 1127              		.loc 1 1031 3 is_stmt 1 view .LVU321
1031:Drivers/STM32H7xx_HAL_Driver/Src/stm32h7xx_hal_dma2d.c ****   {
 1128              		.loc 1 1031 6 is_stmt 0 view .LVU322
 1129 0016 AAB9     		cbnz	r2, .L76
1034:Drivers/STM32H7xx_HAL_Driver/Src/stm32h7xx_hal_dma2d.c **** 
 1130              		.loc 1 1034 5 is_stmt 1 view .LVU323
 1131 0018 0A68     		ldr	r2, [r1]
 1132              	.LVL92:
1034:Drivers/STM32H7xx_HAL_Driver/Src/stm32h7xx_hal_dma2d.c **** 
 1133              		.loc 1 1034 5 is_stmt 0 view .LVU324
 1134 001a 0368     		ldr	r3, [r0]
 1135 001c 1A63     		str	r2, [r3, #48]
1037:Drivers/STM32H7xx_HAL_Driver/Src/stm32h7xx_hal_dma2d.c ****                ((CLUTCfg->Size << DMA2D_BGPFCCR_CS_Pos) | (CLUTCfg->CLUTColorMode << DMA2D_BGPFCCR_
ARM GAS  C:\msys64\tmp\ccU8cwaS.s 			page 64


 1136              		.loc 1 1037 5 is_stmt 1 view .LVU325
 1137 001e 0468     		ldr	r4, [r0]
 1138 0020 626A     		ldr	r2, [r4, #36]
 1139 0022 144B     		ldr	r3, .L82
 1140 0024 1340     		ands	r3, r3, r2
 1141 0026 8D68     		ldr	r5, [r1, #8]
 1142 0028 4A68     		ldr	r2, [r1, #4]
 1143 002a 1201     		lsls	r2, r2, #4
 1144 002c 42EA0522 		orr	r2, r2, r5, lsl #8
 1145 0030 1343     		orrs	r3, r3, r2
 1146 0032 6362     		str	r3, [r4, #36]
1041:Drivers/STM32H7xx_HAL_Driver/Src/stm32h7xx_hal_dma2d.c ****   }
 1147              		.loc 1 1041 5 view .LVU326
 1148 0034 0268     		ldr	r2, [r0]
 1149 0036 536A     		ldr	r3, [r2, #36]
 1150 0038 43F02003 		orr	r3, r3, #32
 1151 003c 5362     		str	r3, [r2, #36]
1057:Drivers/STM32H7xx_HAL_Driver/Src/stm32h7xx_hal_dma2d.c **** }
 1152              		.loc 1 1057 10 is_stmt 0 view .LVU327
 1153 003e 0020     		movs	r0, #0
 1154              	.LVL93:
 1155              	.L75:
1058:Drivers/STM32H7xx_HAL_Driver/Src/stm32h7xx_hal_dma2d.c **** 
 1156              		.loc 1 1058 1 view .LVU328
 1157 0040 30BC     		pop	{r4, r5}
 1158              	.LCFI22:
 1159              		.cfi_remember_state
 1160              		.cfi_restore 5
 1161              		.cfi_restore 4
 1162              		.cfi_def_cfa_offset 0
 1163 0042 7047     		bx	lr
 1164              	.LVL94:
 1165              	.L76:
 1166              	.LCFI23:
 1167              		.cfi_restore_state
1047:Drivers/STM32H7xx_HAL_Driver/Src/stm32h7xx_hal_dma2d.c **** 
 1168              		.loc 1 1047 5 is_stmt 1 view .LVU329
 1169 0044 0A68     		ldr	r2, [r1]
 1170              	.LVL95:
1047:Drivers/STM32H7xx_HAL_Driver/Src/stm32h7xx_hal_dma2d.c **** 
 1171              		.loc 1 1047 5 is_stmt 0 view .LVU330
 1172 0046 0368     		ldr	r3, [r0]
 1173 0048 DA62     		str	r2, [r3, #44]
1050:Drivers/STM32H7xx_HAL_Driver/Src/stm32h7xx_hal_dma2d.c ****                ((CLUTCfg->Size << DMA2D_FGPFCCR_CS_Pos) | (CLUTCfg->CLUTColorMode << DMA2D_FGPFCCR_
 1174              		.loc 1 1050 5 is_stmt 1 view .LVU331
 1175 004a 0468     		ldr	r4, [r0]
 1176 004c E269     		ldr	r2, [r4, #28]
 1177 004e 094B     		ldr	r3, .L82
 1178 0050 1340     		ands	r3, r3, r2
 1179 0052 8D68     		ldr	r5, [r1, #8]
 1180 0054 4A68     		ldr	r2, [r1, #4]
 1181 0056 1201     		lsls	r2, r2, #4
 1182 0058 42EA0522 		orr	r2, r2, r5, lsl #8
 1183 005c 1343     		orrs	r3, r3, r2
 1184 005e E361     		str	r3, [r4, #28]
1054:Drivers/STM32H7xx_HAL_Driver/Src/stm32h7xx_hal_dma2d.c ****   }
 1185              		.loc 1 1054 5 view .LVU332
ARM GAS  C:\msys64\tmp\ccU8cwaS.s 			page 65


 1186 0060 0268     		ldr	r2, [r0]
 1187 0062 D369     		ldr	r3, [r2, #28]
 1188 0064 43F02003 		orr	r3, r3, #32
 1189 0068 D361     		str	r3, [r2, #28]
1057:Drivers/STM32H7xx_HAL_Driver/Src/stm32h7xx_hal_dma2d.c **** }
 1190              		.loc 1 1057 10 is_stmt 0 view .LVU333
 1191 006a 0020     		movs	r0, #0
 1192              	.LVL96:
1057:Drivers/STM32H7xx_HAL_Driver/Src/stm32h7xx_hal_dma2d.c **** }
 1193              		.loc 1 1057 10 view .LVU334
 1194 006c E8E7     		b	.L75
 1195              	.LVL97:
 1196              	.L77:
 1197              	.LCFI24:
 1198              		.cfi_def_cfa_offset 0
 1199              		.cfi_restore 4
 1200              		.cfi_restore 5
1025:Drivers/STM32H7xx_HAL_Driver/Src/stm32h7xx_hal_dma2d.c **** 
 1201              		.loc 1 1025 3 discriminator 1 view .LVU335
 1202 006e 0220     		movs	r0, #2
 1203              	.LVL98:
1058:Drivers/STM32H7xx_HAL_Driver/Src/stm32h7xx_hal_dma2d.c **** 
 1204              		.loc 1 1058 1 view .LVU336
 1205 0070 7047     		bx	lr
 1206              	.L83:
 1207 0072 00BF     		.align	2
 1208              	.L82:
 1209 0074 EF00FFFF 		.word	-65297
 1210              		.cfi_endproc
 1211              	.LFE156:
 1213              		.section	.text.HAL_DMA2D_CLUTStartLoad_IT,"ax",%progbits
 1214              		.align	1
 1215              		.global	HAL_DMA2D_CLUTStartLoad_IT
 1216              		.syntax unified
 1217              		.thumb
 1218              		.thumb_func
 1220              	HAL_DMA2D_CLUTStartLoad_IT:
 1221              	.LVL99:
 1222              	.LFB157:
1073:Drivers/STM32H7xx_HAL_Driver/Src/stm32h7xx_hal_dma2d.c ****   /* Check the parameters */
 1223              		.loc 1 1073 1 is_stmt 1 view -0
 1224              		.cfi_startproc
 1225              		@ args = 0, pretend = 0, frame = 0
 1226              		@ frame_needed = 0, uses_anonymous_args = 0
 1227              		@ link register save eliminated.
1075:Drivers/STM32H7xx_HAL_Driver/Src/stm32h7xx_hal_dma2d.c ****   assert_param(IS_DMA2D_CLUT_CM(CLUTCfg->CLUTColorMode));
 1228              		.loc 1 1075 3 view .LVU338
1076:Drivers/STM32H7xx_HAL_Driver/Src/stm32h7xx_hal_dma2d.c ****   assert_param(IS_DMA2D_CLUT_SIZE(CLUTCfg->Size));
 1229              		.loc 1 1076 3 view .LVU339
1077:Drivers/STM32H7xx_HAL_Driver/Src/stm32h7xx_hal_dma2d.c **** 
 1230              		.loc 1 1077 3 view .LVU340
1080:Drivers/STM32H7xx_HAL_Driver/Src/stm32h7xx_hal_dma2d.c **** 
 1231              		.loc 1 1080 3 view .LVU341
1080:Drivers/STM32H7xx_HAL_Driver/Src/stm32h7xx_hal_dma2d.c **** 
 1232              		.loc 1 1080 3 view .LVU342
 1233 0000 90F86030 		ldrb	r3, [r0, #96]	@ zero_extendqisi2
 1234 0004 012B     		cmp	r3, #1
ARM GAS  C:\msys64\tmp\ccU8cwaS.s 			page 66


 1235 0006 3CD0     		beq	.L87
1073:Drivers/STM32H7xx_HAL_Driver/Src/stm32h7xx_hal_dma2d.c ****   /* Check the parameters */
 1236              		.loc 1 1073 1 is_stmt 0 view .LVU343
 1237 0008 30B4     		push	{r4, r5}
 1238              	.LCFI25:
 1239              		.cfi_def_cfa_offset 8
 1240              		.cfi_offset 4, -8
 1241              		.cfi_offset 5, -4
1080:Drivers/STM32H7xx_HAL_Driver/Src/stm32h7xx_hal_dma2d.c **** 
 1242              		.loc 1 1080 3 is_stmt 1 discriminator 2 view .LVU344
 1243 000a 0123     		movs	r3, #1
 1244 000c 80F86030 		strb	r3, [r0, #96]
1080:Drivers/STM32H7xx_HAL_Driver/Src/stm32h7xx_hal_dma2d.c **** 
 1245              		.loc 1 1080 3 view .LVU345
1083:Drivers/STM32H7xx_HAL_Driver/Src/stm32h7xx_hal_dma2d.c **** 
 1246              		.loc 1 1083 3 view .LVU346
1083:Drivers/STM32H7xx_HAL_Driver/Src/stm32h7xx_hal_dma2d.c **** 
 1247              		.loc 1 1083 17 is_stmt 0 view .LVU347
 1248 0010 0223     		movs	r3, #2
 1249 0012 80F86130 		strb	r3, [r0, #97]
1086:Drivers/STM32H7xx_HAL_Driver/Src/stm32h7xx_hal_dma2d.c ****   {
 1250              		.loc 1 1086 3 is_stmt 1 view .LVU348
1086:Drivers/STM32H7xx_HAL_Driver/Src/stm32h7xx_hal_dma2d.c ****   {
 1251              		.loc 1 1086 6 is_stmt 0 view .LVU349
 1252 0016 D2B9     		cbnz	r2, .L86
1089:Drivers/STM32H7xx_HAL_Driver/Src/stm32h7xx_hal_dma2d.c **** 
 1253              		.loc 1 1089 5 is_stmt 1 view .LVU350
 1254 0018 0A68     		ldr	r2, [r1]
 1255              	.LVL100:
1089:Drivers/STM32H7xx_HAL_Driver/Src/stm32h7xx_hal_dma2d.c **** 
 1256              		.loc 1 1089 5 is_stmt 0 view .LVU351
 1257 001a 0368     		ldr	r3, [r0]
 1258 001c 1A63     		str	r2, [r3, #48]
1092:Drivers/STM32H7xx_HAL_Driver/Src/stm32h7xx_hal_dma2d.c ****                ((CLUTCfg->Size << DMA2D_BGPFCCR_CS_Pos) | (CLUTCfg->CLUTColorMode << DMA2D_BGPFCCR_
 1259              		.loc 1 1092 5 is_stmt 1 view .LVU352
 1260 001e 0468     		ldr	r4, [r0]
 1261 0020 626A     		ldr	r2, [r4, #36]
 1262 0022 194B     		ldr	r3, .L92
 1263 0024 1340     		ands	r3, r3, r2
 1264 0026 8D68     		ldr	r5, [r1, #8]
 1265 0028 4A68     		ldr	r2, [r1, #4]
 1266 002a 1201     		lsls	r2, r2, #4
 1267 002c 42EA0522 		orr	r2, r2, r5, lsl #8
 1268 0030 1343     		orrs	r3, r3, r2
 1269 0032 6362     		str	r3, [r4, #36]
1096:Drivers/STM32H7xx_HAL_Driver/Src/stm32h7xx_hal_dma2d.c **** 
 1270              		.loc 1 1096 5 view .LVU353
 1271 0034 0268     		ldr	r2, [r0]
 1272 0036 1368     		ldr	r3, [r2]
 1273 0038 43F46453 		orr	r3, r3, #14592
 1274 003c 1360     		str	r3, [r2]
1099:Drivers/STM32H7xx_HAL_Driver/Src/stm32h7xx_hal_dma2d.c ****   }
 1275              		.loc 1 1099 5 view .LVU354
 1276 003e 0268     		ldr	r2, [r0]
 1277 0040 536A     		ldr	r3, [r2, #36]
 1278 0042 43F02003 		orr	r3, r3, #32
 1279 0046 5362     		str	r3, [r2, #36]
ARM GAS  C:\msys64\tmp\ccU8cwaS.s 			page 67


1118:Drivers/STM32H7xx_HAL_Driver/Src/stm32h7xx_hal_dma2d.c **** }
 1280              		.loc 1 1118 10 is_stmt 0 view .LVU355
 1281 0048 0020     		movs	r0, #0
 1282              	.LVL101:
 1283              	.L85:
1119:Drivers/STM32H7xx_HAL_Driver/Src/stm32h7xx_hal_dma2d.c **** 
 1284              		.loc 1 1119 1 view .LVU356
 1285 004a 30BC     		pop	{r4, r5}
 1286              	.LCFI26:
 1287              		.cfi_remember_state
 1288              		.cfi_restore 5
 1289              		.cfi_restore 4
 1290              		.cfi_def_cfa_offset 0
 1291 004c 7047     		bx	lr
 1292              	.LVL102:
 1293              	.L86:
 1294              	.LCFI27:
 1295              		.cfi_restore_state
1105:Drivers/STM32H7xx_HAL_Driver/Src/stm32h7xx_hal_dma2d.c **** 
 1296              		.loc 1 1105 5 is_stmt 1 view .LVU357
 1297 004e 0A68     		ldr	r2, [r1]
 1298              	.LVL103:
1105:Drivers/STM32H7xx_HAL_Driver/Src/stm32h7xx_hal_dma2d.c **** 
 1299              		.loc 1 1105 5 is_stmt 0 view .LVU358
 1300 0050 0368     		ldr	r3, [r0]
 1301 0052 DA62     		str	r2, [r3, #44]
1108:Drivers/STM32H7xx_HAL_Driver/Src/stm32h7xx_hal_dma2d.c ****                ((CLUTCfg->Size << DMA2D_FGPFCCR_CS_Pos) | (CLUTCfg->CLUTColorMode << DMA2D_FGPFCCR_
 1302              		.loc 1 1108 5 is_stmt 1 view .LVU359
 1303 0054 0468     		ldr	r4, [r0]
 1304 0056 E269     		ldr	r2, [r4, #28]
 1305 0058 0B4B     		ldr	r3, .L92
 1306 005a 1340     		ands	r3, r3, r2
 1307 005c 8D68     		ldr	r5, [r1, #8]
 1308 005e 4A68     		ldr	r2, [r1, #4]
 1309 0060 1201     		lsls	r2, r2, #4
 1310 0062 42EA0522 		orr	r2, r2, r5, lsl #8
 1311 0066 1343     		orrs	r3, r3, r2
 1312 0068 E361     		str	r3, [r4, #28]
1112:Drivers/STM32H7xx_HAL_Driver/Src/stm32h7xx_hal_dma2d.c **** 
 1313              		.loc 1 1112 5 view .LVU360
 1314 006a 0268     		ldr	r2, [r0]
 1315 006c 1368     		ldr	r3, [r2]
 1316 006e 43F46453 		orr	r3, r3, #14592
 1317 0072 1360     		str	r3, [r2]
1115:Drivers/STM32H7xx_HAL_Driver/Src/stm32h7xx_hal_dma2d.c ****   }
 1318              		.loc 1 1115 5 view .LVU361
 1319 0074 0268     		ldr	r2, [r0]
 1320 0076 D369     		ldr	r3, [r2, #28]
 1321 0078 43F02003 		orr	r3, r3, #32
 1322 007c D361     		str	r3, [r2, #28]
1118:Drivers/STM32H7xx_HAL_Driver/Src/stm32h7xx_hal_dma2d.c **** }
 1323              		.loc 1 1118 10 is_stmt 0 view .LVU362
 1324 007e 0020     		movs	r0, #0
 1325              	.LVL104:
1118:Drivers/STM32H7xx_HAL_Driver/Src/stm32h7xx_hal_dma2d.c **** }
 1326              		.loc 1 1118 10 view .LVU363
 1327 0080 E3E7     		b	.L85
ARM GAS  C:\msys64\tmp\ccU8cwaS.s 			page 68


 1328              	.LVL105:
 1329              	.L87:
 1330              	.LCFI28:
 1331              		.cfi_def_cfa_offset 0
 1332              		.cfi_restore 4
 1333              		.cfi_restore 5
1080:Drivers/STM32H7xx_HAL_Driver/Src/stm32h7xx_hal_dma2d.c **** 
 1334              		.loc 1 1080 3 discriminator 1 view .LVU364
 1335 0082 0220     		movs	r0, #2
 1336              	.LVL106:
1119:Drivers/STM32H7xx_HAL_Driver/Src/stm32h7xx_hal_dma2d.c **** 
 1337              		.loc 1 1119 1 view .LVU365
 1338 0084 7047     		bx	lr
 1339              	.L93:
 1340 0086 00BF     		.align	2
 1341              	.L92:
 1342 0088 EF00FFFF 		.word	-65297
 1343              		.cfi_endproc
 1344              	.LFE157:
 1346              		.section	.text.HAL_DMA2D_CLUTLoad,"ax",%progbits
 1347              		.align	1
 1348              		.global	HAL_DMA2D_CLUTLoad
 1349              		.syntax unified
 1350              		.thumb
 1351              		.thumb_func
 1353              	HAL_DMA2D_CLUTLoad:
 1354              	.LVL107:
 1355              	.LFB158:
1136:Drivers/STM32H7xx_HAL_Driver/Src/stm32h7xx_hal_dma2d.c ****   /* Check the parameters */
 1356              		.loc 1 1136 1 is_stmt 1 view -0
 1357              		.cfi_startproc
 1358              		@ args = 4, pretend = 0, frame = 16
 1359              		@ frame_needed = 0, uses_anonymous_args = 0
 1360              		@ link register save eliminated.
1136:Drivers/STM32H7xx_HAL_Driver/Src/stm32h7xx_hal_dma2d.c ****   /* Check the parameters */
 1361              		.loc 1 1136 1 is_stmt 0 view .LVU367
 1362 0000 10B4     		push	{r4}
 1363              	.LCFI29:
 1364              		.cfi_def_cfa_offset 4
 1365              		.cfi_offset 4, -4
 1366 0002 85B0     		sub	sp, sp, #20
 1367              	.LCFI30:
 1368              		.cfi_def_cfa_offset 24
 1369 0004 04AC     		add	r4, sp, #16
 1370 0006 04E90E00 		stmdb	r4, {r1, r2, r3}
1138:Drivers/STM32H7xx_HAL_Driver/Src/stm32h7xx_hal_dma2d.c ****   assert_param(IS_DMA2D_CLUT_CM(CLUTCfg.CLUTColorMode));
 1371              		.loc 1 1138 3 is_stmt 1 view .LVU368
1139:Drivers/STM32H7xx_HAL_Driver/Src/stm32h7xx_hal_dma2d.c ****   assert_param(IS_DMA2D_CLUT_SIZE(CLUTCfg.Size));
 1372              		.loc 1 1139 3 view .LVU369
1140:Drivers/STM32H7xx_HAL_Driver/Src/stm32h7xx_hal_dma2d.c **** 
 1373              		.loc 1 1140 3 view .LVU370
1143:Drivers/STM32H7xx_HAL_Driver/Src/stm32h7xx_hal_dma2d.c **** 
 1374              		.loc 1 1143 3 view .LVU371
1143:Drivers/STM32H7xx_HAL_Driver/Src/stm32h7xx_hal_dma2d.c **** 
 1375              		.loc 1 1143 3 view .LVU372
 1376 000a 90F86030 		ldrb	r3, [r0, #96]	@ zero_extendqisi2
 1377 000e 012B     		cmp	r3, #1
ARM GAS  C:\msys64\tmp\ccU8cwaS.s 			page 69


 1378 0010 33D0     		beq	.L97
1143:Drivers/STM32H7xx_HAL_Driver/Src/stm32h7xx_hal_dma2d.c **** 
 1379              		.loc 1 1143 3 discriminator 2 view .LVU373
 1380 0012 0123     		movs	r3, #1
 1381 0014 80F86030 		strb	r3, [r0, #96]
1143:Drivers/STM32H7xx_HAL_Driver/Src/stm32h7xx_hal_dma2d.c **** 
 1382              		.loc 1 1143 3 view .LVU374
1146:Drivers/STM32H7xx_HAL_Driver/Src/stm32h7xx_hal_dma2d.c **** 
 1383              		.loc 1 1146 3 view .LVU375
1146:Drivers/STM32H7xx_HAL_Driver/Src/stm32h7xx_hal_dma2d.c **** 
 1384              		.loc 1 1146 17 is_stmt 0 view .LVU376
 1385 0018 0223     		movs	r3, #2
 1386 001a 80F86130 		strb	r3, [r0, #97]
1149:Drivers/STM32H7xx_HAL_Driver/Src/stm32h7xx_hal_dma2d.c ****   {
 1387              		.loc 1 1149 3 is_stmt 1 view .LVU377
1149:Drivers/STM32H7xx_HAL_Driver/Src/stm32h7xx_hal_dma2d.c ****   {
 1388              		.loc 1 1149 6 is_stmt 0 view .LVU378
 1389 001e 069B     		ldr	r3, [sp, #24]
 1390 0020 B3B9     		cbnz	r3, .L96
1152:Drivers/STM32H7xx_HAL_Driver/Src/stm32h7xx_hal_dma2d.c **** 
 1391              		.loc 1 1152 5 is_stmt 1 view .LVU379
 1392 0022 0368     		ldr	r3, [r0]
 1393 0024 1963     		str	r1, [r3, #48]
1155:Drivers/STM32H7xx_HAL_Driver/Src/stm32h7xx_hal_dma2d.c ****                ((CLUTCfg.Size << DMA2D_BGPFCCR_CS_Pos) | (CLUTCfg.CLUTColorMode << DMA2D_BGPFCCR_CC
 1394              		.loc 1 1155 5 view .LVU380
 1395 0026 0168     		ldr	r1, [r0]
 1396 0028 4A6A     		ldr	r2, [r1, #36]
 1397 002a 154B     		ldr	r3, .L99
 1398 002c 1340     		ands	r3, r3, r2
 1399 002e 029A     		ldr	r2, [sp, #8]
 1400 0030 1201     		lsls	r2, r2, #4
 1401 0032 039C     		ldr	r4, [sp, #12]
 1402 0034 42EA0422 		orr	r2, r2, r4, lsl #8
 1403 0038 1343     		orrs	r3, r3, r2
 1404 003a 4B62     		str	r3, [r1, #36]
1159:Drivers/STM32H7xx_HAL_Driver/Src/stm32h7xx_hal_dma2d.c ****   }
 1405              		.loc 1 1159 5 view .LVU381
 1406 003c 0268     		ldr	r2, [r0]
 1407 003e 536A     		ldr	r3, [r2, #36]
 1408 0040 43F02003 		orr	r3, r3, #32
 1409 0044 5362     		str	r3, [r2, #36]
1175:Drivers/STM32H7xx_HAL_Driver/Src/stm32h7xx_hal_dma2d.c **** }
 1410              		.loc 1 1175 10 is_stmt 0 view .LVU382
 1411 0046 0020     		movs	r0, #0
 1412              	.LVL108:
 1413              	.L95:
1176:Drivers/STM32H7xx_HAL_Driver/Src/stm32h7xx_hal_dma2d.c **** 
 1414              		.loc 1 1176 1 view .LVU383
 1415 0048 05B0     		add	sp, sp, #20
 1416              	.LCFI31:
 1417              		.cfi_remember_state
 1418              		.cfi_def_cfa_offset 4
 1419              		@ sp needed
 1420 004a 5DF8044B 		ldr	r4, [sp], #4
 1421              	.LCFI32:
 1422              		.cfi_restore 4
 1423              		.cfi_def_cfa_offset 0
ARM GAS  C:\msys64\tmp\ccU8cwaS.s 			page 70


 1424              	.LVL109:
1176:Drivers/STM32H7xx_HAL_Driver/Src/stm32h7xx_hal_dma2d.c **** 
 1425              		.loc 1 1176 1 view .LVU384
 1426 004e 7047     		bx	lr
 1427              	.LVL110:
 1428              	.L96:
 1429              	.LCFI33:
 1430              		.cfi_restore_state
1165:Drivers/STM32H7xx_HAL_Driver/Src/stm32h7xx_hal_dma2d.c **** 
 1431              		.loc 1 1165 5 is_stmt 1 view .LVU385
 1432 0050 0368     		ldr	r3, [r0]
 1433 0052 019A     		ldr	r2, [sp, #4]
 1434 0054 DA62     		str	r2, [r3, #44]
1168:Drivers/STM32H7xx_HAL_Driver/Src/stm32h7xx_hal_dma2d.c ****                ((CLUTCfg.Size << DMA2D_FGPFCCR_CS_Pos) | (CLUTCfg.CLUTColorMode << DMA2D_FGPFCCR_CC
 1435              		.loc 1 1168 5 view .LVU386
 1436 0056 0168     		ldr	r1, [r0]
 1437 0058 CA69     		ldr	r2, [r1, #28]
 1438 005a 094B     		ldr	r3, .L99
 1439 005c 1340     		ands	r3, r3, r2
 1440 005e 029A     		ldr	r2, [sp, #8]
 1441 0060 1201     		lsls	r2, r2, #4
 1442 0062 039C     		ldr	r4, [sp, #12]
 1443 0064 42EA0422 		orr	r2, r2, r4, lsl #8
 1444 0068 1343     		orrs	r3, r3, r2
 1445 006a CB61     		str	r3, [r1, #28]
1172:Drivers/STM32H7xx_HAL_Driver/Src/stm32h7xx_hal_dma2d.c ****   }
 1446              		.loc 1 1172 5 view .LVU387
 1447 006c 0268     		ldr	r2, [r0]
 1448 006e D369     		ldr	r3, [r2, #28]
 1449 0070 43F02003 		orr	r3, r3, #32
 1450 0074 D361     		str	r3, [r2, #28]
1175:Drivers/STM32H7xx_HAL_Driver/Src/stm32h7xx_hal_dma2d.c **** }
 1451              		.loc 1 1175 10 is_stmt 0 view .LVU388
 1452 0076 0020     		movs	r0, #0
 1453              	.LVL111:
1175:Drivers/STM32H7xx_HAL_Driver/Src/stm32h7xx_hal_dma2d.c **** }
 1454              		.loc 1 1175 10 view .LVU389
 1455 0078 E6E7     		b	.L95
 1456              	.LVL112:
 1457              	.L97:
1143:Drivers/STM32H7xx_HAL_Driver/Src/stm32h7xx_hal_dma2d.c **** 
 1458              		.loc 1 1143 3 discriminator 1 view .LVU390
 1459 007a 0220     		movs	r0, #2
 1460              	.LVL113:
1143:Drivers/STM32H7xx_HAL_Driver/Src/stm32h7xx_hal_dma2d.c **** 
 1461              		.loc 1 1143 3 discriminator 1 view .LVU391
 1462 007c E4E7     		b	.L95
 1463              	.L100:
 1464 007e 00BF     		.align	2
 1465              	.L99:
 1466 0080 EF00FFFF 		.word	-65297
 1467              		.cfi_endproc
 1468              	.LFE158:
 1470              		.section	.text.HAL_DMA2D_CLUTLoad_IT,"ax",%progbits
 1471              		.align	1
 1472              		.global	HAL_DMA2D_CLUTLoad_IT
 1473              		.syntax unified
ARM GAS  C:\msys64\tmp\ccU8cwaS.s 			page 71


 1474              		.thumb
 1475              		.thumb_func
 1477              	HAL_DMA2D_CLUTLoad_IT:
 1478              	.LVL114:
 1479              	.LFB159:
1193:Drivers/STM32H7xx_HAL_Driver/Src/stm32h7xx_hal_dma2d.c ****   /* Check the parameters */
 1480              		.loc 1 1193 1 is_stmt 1 view -0
 1481              		.cfi_startproc
 1482              		@ args = 4, pretend = 0, frame = 16
 1483              		@ frame_needed = 0, uses_anonymous_args = 0
 1484              		@ link register save eliminated.
1193:Drivers/STM32H7xx_HAL_Driver/Src/stm32h7xx_hal_dma2d.c ****   /* Check the parameters */
 1485              		.loc 1 1193 1 is_stmt 0 view .LVU393
 1486 0000 10B4     		push	{r4}
 1487              	.LCFI34:
 1488              		.cfi_def_cfa_offset 4
 1489              		.cfi_offset 4, -4
 1490 0002 85B0     		sub	sp, sp, #20
 1491              	.LCFI35:
 1492              		.cfi_def_cfa_offset 24
 1493 0004 04AC     		add	r4, sp, #16
 1494 0006 04E90E00 		stmdb	r4, {r1, r2, r3}
1195:Drivers/STM32H7xx_HAL_Driver/Src/stm32h7xx_hal_dma2d.c ****   assert_param(IS_DMA2D_CLUT_CM(CLUTCfg.CLUTColorMode));
 1495              		.loc 1 1195 3 is_stmt 1 view .LVU394
1196:Drivers/STM32H7xx_HAL_Driver/Src/stm32h7xx_hal_dma2d.c ****   assert_param(IS_DMA2D_CLUT_SIZE(CLUTCfg.Size));
 1496              		.loc 1 1196 3 view .LVU395
1197:Drivers/STM32H7xx_HAL_Driver/Src/stm32h7xx_hal_dma2d.c **** 
 1497              		.loc 1 1197 3 view .LVU396
1200:Drivers/STM32H7xx_HAL_Driver/Src/stm32h7xx_hal_dma2d.c **** 
 1498              		.loc 1 1200 3 view .LVU397
1200:Drivers/STM32H7xx_HAL_Driver/Src/stm32h7xx_hal_dma2d.c **** 
 1499              		.loc 1 1200 3 view .LVU398
 1500 000a 90F86030 		ldrb	r3, [r0, #96]	@ zero_extendqisi2
 1501 000e 012B     		cmp	r3, #1
 1502 0010 3DD0     		beq	.L104
1200:Drivers/STM32H7xx_HAL_Driver/Src/stm32h7xx_hal_dma2d.c **** 
 1503              		.loc 1 1200 3 discriminator 2 view .LVU399
 1504 0012 0123     		movs	r3, #1
 1505 0014 80F86030 		strb	r3, [r0, #96]
1200:Drivers/STM32H7xx_HAL_Driver/Src/stm32h7xx_hal_dma2d.c **** 
 1506              		.loc 1 1200 3 view .LVU400
1203:Drivers/STM32H7xx_HAL_Driver/Src/stm32h7xx_hal_dma2d.c **** 
 1507              		.loc 1 1203 3 view .LVU401
1203:Drivers/STM32H7xx_HAL_Driver/Src/stm32h7xx_hal_dma2d.c **** 
 1508              		.loc 1 1203 17 is_stmt 0 view .LVU402
 1509 0018 0223     		movs	r3, #2
 1510 001a 80F86130 		strb	r3, [r0, #97]
1206:Drivers/STM32H7xx_HAL_Driver/Src/stm32h7xx_hal_dma2d.c ****   {
 1511              		.loc 1 1206 3 is_stmt 1 view .LVU403
1206:Drivers/STM32H7xx_HAL_Driver/Src/stm32h7xx_hal_dma2d.c ****   {
 1512              		.loc 1 1206 6 is_stmt 0 view .LVU404
 1513 001e 069B     		ldr	r3, [sp, #24]
 1514 0020 DBB9     		cbnz	r3, .L103
1209:Drivers/STM32H7xx_HAL_Driver/Src/stm32h7xx_hal_dma2d.c **** 
 1515              		.loc 1 1209 5 is_stmt 1 view .LVU405
 1516 0022 0368     		ldr	r3, [r0]
 1517 0024 1963     		str	r1, [r3, #48]
ARM GAS  C:\msys64\tmp\ccU8cwaS.s 			page 72


1212:Drivers/STM32H7xx_HAL_Driver/Src/stm32h7xx_hal_dma2d.c ****                ((CLUTCfg.Size << DMA2D_BGPFCCR_CS_Pos) | (CLUTCfg.CLUTColorMode << DMA2D_BGPFCCR_CC
 1518              		.loc 1 1212 5 view .LVU406
 1519 0026 0168     		ldr	r1, [r0]
 1520 0028 4A6A     		ldr	r2, [r1, #36]
 1521 002a 1A4B     		ldr	r3, .L106
 1522 002c 1340     		ands	r3, r3, r2
 1523 002e 029A     		ldr	r2, [sp, #8]
 1524 0030 1201     		lsls	r2, r2, #4
 1525 0032 039C     		ldr	r4, [sp, #12]
 1526 0034 42EA0422 		orr	r2, r2, r4, lsl #8
 1527 0038 1343     		orrs	r3, r3, r2
 1528 003a 4B62     		str	r3, [r1, #36]
1216:Drivers/STM32H7xx_HAL_Driver/Src/stm32h7xx_hal_dma2d.c **** 
 1529              		.loc 1 1216 5 view .LVU407
 1530 003c 0268     		ldr	r2, [r0]
 1531 003e 1368     		ldr	r3, [r2]
 1532 0040 43F46453 		orr	r3, r3, #14592
 1533 0044 1360     		str	r3, [r2]
1219:Drivers/STM32H7xx_HAL_Driver/Src/stm32h7xx_hal_dma2d.c ****   }
 1534              		.loc 1 1219 5 view .LVU408
 1535 0046 0268     		ldr	r2, [r0]
 1536 0048 536A     		ldr	r3, [r2, #36]
 1537 004a 43F02003 		orr	r3, r3, #32
 1538 004e 5362     		str	r3, [r2, #36]
1238:Drivers/STM32H7xx_HAL_Driver/Src/stm32h7xx_hal_dma2d.c **** }
 1539              		.loc 1 1238 10 is_stmt 0 view .LVU409
 1540 0050 0020     		movs	r0, #0
 1541              	.LVL115:
 1542              	.L102:
1239:Drivers/STM32H7xx_HAL_Driver/Src/stm32h7xx_hal_dma2d.c **** 
 1543              		.loc 1 1239 1 view .LVU410
 1544 0052 05B0     		add	sp, sp, #20
 1545              	.LCFI36:
 1546              		.cfi_remember_state
 1547              		.cfi_def_cfa_offset 4
 1548              		@ sp needed
 1549 0054 5DF8044B 		ldr	r4, [sp], #4
 1550              	.LCFI37:
 1551              		.cfi_restore 4
 1552              		.cfi_def_cfa_offset 0
 1553              	.LVL116:
1239:Drivers/STM32H7xx_HAL_Driver/Src/stm32h7xx_hal_dma2d.c **** 
 1554              		.loc 1 1239 1 view .LVU411
 1555 0058 7047     		bx	lr
 1556              	.LVL117:
 1557              	.L103:
 1558              	.LCFI38:
 1559              		.cfi_restore_state
1225:Drivers/STM32H7xx_HAL_Driver/Src/stm32h7xx_hal_dma2d.c **** 
 1560              		.loc 1 1225 5 is_stmt 1 view .LVU412
 1561 005a 0368     		ldr	r3, [r0]
 1562 005c 019A     		ldr	r2, [sp, #4]
 1563 005e DA62     		str	r2, [r3, #44]
1228:Drivers/STM32H7xx_HAL_Driver/Src/stm32h7xx_hal_dma2d.c ****                ((CLUTCfg.Size << DMA2D_FGPFCCR_CS_Pos) | (CLUTCfg.CLUTColorMode << DMA2D_FGPFCCR_CC
 1564              		.loc 1 1228 5 view .LVU413
 1565 0060 0168     		ldr	r1, [r0]
 1566 0062 CA69     		ldr	r2, [r1, #28]
ARM GAS  C:\msys64\tmp\ccU8cwaS.s 			page 73


 1567 0064 0B4B     		ldr	r3, .L106
 1568 0066 1340     		ands	r3, r3, r2
 1569 0068 029A     		ldr	r2, [sp, #8]
 1570 006a 1201     		lsls	r2, r2, #4
 1571 006c 039C     		ldr	r4, [sp, #12]
 1572 006e 42EA0422 		orr	r2, r2, r4, lsl #8
 1573 0072 1343     		orrs	r3, r3, r2
 1574 0074 CB61     		str	r3, [r1, #28]
1232:Drivers/STM32H7xx_HAL_Driver/Src/stm32h7xx_hal_dma2d.c **** 
 1575              		.loc 1 1232 5 view .LVU414
 1576 0076 0268     		ldr	r2, [r0]
 1577 0078 1368     		ldr	r3, [r2]
 1578 007a 43F46453 		orr	r3, r3, #14592
 1579 007e 1360     		str	r3, [r2]
1235:Drivers/STM32H7xx_HAL_Driver/Src/stm32h7xx_hal_dma2d.c ****   }
 1580              		.loc 1 1235 5 view .LVU415
 1581 0080 0268     		ldr	r2, [r0]
 1582 0082 D369     		ldr	r3, [r2, #28]
 1583 0084 43F02003 		orr	r3, r3, #32
 1584 0088 D361     		str	r3, [r2, #28]
1238:Drivers/STM32H7xx_HAL_Driver/Src/stm32h7xx_hal_dma2d.c **** }
 1585              		.loc 1 1238 10 is_stmt 0 view .LVU416
 1586 008a 0020     		movs	r0, #0
 1587              	.LVL118:
1238:Drivers/STM32H7xx_HAL_Driver/Src/stm32h7xx_hal_dma2d.c **** }
 1588              		.loc 1 1238 10 view .LVU417
 1589 008c E1E7     		b	.L102
 1590              	.LVL119:
 1591              	.L104:
1200:Drivers/STM32H7xx_HAL_Driver/Src/stm32h7xx_hal_dma2d.c **** 
 1592              		.loc 1 1200 3 discriminator 1 view .LVU418
 1593 008e 0220     		movs	r0, #2
 1594              	.LVL120:
1200:Drivers/STM32H7xx_HAL_Driver/Src/stm32h7xx_hal_dma2d.c **** 
 1595              		.loc 1 1200 3 discriminator 1 view .LVU419
 1596 0090 DFE7     		b	.L102
 1597              	.L107:
 1598 0092 00BF     		.align	2
 1599              	.L106:
 1600 0094 EF00FFFF 		.word	-65297
 1601              		.cfi_endproc
 1602              	.LFE159:
 1604              		.section	.text.HAL_DMA2D_CLUTLoading_Abort,"ax",%progbits
 1605              		.align	1
 1606              		.global	HAL_DMA2D_CLUTLoading_Abort
 1607              		.syntax unified
 1608              		.thumb
 1609              		.thumb_func
 1611              	HAL_DMA2D_CLUTLoading_Abort:
 1612              	.LVL121:
 1613              	.LFB160:
1251:Drivers/STM32H7xx_HAL_Driver/Src/stm32h7xx_hal_dma2d.c ****   uint32_t tickstart;
 1614              		.loc 1 1251 1 is_stmt 1 view -0
 1615              		.cfi_startproc
 1616              		@ args = 0, pretend = 0, frame = 0
 1617              		@ frame_needed = 0, uses_anonymous_args = 0
1251:Drivers/STM32H7xx_HAL_Driver/Src/stm32h7xx_hal_dma2d.c ****   uint32_t tickstart;
ARM GAS  C:\msys64\tmp\ccU8cwaS.s 			page 74


 1618              		.loc 1 1251 1 is_stmt 0 view .LVU421
 1619 0000 70B5     		push	{r4, r5, r6, lr}
 1620              	.LCFI39:
 1621              		.cfi_def_cfa_offset 16
 1622              		.cfi_offset 4, -16
 1623              		.cfi_offset 5, -12
 1624              		.cfi_offset 6, -8
 1625              		.cfi_offset 14, -4
 1626 0002 0646     		mov	r6, r0
1252:Drivers/STM32H7xx_HAL_Driver/Src/stm32h7xx_hal_dma2d.c ****   const __IO uint32_t *reg =  &(hdma2d->Instance->BGPFCCR);  /* by default, point at background reg
 1627              		.loc 1 1252 3 is_stmt 1 view .LVU422
1253:Drivers/STM32H7xx_HAL_Driver/Src/stm32h7xx_hal_dma2d.c **** 
 1628              		.loc 1 1253 3 view .LVU423
1253:Drivers/STM32H7xx_HAL_Driver/Src/stm32h7xx_hal_dma2d.c **** 
 1629              		.loc 1 1253 39 is_stmt 0 view .LVU424
 1630 0004 0268     		ldr	r2, [r0]
1253:Drivers/STM32H7xx_HAL_Driver/Src/stm32h7xx_hal_dma2d.c **** 
 1631              		.loc 1 1253 24 view .LVU425
 1632 0006 1446     		mov	r4, r2
 1633              	.LVL122:
1256:Drivers/STM32H7xx_HAL_Driver/Src/stm32h7xx_hal_dma2d.c **** 
 1634              		.loc 1 1256 3 is_stmt 1 view .LVU426
 1635 0008 54F8243B 		ldr	r3, [r4], #36
 1636              	.LVL123:
1256:Drivers/STM32H7xx_HAL_Driver/Src/stm32h7xx_hal_dma2d.c **** 
 1637              		.loc 1 1256 3 is_stmt 0 view .LVU427
 1638 000c 43F00403 		orr	r3, r3, #4
 1639 0010 1360     		str	r3, [r2]
1259:Drivers/STM32H7xx_HAL_Driver/Src/stm32h7xx_hal_dma2d.c ****   {
 1640              		.loc 1 1259 3 is_stmt 1 view .LVU428
1259:Drivers/STM32H7xx_HAL_Driver/Src/stm32h7xx_hal_dma2d.c ****   {
 1641              		.loc 1 1259 6 is_stmt 0 view .LVU429
 1642 0012 0129     		cmp	r1, #1
 1643 0014 17D0     		beq	.L114
 1644              	.LVL124:
 1645              	.L109:
1266:Drivers/STM32H7xx_HAL_Driver/Src/stm32h7xx_hal_dma2d.c **** 
 1646              		.loc 1 1266 3 is_stmt 1 view .LVU430
1266:Drivers/STM32H7xx_HAL_Driver/Src/stm32h7xx_hal_dma2d.c **** 
 1647              		.loc 1 1266 15 is_stmt 0 view .LVU431
 1648 0016 FFF7FEFF 		bl	HAL_GetTick
 1649              	.LVL125:
1266:Drivers/STM32H7xx_HAL_Driver/Src/stm32h7xx_hal_dma2d.c **** 
 1650              		.loc 1 1266 15 view .LVU432
 1651 001a 0546     		mov	r5, r0
 1652              	.LVL126:
1269:Drivers/STM32H7xx_HAL_Driver/Src/stm32h7xx_hal_dma2d.c ****   {
 1653              		.loc 1 1269 3 is_stmt 1 view .LVU433
 1654              	.L110:
1269:Drivers/STM32H7xx_HAL_Driver/Src/stm32h7xx_hal_dma2d.c ****   {
 1655              		.loc 1 1269 39 view .LVU434
1269:Drivers/STM32H7xx_HAL_Driver/Src/stm32h7xx_hal_dma2d.c ****   {
 1656              		.loc 1 1269 11 is_stmt 0 view .LVU435
 1657 001c 2368     		ldr	r3, [r4]
1269:Drivers/STM32H7xx_HAL_Driver/Src/stm32h7xx_hal_dma2d.c ****   {
 1658              		.loc 1 1269 39 view .LVU436
 1659 001e 13F0200F 		tst	r3, #32
ARM GAS  C:\msys64\tmp\ccU8cwaS.s 			page 75


 1660 0022 13D0     		beq	.L115
1271:Drivers/STM32H7xx_HAL_Driver/Src/stm32h7xx_hal_dma2d.c ****     {
 1661              		.loc 1 1271 5 is_stmt 1 view .LVU437
1271:Drivers/STM32H7xx_HAL_Driver/Src/stm32h7xx_hal_dma2d.c ****     {
 1662              		.loc 1 1271 10 is_stmt 0 view .LVU438
 1663 0024 FFF7FEFF 		bl	HAL_GetTick
 1664              	.LVL127:
1271:Drivers/STM32H7xx_HAL_Driver/Src/stm32h7xx_hal_dma2d.c ****     {
 1665              		.loc 1 1271 24 discriminator 1 view .LVU439
 1666 0028 401B     		subs	r0, r0, r5
1271:Drivers/STM32H7xx_HAL_Driver/Src/stm32h7xx_hal_dma2d.c ****     {
 1667              		.loc 1 1271 8 discriminator 1 view .LVU440
 1668 002a B0F57A7F 		cmp	r0, #1000
 1669 002e F5D9     		bls	.L110
1274:Drivers/STM32H7xx_HAL_Driver/Src/stm32h7xx_hal_dma2d.c **** 
 1670              		.loc 1 1274 7 is_stmt 1 view .LVU441
1274:Drivers/STM32H7xx_HAL_Driver/Src/stm32h7xx_hal_dma2d.c **** 
 1671              		.loc 1 1274 13 is_stmt 0 view .LVU442
 1672 0030 736E     		ldr	r3, [r6, #100]
1274:Drivers/STM32H7xx_HAL_Driver/Src/stm32h7xx_hal_dma2d.c **** 
 1673              		.loc 1 1274 25 view .LVU443
 1674 0032 43F02003 		orr	r3, r3, #32
 1675 0036 7366     		str	r3, [r6, #100]
1277:Drivers/STM32H7xx_HAL_Driver/Src/stm32h7xx_hal_dma2d.c **** 
 1676              		.loc 1 1277 7 is_stmt 1 view .LVU444
1277:Drivers/STM32H7xx_HAL_Driver/Src/stm32h7xx_hal_dma2d.c **** 
 1677              		.loc 1 1277 21 is_stmt 0 view .LVU445
 1678 0038 0320     		movs	r0, #3
 1679 003a 86F86100 		strb	r0, [r6, #97]
1280:Drivers/STM32H7xx_HAL_Driver/Src/stm32h7xx_hal_dma2d.c **** 
 1680              		.loc 1 1280 7 is_stmt 1 view .LVU446
1280:Drivers/STM32H7xx_HAL_Driver/Src/stm32h7xx_hal_dma2d.c **** 
 1681              		.loc 1 1280 7 view .LVU447
 1682 003e 0023     		movs	r3, #0
 1683 0040 86F86030 		strb	r3, [r6, #96]
1280:Drivers/STM32H7xx_HAL_Driver/Src/stm32h7xx_hal_dma2d.c **** 
 1684              		.loc 1 1280 7 view .LVU448
1282:Drivers/STM32H7xx_HAL_Driver/Src/stm32h7xx_hal_dma2d.c ****     }
 1685              		.loc 1 1282 7 view .LVU449
1282:Drivers/STM32H7xx_HAL_Driver/Src/stm32h7xx_hal_dma2d.c ****     }
 1686              		.loc 1 1282 14 is_stmt 0 view .LVU450
 1687 0044 0DE0     		b	.L111
 1688              	.LVL128:
 1689              	.L114:
1261:Drivers/STM32H7xx_HAL_Driver/Src/stm32h7xx_hal_dma2d.c ****   }
 1690              		.loc 1 1261 5 is_stmt 1 view .LVU451
1261:Drivers/STM32H7xx_HAL_Driver/Src/stm32h7xx_hal_dma2d.c ****   }
 1691              		.loc 1 1261 20 is_stmt 0 view .LVU452
 1692 0046 0468     		ldr	r4, [r0]
 1693              	.LVL129:
1261:Drivers/STM32H7xx_HAL_Driver/Src/stm32h7xx_hal_dma2d.c ****   }
 1694              		.loc 1 1261 10 view .LVU453
 1695 0048 1C34     		adds	r4, r4, #28
 1696 004a E4E7     		b	.L109
 1697              	.LVL130:
 1698              	.L115:
1287:Drivers/STM32H7xx_HAL_Driver/Src/stm32h7xx_hal_dma2d.c **** 
ARM GAS  C:\msys64\tmp\ccU8cwaS.s 			page 76


 1699              		.loc 1 1287 3 is_stmt 1 view .LVU454
 1700 004c 3268     		ldr	r2, [r6]
 1701 004e 1368     		ldr	r3, [r2]
 1702 0050 23F46453 		bic	r3, r3, #14592
 1703 0054 1360     		str	r3, [r2]
1290:Drivers/STM32H7xx_HAL_Driver/Src/stm32h7xx_hal_dma2d.c **** 
 1704              		.loc 1 1290 3 view .LVU455
1290:Drivers/STM32H7xx_HAL_Driver/Src/stm32h7xx_hal_dma2d.c **** 
 1705              		.loc 1 1290 17 is_stmt 0 view .LVU456
 1706 0056 0123     		movs	r3, #1
 1707 0058 86F86130 		strb	r3, [r6, #97]
1293:Drivers/STM32H7xx_HAL_Driver/Src/stm32h7xx_hal_dma2d.c **** 
 1708              		.loc 1 1293 3 is_stmt 1 view .LVU457
1293:Drivers/STM32H7xx_HAL_Driver/Src/stm32h7xx_hal_dma2d.c **** 
 1709              		.loc 1 1293 3 view .LVU458
 1710 005c 0020     		movs	r0, #0
 1711 005e 86F86000 		strb	r0, [r6, #96]
1293:Drivers/STM32H7xx_HAL_Driver/Src/stm32h7xx_hal_dma2d.c **** 
 1712              		.loc 1 1293 3 view .LVU459
1295:Drivers/STM32H7xx_HAL_Driver/Src/stm32h7xx_hal_dma2d.c **** }
 1713              		.loc 1 1295 3 view .LVU460
 1714              	.L111:
1296:Drivers/STM32H7xx_HAL_Driver/Src/stm32h7xx_hal_dma2d.c **** 
 1715              		.loc 1 1296 1 is_stmt 0 view .LVU461
 1716 0062 70BD     		pop	{r4, r5, r6, pc}
1296:Drivers/STM32H7xx_HAL_Driver/Src/stm32h7xx_hal_dma2d.c **** 
 1717              		.loc 1 1296 1 view .LVU462
 1718              		.cfi_endproc
 1719              	.LFE160:
 1721              		.section	.text.HAL_DMA2D_DeInit,"ax",%progbits
 1722              		.align	1
 1723              		.global	HAL_DMA2D_DeInit
 1724              		.syntax unified
 1725              		.thumb
 1726              		.thumb_func
 1728              	HAL_DMA2D_DeInit:
 1729              	.LVL131:
 1730              	.LFB145:
 316:Drivers/STM32H7xx_HAL_Driver/Src/stm32h7xx_hal_dma2d.c **** 
 1731              		.loc 1 316 1 is_stmt 1 view -0
 1732              		.cfi_startproc
 1733              		@ args = 0, pretend = 0, frame = 0
 1734              		@ frame_needed = 0, uses_anonymous_args = 0
 319:Drivers/STM32H7xx_HAL_Driver/Src/stm32h7xx_hal_dma2d.c ****   {
 1735              		.loc 1 319 3 view .LVU464
 319:Drivers/STM32H7xx_HAL_Driver/Src/stm32h7xx_hal_dma2d.c ****   {
 1736              		.loc 1 319 6 is_stmt 0 view .LVU465
 1737 0000 0028     		cmp	r0, #0
 1738 0002 42D0     		beq	.L121
 316:Drivers/STM32H7xx_HAL_Driver/Src/stm32h7xx_hal_dma2d.c **** 
 1739              		.loc 1 316 1 view .LVU466
 1740 0004 38B5     		push	{r3, r4, r5, lr}
 1741              	.LCFI40:
 1742              		.cfi_def_cfa_offset 16
 1743              		.cfi_offset 3, -16
 1744              		.cfi_offset 4, -12
 1745              		.cfi_offset 5, -8
ARM GAS  C:\msys64\tmp\ccU8cwaS.s 			page 77


 1746              		.cfi_offset 14, -4
 1747 0006 0546     		mov	r5, r0
 326:Drivers/STM32H7xx_HAL_Driver/Src/stm32h7xx_hal_dma2d.c ****   {
 1748              		.loc 1 326 3 is_stmt 1 view .LVU467
 326:Drivers/STM32H7xx_HAL_Driver/Src/stm32h7xx_hal_dma2d.c ****   {
 1749              		.loc 1 326 7 is_stmt 0 view .LVU468
 1750 0008 214B     		ldr	r3, .L132
 1751 000a D3F8D430 		ldr	r3, [r3, #212]
 326:Drivers/STM32H7xx_HAL_Driver/Src/stm32h7xx_hal_dma2d.c ****   {
 1752              		.loc 1 326 40 view .LVU469
 1753 000e 13F0100F 		tst	r3, #16
 1754 0012 0CD0     		beq	.L118
 329:Drivers/STM32H7xx_HAL_Driver/Src/stm32h7xx_hal_dma2d.c ****     {
 1755              		.loc 1 329 5 is_stmt 1 view .LVU470
 329:Drivers/STM32H7xx_HAL_Driver/Src/stm32h7xx_hal_dma2d.c ****     {
 1756              		.loc 1 329 16 is_stmt 0 view .LVU471
 1757 0014 0368     		ldr	r3, [r0]
 329:Drivers/STM32H7xx_HAL_Driver/Src/stm32h7xx_hal_dma2d.c ****     {
 1758              		.loc 1 329 26 view .LVU472
 1759 0016 1A68     		ldr	r2, [r3]
 329:Drivers/STM32H7xx_HAL_Driver/Src/stm32h7xx_hal_dma2d.c ****     {
 1760              		.loc 1 329 8 view .LVU473
 1761 0018 12F0010F 		tst	r2, #1
 1762 001c 21D1     		bne	.L129
 340:Drivers/STM32H7xx_HAL_Driver/Src/stm32h7xx_hal_dma2d.c ****       {
 1763              		.loc 1 340 7 is_stmt 1 view .LVU474
 340:Drivers/STM32H7xx_HAL_Driver/Src/stm32h7xx_hal_dma2d.c ****       {
 1764              		.loc 1 340 28 is_stmt 0 view .LVU475
 1765 001e 5A6A     		ldr	r2, [r3, #36]
 340:Drivers/STM32H7xx_HAL_Driver/Src/stm32h7xx_hal_dma2d.c ****       {
 1766              		.loc 1 340 10 view .LVU476
 1767 0020 12F0200F 		tst	r2, #32
 1768 0024 23D1     		bne	.L130
 351:Drivers/STM32H7xx_HAL_Driver/Src/stm32h7xx_hal_dma2d.c ****         {
 1769              		.loc 1 351 9 is_stmt 1 view .LVU477
 351:Drivers/STM32H7xx_HAL_Driver/Src/stm32h7xx_hal_dma2d.c ****         {
 1770              		.loc 1 351 30 is_stmt 0 view .LVU478
 1771 0026 DB69     		ldr	r3, [r3, #28]
 351:Drivers/STM32H7xx_HAL_Driver/Src/stm32h7xx_hal_dma2d.c ****         {
 1772              		.loc 1 351 12 view .LVU479
 1773 0028 13F0200F 		tst	r3, #32
 1774 002c 26D1     		bne	.L131
 1775              	.LVL132:
 1776              	.L118:
 364:Drivers/STM32H7xx_HAL_Driver/Src/stm32h7xx_hal_dma2d.c ****   hdma2d->Instance->IFCR     = 0x3FU;
 1777              		.loc 1 364 3 is_stmt 1 view .LVU480
 364:Drivers/STM32H7xx_HAL_Driver/Src/stm32h7xx_hal_dma2d.c ****   hdma2d->Instance->IFCR     = 0x3FU;
 1778              		.loc 1 364 9 is_stmt 0 view .LVU481
 1779 002e 2B68     		ldr	r3, [r5]
 364:Drivers/STM32H7xx_HAL_Driver/Src/stm32h7xx_hal_dma2d.c ****   hdma2d->Instance->IFCR     = 0x3FU;
 1780              		.loc 1 364 30 view .LVU482
 1781 0030 0024     		movs	r4, #0
 1782 0032 1C60     		str	r4, [r3]
 365:Drivers/STM32H7xx_HAL_Driver/Src/stm32h7xx_hal_dma2d.c ****   hdma2d->Instance->FGOR     =    0U;
 1783              		.loc 1 365 3 is_stmt 1 view .LVU483
 365:Drivers/STM32H7xx_HAL_Driver/Src/stm32h7xx_hal_dma2d.c ****   hdma2d->Instance->FGOR     =    0U;
 1784              		.loc 1 365 9 is_stmt 0 view .LVU484
ARM GAS  C:\msys64\tmp\ccU8cwaS.s 			page 78


 1785 0034 2B68     		ldr	r3, [r5]
 365:Drivers/STM32H7xx_HAL_Driver/Src/stm32h7xx_hal_dma2d.c ****   hdma2d->Instance->FGOR     =    0U;
 1786              		.loc 1 365 30 view .LVU485
 1787 0036 3F22     		movs	r2, #63
 1788 0038 9A60     		str	r2, [r3, #8]
 366:Drivers/STM32H7xx_HAL_Driver/Src/stm32h7xx_hal_dma2d.c ****   hdma2d->Instance->BGOR     =    0U;
 1789              		.loc 1 366 3 is_stmt 1 view .LVU486
 366:Drivers/STM32H7xx_HAL_Driver/Src/stm32h7xx_hal_dma2d.c ****   hdma2d->Instance->BGOR     =    0U;
 1790              		.loc 1 366 9 is_stmt 0 view .LVU487
 1791 003a 2B68     		ldr	r3, [r5]
 366:Drivers/STM32H7xx_HAL_Driver/Src/stm32h7xx_hal_dma2d.c ****   hdma2d->Instance->BGOR     =    0U;
 1792              		.loc 1 366 30 view .LVU488
 1793 003c 1C61     		str	r4, [r3, #16]
 367:Drivers/STM32H7xx_HAL_Driver/Src/stm32h7xx_hal_dma2d.c ****   hdma2d->Instance->FGPFCCR  =    0U;
 1794              		.loc 1 367 3 is_stmt 1 view .LVU489
 367:Drivers/STM32H7xx_HAL_Driver/Src/stm32h7xx_hal_dma2d.c ****   hdma2d->Instance->FGPFCCR  =    0U;
 1795              		.loc 1 367 9 is_stmt 0 view .LVU490
 1796 003e 2B68     		ldr	r3, [r5]
 367:Drivers/STM32H7xx_HAL_Driver/Src/stm32h7xx_hal_dma2d.c ****   hdma2d->Instance->FGPFCCR  =    0U;
 1797              		.loc 1 367 30 view .LVU491
 1798 0040 9C61     		str	r4, [r3, #24]
 368:Drivers/STM32H7xx_HAL_Driver/Src/stm32h7xx_hal_dma2d.c ****   hdma2d->Instance->BGPFCCR  =    0U;
 1799              		.loc 1 368 3 is_stmt 1 view .LVU492
 368:Drivers/STM32H7xx_HAL_Driver/Src/stm32h7xx_hal_dma2d.c ****   hdma2d->Instance->BGPFCCR  =    0U;
 1800              		.loc 1 368 9 is_stmt 0 view .LVU493
 1801 0042 2B68     		ldr	r3, [r5]
 368:Drivers/STM32H7xx_HAL_Driver/Src/stm32h7xx_hal_dma2d.c ****   hdma2d->Instance->BGPFCCR  =    0U;
 1802              		.loc 1 368 30 view .LVU494
 1803 0044 DC61     		str	r4, [r3, #28]
 369:Drivers/STM32H7xx_HAL_Driver/Src/stm32h7xx_hal_dma2d.c ****   hdma2d->Instance->OPFCCR   =    0U;
 1804              		.loc 1 369 3 is_stmt 1 view .LVU495
 369:Drivers/STM32H7xx_HAL_Driver/Src/stm32h7xx_hal_dma2d.c ****   hdma2d->Instance->OPFCCR   =    0U;
 1805              		.loc 1 369 9 is_stmt 0 view .LVU496
 1806 0046 2B68     		ldr	r3, [r5]
 369:Drivers/STM32H7xx_HAL_Driver/Src/stm32h7xx_hal_dma2d.c ****   hdma2d->Instance->OPFCCR   =    0U;
 1807              		.loc 1 369 30 view .LVU497
 1808 0048 5C62     		str	r4, [r3, #36]
 370:Drivers/STM32H7xx_HAL_Driver/Src/stm32h7xx_hal_dma2d.c **** 
 1809              		.loc 1 370 3 is_stmt 1 view .LVU498
 370:Drivers/STM32H7xx_HAL_Driver/Src/stm32h7xx_hal_dma2d.c **** 
 1810              		.loc 1 370 9 is_stmt 0 view .LVU499
 1811 004a 2B68     		ldr	r3, [r5]
 370:Drivers/STM32H7xx_HAL_Driver/Src/stm32h7xx_hal_dma2d.c **** 
 1812              		.loc 1 370 30 view .LVU500
 1813 004c 5C63     		str	r4, [r3, #52]
 384:Drivers/STM32H7xx_HAL_Driver/Src/stm32h7xx_hal_dma2d.c **** #endif /* (USE_HAL_DMA2D_REGISTER_CALLBACKS) */
 1814              		.loc 1 384 3 is_stmt 1 view .LVU501
 1815 004e 2846     		mov	r0, r5
 1816 0050 FFF7FEFF 		bl	HAL_DMA2D_MspDeInit
 1817              	.LVL133:
 388:Drivers/STM32H7xx_HAL_Driver/Src/stm32h7xx_hal_dma2d.c **** 
 1818              		.loc 1 388 3 view .LVU502
 388:Drivers/STM32H7xx_HAL_Driver/Src/stm32h7xx_hal_dma2d.c **** 
 1819              		.loc 1 388 21 is_stmt 0 view .LVU503
 1820 0054 6C66     		str	r4, [r5, #100]
 391:Drivers/STM32H7xx_HAL_Driver/Src/stm32h7xx_hal_dma2d.c **** 
 1821              		.loc 1 391 3 is_stmt 1 view .LVU504
ARM GAS  C:\msys64\tmp\ccU8cwaS.s 			page 79


 391:Drivers/STM32H7xx_HAL_Driver/Src/stm32h7xx_hal_dma2d.c **** 
 1822              		.loc 1 391 18 is_stmt 0 view .LVU505
 1823 0056 85F86140 		strb	r4, [r5, #97]
 394:Drivers/STM32H7xx_HAL_Driver/Src/stm32h7xx_hal_dma2d.c **** 
 1824              		.loc 1 394 3 is_stmt 1 view .LVU506
 394:Drivers/STM32H7xx_HAL_Driver/Src/stm32h7xx_hal_dma2d.c **** 
 1825              		.loc 1 394 3 view .LVU507
 1826 005a 85F86040 		strb	r4, [r5, #96]
 394:Drivers/STM32H7xx_HAL_Driver/Src/stm32h7xx_hal_dma2d.c **** 
 1827              		.loc 1 394 3 view .LVU508
 396:Drivers/STM32H7xx_HAL_Driver/Src/stm32h7xx_hal_dma2d.c **** }
 1828              		.loc 1 396 3 view .LVU509
 396:Drivers/STM32H7xx_HAL_Driver/Src/stm32h7xx_hal_dma2d.c **** }
 1829              		.loc 1 396 10 is_stmt 0 view .LVU510
 1830 005e 2046     		mov	r0, r4
 1831              	.L117:
 397:Drivers/STM32H7xx_HAL_Driver/Src/stm32h7xx_hal_dma2d.c **** 
 1832              		.loc 1 397 1 view .LVU511
 1833 0060 38BD     		pop	{r3, r4, r5, pc}
 1834              	.LVL134:
 1835              	.L129:
 331:Drivers/STM32H7xx_HAL_Driver/Src/stm32h7xx_hal_dma2d.c ****       {
 1836              		.loc 1 331 7 is_stmt 1 view .LVU512
 331:Drivers/STM32H7xx_HAL_Driver/Src/stm32h7xx_hal_dma2d.c ****       {
 1837              		.loc 1 331 11 is_stmt 0 view .LVU513
 1838 0062 FFF7FEFF 		bl	HAL_DMA2D_Abort
 1839              	.LVL135:
 331:Drivers/STM32H7xx_HAL_Driver/Src/stm32h7xx_hal_dma2d.c ****       {
 1840              		.loc 1 331 10 discriminator 1 view .LVU514
 1841 0066 0028     		cmp	r0, #0
 1842 0068 E1D0     		beq	.L118
 334:Drivers/STM32H7xx_HAL_Driver/Src/stm32h7xx_hal_dma2d.c ****       }
 1843              		.loc 1 334 16 view .LVU515
 1844 006a 0120     		movs	r0, #1
 1845 006c F8E7     		b	.L117
 1846              	.LVL136:
 1847              	.L130:
 342:Drivers/STM32H7xx_HAL_Driver/Src/stm32h7xx_hal_dma2d.c ****         {
 1848              		.loc 1 342 9 is_stmt 1 view .LVU516
 342:Drivers/STM32H7xx_HAL_Driver/Src/stm32h7xx_hal_dma2d.c ****         {
 1849              		.loc 1 342 13 is_stmt 0 view .LVU517
 1850 006e 0021     		movs	r1, #0
 1851 0070 FFF7FEFF 		bl	HAL_DMA2D_CLUTLoading_Abort
 1852              	.LVL137:
 342:Drivers/STM32H7xx_HAL_Driver/Src/stm32h7xx_hal_dma2d.c ****         {
 1853              		.loc 1 342 12 discriminator 1 view .LVU518
 1854 0074 0028     		cmp	r0, #0
 1855 0076 DAD0     		beq	.L118
 345:Drivers/STM32H7xx_HAL_Driver/Src/stm32h7xx_hal_dma2d.c ****         }
 1856              		.loc 1 345 18 view .LVU519
 1857 0078 0120     		movs	r0, #1
 1858 007a F1E7     		b	.L117
 1859              	.LVL138:
 1860              	.L131:
 353:Drivers/STM32H7xx_HAL_Driver/Src/stm32h7xx_hal_dma2d.c ****           {
 1861              		.loc 1 353 11 is_stmt 1 view .LVU520
 353:Drivers/STM32H7xx_HAL_Driver/Src/stm32h7xx_hal_dma2d.c ****           {
ARM GAS  C:\msys64\tmp\ccU8cwaS.s 			page 80


 1862              		.loc 1 353 15 is_stmt 0 view .LVU521
 1863 007c 0121     		movs	r1, #1
 1864 007e FFF7FEFF 		bl	HAL_DMA2D_CLUTLoading_Abort
 1865              	.LVL139:
 353:Drivers/STM32H7xx_HAL_Driver/Src/stm32h7xx_hal_dma2d.c ****           {
 1866              		.loc 1 353 14 discriminator 1 view .LVU522
 1867 0082 0028     		cmp	r0, #0
 1868 0084 D3D0     		beq	.L118
 356:Drivers/STM32H7xx_HAL_Driver/Src/stm32h7xx_hal_dma2d.c ****           }
 1869              		.loc 1 356 20 view .LVU523
 1870 0086 0120     		movs	r0, #1
 1871 0088 EAE7     		b	.L117
 1872              	.LVL140:
 1873              	.L121:
 1874              	.LCFI41:
 1875              		.cfi_def_cfa_offset 0
 1876              		.cfi_restore 3
 1877              		.cfi_restore 4
 1878              		.cfi_restore 5
 1879              		.cfi_restore 14
 321:Drivers/STM32H7xx_HAL_Driver/Src/stm32h7xx_hal_dma2d.c ****   }
 1880              		.loc 1 321 12 view .LVU524
 1881 008a 0120     		movs	r0, #1
 1882              	.LVL141:
 397:Drivers/STM32H7xx_HAL_Driver/Src/stm32h7xx_hal_dma2d.c **** 
 1883              		.loc 1 397 1 view .LVU525
 1884 008c 7047     		bx	lr
 1885              	.L133:
 1886 008e 00BF     		.align	2
 1887              	.L132:
 1888 0090 00440258 		.word	1476543488
 1889              		.cfi_endproc
 1890              	.LFE145:
 1892              		.section	.text.HAL_DMA2D_CLUTLoading_Suspend,"ax",%progbits
 1893              		.align	1
 1894              		.global	HAL_DMA2D_CLUTLoading_Suspend
 1895              		.syntax unified
 1896              		.thumb
 1897              		.thumb_func
 1899              	HAL_DMA2D_CLUTLoading_Suspend:
 1900              	.LVL142:
 1901              	.LFB161:
1308:Drivers/STM32H7xx_HAL_Driver/Src/stm32h7xx_hal_dma2d.c ****   uint32_t tickstart;
 1902              		.loc 1 1308 1 is_stmt 1 view -0
 1903              		.cfi_startproc
 1904              		@ args = 0, pretend = 0, frame = 0
 1905              		@ frame_needed = 0, uses_anonymous_args = 0
1308:Drivers/STM32H7xx_HAL_Driver/Src/stm32h7xx_hal_dma2d.c ****   uint32_t tickstart;
 1906              		.loc 1 1308 1 is_stmt 0 view .LVU527
 1907 0000 F8B5     		push	{r3, r4, r5, r6, r7, lr}
 1908              	.LCFI42:
 1909              		.cfi_def_cfa_offset 24
 1910              		.cfi_offset 3, -24
 1911              		.cfi_offset 4, -20
 1912              		.cfi_offset 5, -16
 1913              		.cfi_offset 6, -12
 1914              		.cfi_offset 7, -8
ARM GAS  C:\msys64\tmp\ccU8cwaS.s 			page 81


 1915              		.cfi_offset 14, -4
 1916 0002 0546     		mov	r5, r0
1309:Drivers/STM32H7xx_HAL_Driver/Src/stm32h7xx_hal_dma2d.c ****   uint32_t loadsuspended;
 1917              		.loc 1 1309 3 is_stmt 1 view .LVU528
1310:Drivers/STM32H7xx_HAL_Driver/Src/stm32h7xx_hal_dma2d.c ****   const __IO uint32_t *reg =  &(hdma2d->Instance->BGPFCCR);  /* by default, point at background reg
 1918              		.loc 1 1310 3 view .LVU529
1311:Drivers/STM32H7xx_HAL_Driver/Src/stm32h7xx_hal_dma2d.c **** 
 1919              		.loc 1 1311 3 view .LVU530
1311:Drivers/STM32H7xx_HAL_Driver/Src/stm32h7xx_hal_dma2d.c **** 
 1920              		.loc 1 1311 39 is_stmt 0 view .LVU531
 1921 0004 0268     		ldr	r2, [r0]
1311:Drivers/STM32H7xx_HAL_Driver/Src/stm32h7xx_hal_dma2d.c **** 
 1922              		.loc 1 1311 24 view .LVU532
 1923 0006 1646     		mov	r6, r2
 1924              	.LVL143:
1314:Drivers/STM32H7xx_HAL_Driver/Src/stm32h7xx_hal_dma2d.c **** 
 1925              		.loc 1 1314 3 is_stmt 1 view .LVU533
 1926 0008 56F8243B 		ldr	r3, [r6], #36
 1927              	.LVL144:
1314:Drivers/STM32H7xx_HAL_Driver/Src/stm32h7xx_hal_dma2d.c **** 
 1928              		.loc 1 1314 3 is_stmt 0 view .LVU534
 1929 000c 43F00203 		orr	r3, r3, #2
 1930 0010 1360     		str	r3, [r2]
1317:Drivers/STM32H7xx_HAL_Driver/Src/stm32h7xx_hal_dma2d.c ****   {
 1931              		.loc 1 1317 3 is_stmt 1 view .LVU535
1317:Drivers/STM32H7xx_HAL_Driver/Src/stm32h7xx_hal_dma2d.c ****   {
 1932              		.loc 1 1317 6 is_stmt 0 view .LVU536
 1933 0012 0129     		cmp	r1, #1
 1934 0014 0FD0     		beq	.L147
 1935              	.LVL145:
 1936              	.L135:
1323:Drivers/STM32H7xx_HAL_Driver/Src/stm32h7xx_hal_dma2d.c **** 
 1937              		.loc 1 1323 3 is_stmt 1 view .LVU537
1323:Drivers/STM32H7xx_HAL_Driver/Src/stm32h7xx_hal_dma2d.c **** 
 1938              		.loc 1 1323 15 is_stmt 0 view .LVU538
 1939 0016 FFF7FEFF 		bl	HAL_GetTick
 1940              	.LVL146:
1323:Drivers/STM32H7xx_HAL_Driver/Src/stm32h7xx_hal_dma2d.c **** 
 1941              		.loc 1 1323 15 view .LVU539
 1942 001a 0746     		mov	r7, r0
 1943              	.LVL147:
1327:Drivers/STM32H7xx_HAL_Driver/Src/stm32h7xx_hal_dma2d.c ****   /* 2nd condition: Not Start Check */
 1944              		.loc 1 1327 3 is_stmt 1 view .LVU540
1327:Drivers/STM32H7xx_HAL_Driver/Src/stm32h7xx_hal_dma2d.c ****   /* 2nd condition: Not Start Check */
 1945              		.loc 1 1327 27 is_stmt 0 view .LVU541
 1946 001c 2B68     		ldr	r3, [r5]
1327:Drivers/STM32H7xx_HAL_Driver/Src/stm32h7xx_hal_dma2d.c ****   /* 2nd condition: Not Start Check */
 1947              		.loc 1 1327 37 view .LVU542
 1948 001e 1C68     		ldr	r4, [r3]
1327:Drivers/STM32H7xx_HAL_Driver/Src/stm32h7xx_hal_dma2d.c ****   /* 2nd condition: Not Start Check */
 1949              		.loc 1 1327 83 view .LVU543
 1950 0020 14F00204 		ands	r4, r4, #2
 1951 0024 00D0     		beq	.L136
1327:Drivers/STM32H7xx_HAL_Driver/Src/stm32h7xx_hal_dma2d.c ****   /* 2nd condition: Not Start Check */
 1952              		.loc 1 1327 83 discriminator 1 view .LVU544
 1953 0026 0124     		movs	r4, #1
 1954              	.L136:
ARM GAS  C:\msys64\tmp\ccU8cwaS.s 			page 82


 1955              	.LVL148:
1329:Drivers/STM32H7xx_HAL_Driver/Src/stm32h7xx_hal_dma2d.c ****   while (loadsuspended == 0UL)
 1956              		.loc 1 1329 3 is_stmt 1 view .LVU545
1329:Drivers/STM32H7xx_HAL_Driver/Src/stm32h7xx_hal_dma2d.c ****   while (loadsuspended == 0UL)
 1957              		.loc 1 1329 22 is_stmt 0 view .LVU546
 1958 0028 3368     		ldr	r3, [r6]
1329:Drivers/STM32H7xx_HAL_Driver/Src/stm32h7xx_hal_dma2d.c ****   while (loadsuspended == 0UL)
 1959              		.loc 1 1329 80 view .LVU547
 1960 002a 13F0200F 		tst	r3, #32
 1961 002e 05D1     		bne	.L145
1329:Drivers/STM32H7xx_HAL_Driver/Src/stm32h7xx_hal_dma2d.c ****   while (loadsuspended == 0UL)
 1962              		.loc 1 1329 80 discriminator 1 view .LVU548
 1963 0030 0123     		movs	r3, #1
 1964              	.L137:
1329:Drivers/STM32H7xx_HAL_Driver/Src/stm32h7xx_hal_dma2d.c ****   while (loadsuspended == 0UL)
 1965              		.loc 1 1329 17 discriminator 4 view .LVU549
 1966 0032 1C43     		orrs	r4, r4, r3
 1967              	.LVL149:
1330:Drivers/STM32H7xx_HAL_Driver/Src/stm32h7xx_hal_dma2d.c ****   {
 1968              		.loc 1 1330 3 is_stmt 1 view .LVU550
1330:Drivers/STM32H7xx_HAL_Driver/Src/stm32h7xx_hal_dma2d.c ****   {
 1969              		.loc 1 1330 9 is_stmt 0 view .LVU551
 1970 0034 0DE0     		b	.L138
 1971              	.LVL150:
 1972              	.L147:
1319:Drivers/STM32H7xx_HAL_Driver/Src/stm32h7xx_hal_dma2d.c ****   }
 1973              		.loc 1 1319 5 is_stmt 1 view .LVU552
1319:Drivers/STM32H7xx_HAL_Driver/Src/stm32h7xx_hal_dma2d.c ****   }
 1974              		.loc 1 1319 20 is_stmt 0 view .LVU553
 1975 0036 0668     		ldr	r6, [r0]
 1976              	.LVL151:
1319:Drivers/STM32H7xx_HAL_Driver/Src/stm32h7xx_hal_dma2d.c ****   }
 1977              		.loc 1 1319 10 view .LVU554
 1978 0038 1C36     		adds	r6, r6, #28
 1979 003a ECE7     		b	.L135
 1980              	.LVL152:
 1981              	.L145:
1329:Drivers/STM32H7xx_HAL_Driver/Src/stm32h7xx_hal_dma2d.c ****   while (loadsuspended == 0UL)
 1982              		.loc 1 1329 80 discriminator 2 view .LVU555
 1983 003c 0023     		movs	r3, #0
 1984 003e F8E7     		b	.L137
 1985              	.LVL153:
 1986              	.L149:
1335:Drivers/STM32H7xx_HAL_Driver/Src/stm32h7xx_hal_dma2d.c **** 
 1987              		.loc 1 1335 7 is_stmt 1 view .LVU556
1335:Drivers/STM32H7xx_HAL_Driver/Src/stm32h7xx_hal_dma2d.c **** 
 1988              		.loc 1 1335 13 is_stmt 0 view .LVU557
 1989 0040 6B6E     		ldr	r3, [r5, #100]
1335:Drivers/STM32H7xx_HAL_Driver/Src/stm32h7xx_hal_dma2d.c **** 
 1990              		.loc 1 1335 25 view .LVU558
 1991 0042 43F02003 		orr	r3, r3, #32
 1992 0046 6B66     		str	r3, [r5, #100]
1338:Drivers/STM32H7xx_HAL_Driver/Src/stm32h7xx_hal_dma2d.c **** 
 1993              		.loc 1 1338 7 is_stmt 1 view .LVU559
1338:Drivers/STM32H7xx_HAL_Driver/Src/stm32h7xx_hal_dma2d.c **** 
 1994              		.loc 1 1338 21 is_stmt 0 view .LVU560
 1995 0048 0320     		movs	r0, #3
ARM GAS  C:\msys64\tmp\ccU8cwaS.s 			page 83


 1996 004a 85F86100 		strb	r0, [r5, #97]
1340:Drivers/STM32H7xx_HAL_Driver/Src/stm32h7xx_hal_dma2d.c ****     }
 1997              		.loc 1 1340 7 is_stmt 1 view .LVU561
 1998              	.L140:
1361:Drivers/STM32H7xx_HAL_Driver/Src/stm32h7xx_hal_dma2d.c **** 
 1999              		.loc 1 1361 1 is_stmt 0 view .LVU562
 2000 004e F8BD     		pop	{r3, r4, r5, r6, r7, pc}
 2001              	.LVL154:
 2002              	.L142:
1345:Drivers/STM32H7xx_HAL_Driver/Src/stm32h7xx_hal_dma2d.c ****   }
 2003              		.loc 1 1345 19 discriminator 4 view .LVU563
 2004 0050 1C43     		orrs	r4, r4, r3
 2005              	.LVL155:
 2006              	.L138:
1330:Drivers/STM32H7xx_HAL_Driver/Src/stm32h7xx_hal_dma2d.c ****   {
 2007              		.loc 1 1330 24 is_stmt 1 view .LVU564
 2008 0052 8CB9     		cbnz	r4, .L148
1332:Drivers/STM32H7xx_HAL_Driver/Src/stm32h7xx_hal_dma2d.c ****     {
 2009              		.loc 1 1332 5 view .LVU565
1332:Drivers/STM32H7xx_HAL_Driver/Src/stm32h7xx_hal_dma2d.c ****     {
 2010              		.loc 1 1332 10 is_stmt 0 view .LVU566
 2011 0054 FFF7FEFF 		bl	HAL_GetTick
 2012              	.LVL156:
1332:Drivers/STM32H7xx_HAL_Driver/Src/stm32h7xx_hal_dma2d.c ****     {
 2013              		.loc 1 1332 24 discriminator 1 view .LVU567
 2014 0058 C01B     		subs	r0, r0, r7
1332:Drivers/STM32H7xx_HAL_Driver/Src/stm32h7xx_hal_dma2d.c ****     {
 2015              		.loc 1 1332 8 discriminator 1 view .LVU568
 2016 005a B0F57A7F 		cmp	r0, #1000
 2017 005e EFD8     		bhi	.L149
1343:Drivers/STM32H7xx_HAL_Driver/Src/stm32h7xx_hal_dma2d.c ****     /* 2nd condition: Not Start Check */
 2018              		.loc 1 1343 5 is_stmt 1 view .LVU569
1343:Drivers/STM32H7xx_HAL_Driver/Src/stm32h7xx_hal_dma2d.c ****     /* 2nd condition: Not Start Check */
 2019              		.loc 1 1343 29 is_stmt 0 view .LVU570
 2020 0060 2B68     		ldr	r3, [r5]
1343:Drivers/STM32H7xx_HAL_Driver/Src/stm32h7xx_hal_dma2d.c ****     /* 2nd condition: Not Start Check */
 2021              		.loc 1 1343 39 view .LVU571
 2022 0062 1B68     		ldr	r3, [r3]
1343:Drivers/STM32H7xx_HAL_Driver/Src/stm32h7xx_hal_dma2d.c ****     /* 2nd condition: Not Start Check */
 2023              		.loc 1 1343 85 view .LVU572
 2024 0064 13F00203 		ands	r3, r3, #2
 2025 0068 00D0     		beq	.L141
1343:Drivers/STM32H7xx_HAL_Driver/Src/stm32h7xx_hal_dma2d.c ****     /* 2nd condition: Not Start Check */
 2026              		.loc 1 1343 85 discriminator 1 view .LVU573
 2027 006a 0123     		movs	r3, #1
 2028              	.L141:
 2029              	.LVL157:
1345:Drivers/STM32H7xx_HAL_Driver/Src/stm32h7xx_hal_dma2d.c ****   }
 2030              		.loc 1 1345 5 is_stmt 1 view .LVU574
1345:Drivers/STM32H7xx_HAL_Driver/Src/stm32h7xx_hal_dma2d.c ****   }
 2031              		.loc 1 1345 24 is_stmt 0 view .LVU575
 2032 006c 3268     		ldr	r2, [r6]
1345:Drivers/STM32H7xx_HAL_Driver/Src/stm32h7xx_hal_dma2d.c ****   }
 2033              		.loc 1 1345 82 view .LVU576
 2034 006e 12F0200F 		tst	r2, #32
 2035 0072 EDD1     		bne	.L142
1345:Drivers/STM32H7xx_HAL_Driver/Src/stm32h7xx_hal_dma2d.c ****   }
ARM GAS  C:\msys64\tmp\ccU8cwaS.s 			page 84


 2036              		.loc 1 1345 82 discriminator 1 view .LVU577
 2037 0074 0124     		movs	r4, #1
 2038 0076 EBE7     		b	.L142
 2039              	.LVL158:
 2040              	.L148:
1349:Drivers/STM32H7xx_HAL_Driver/Src/stm32h7xx_hal_dma2d.c ****   {
 2041              		.loc 1 1349 3 is_stmt 1 view .LVU578
1349:Drivers/STM32H7xx_HAL_Driver/Src/stm32h7xx_hal_dma2d.c ****   {
 2042              		.loc 1 1349 8 is_stmt 0 view .LVU579
 2043 0078 3368     		ldr	r3, [r6]
1349:Drivers/STM32H7xx_HAL_Driver/Src/stm32h7xx_hal_dma2d.c ****   {
 2044              		.loc 1 1349 6 view .LVU580
 2045 007a 13F0200F 		tst	r3, #32
 2046 007e 04D0     		beq	.L144
1351:Drivers/STM32H7xx_HAL_Driver/Src/stm32h7xx_hal_dma2d.c ****   }
 2047              		.loc 1 1351 5 is_stmt 1 view .LVU581
1351:Drivers/STM32H7xx_HAL_Driver/Src/stm32h7xx_hal_dma2d.c ****   }
 2048              		.loc 1 1351 19 is_stmt 0 view .LVU582
 2049 0080 0523     		movs	r3, #5
 2050 0082 85F86130 		strb	r3, [r5, #97]
1360:Drivers/STM32H7xx_HAL_Driver/Src/stm32h7xx_hal_dma2d.c **** }
 2051              		.loc 1 1360 10 view .LVU583
 2052 0086 0020     		movs	r0, #0
 2053 0088 E1E7     		b	.L140
 2054              	.L144:
1357:Drivers/STM32H7xx_HAL_Driver/Src/stm32h7xx_hal_dma2d.c ****   }
 2055              		.loc 1 1357 5 is_stmt 1 view .LVU584
 2056 008a 2A68     		ldr	r2, [r5]
 2057 008c 1368     		ldr	r3, [r2]
 2058 008e 23F00203 		bic	r3, r3, #2
 2059 0092 1360     		str	r3, [r2]
1360:Drivers/STM32H7xx_HAL_Driver/Src/stm32h7xx_hal_dma2d.c **** }
 2060              		.loc 1 1360 10 is_stmt 0 view .LVU585
 2061 0094 0020     		movs	r0, #0
 2062 0096 DAE7     		b	.L140
 2063              		.cfi_endproc
 2064              	.LFE161:
 2066              		.section	.text.HAL_DMA2D_CLUTLoading_Resume,"ax",%progbits
 2067              		.align	1
 2068              		.global	HAL_DMA2D_CLUTLoading_Resume
 2069              		.syntax unified
 2070              		.thumb
 2071              		.thumb_func
 2073              	HAL_DMA2D_CLUTLoading_Resume:
 2074              	.LVL159:
 2075              	.LFB162:
1373:Drivers/STM32H7xx_HAL_Driver/Src/stm32h7xx_hal_dma2d.c ****   /* Check the SUSP and START bits for background or foreground CLUT loading */
 2076              		.loc 1 1373 1 is_stmt 1 view -0
 2077              		.cfi_startproc
 2078              		@ args = 0, pretend = 0, frame = 0
 2079              		@ frame_needed = 0, uses_anonymous_args = 0
 2080              		@ link register save eliminated.
1375:Drivers/STM32H7xx_HAL_Driver/Src/stm32h7xx_hal_dma2d.c ****   {
 2081              		.loc 1 1375 3 view .LVU587
1375:Drivers/STM32H7xx_HAL_Driver/Src/stm32h7xx_hal_dma2d.c ****   {
 2082              		.loc 1 1375 6 is_stmt 0 view .LVU588
 2083 0000 91B9     		cbnz	r1, .L151
ARM GAS  C:\msys64\tmp\ccU8cwaS.s 			page 85


1378:Drivers/STM32H7xx_HAL_Driver/Src/stm32h7xx_hal_dma2d.c ****     {
 2084              		.loc 1 1378 5 is_stmt 1 view .LVU589
1378:Drivers/STM32H7xx_HAL_Driver/Src/stm32h7xx_hal_dma2d.c ****     {
 2085              		.loc 1 1378 16 is_stmt 0 view .LVU590
 2086 0002 0368     		ldr	r3, [r0]
1378:Drivers/STM32H7xx_HAL_Driver/Src/stm32h7xx_hal_dma2d.c ****     {
 2087              		.loc 1 1378 26 view .LVU591
 2088 0004 1A68     		ldr	r2, [r3]
1378:Drivers/STM32H7xx_HAL_Driver/Src/stm32h7xx_hal_dma2d.c ****     {
 2089              		.loc 1 1378 8 view .LVU592
 2090 0006 12F0020F 		tst	r2, #2
 2091 000a 06D0     		beq	.L152
1380:Drivers/STM32H7xx_HAL_Driver/Src/stm32h7xx_hal_dma2d.c ****       {
 2092              		.loc 1 1380 7 is_stmt 1 view .LVU593
1380:Drivers/STM32H7xx_HAL_Driver/Src/stm32h7xx_hal_dma2d.c ****       {
 2093              		.loc 1 1380 28 is_stmt 0 view .LVU594
 2094 000c 5B6A     		ldr	r3, [r3, #36]
1380:Drivers/STM32H7xx_HAL_Driver/Src/stm32h7xx_hal_dma2d.c ****       {
 2095              		.loc 1 1380 10 view .LVU595
 2096 000e 13F0200F 		tst	r3, #32
 2097 0012 02D0     		beq	.L152
1383:Drivers/STM32H7xx_HAL_Driver/Src/stm32h7xx_hal_dma2d.c ****       }
 2098              		.loc 1 1383 9 is_stmt 1 view .LVU596
1383:Drivers/STM32H7xx_HAL_Driver/Src/stm32h7xx_hal_dma2d.c ****       }
 2099              		.loc 1 1383 23 is_stmt 0 view .LVU597
 2100 0014 0223     		movs	r3, #2
 2101 0016 80F86130 		strb	r3, [r0, #97]
 2102              	.L152:
1401:Drivers/STM32H7xx_HAL_Driver/Src/stm32h7xx_hal_dma2d.c **** 
 2103              		.loc 1 1401 3 is_stmt 1 view .LVU598
 2104 001a 0268     		ldr	r2, [r0]
 2105 001c 1368     		ldr	r3, [r2]
 2106 001e 23F00203 		bic	r3, r3, #2
 2107 0022 1360     		str	r3, [r2]
1403:Drivers/STM32H7xx_HAL_Driver/Src/stm32h7xx_hal_dma2d.c **** }
 2108              		.loc 1 1403 3 view .LVU599
1404:Drivers/STM32H7xx_HAL_Driver/Src/stm32h7xx_hal_dma2d.c **** 
 2109              		.loc 1 1404 1 is_stmt 0 view .LVU600
 2110 0024 0020     		movs	r0, #0
 2111              	.LVL160:
1404:Drivers/STM32H7xx_HAL_Driver/Src/stm32h7xx_hal_dma2d.c **** 
 2112              		.loc 1 1404 1 view .LVU601
 2113 0026 7047     		bx	lr
 2114              	.LVL161:
 2115              	.L151:
1390:Drivers/STM32H7xx_HAL_Driver/Src/stm32h7xx_hal_dma2d.c ****     {
 2116              		.loc 1 1390 5 is_stmt 1 view .LVU602
1390:Drivers/STM32H7xx_HAL_Driver/Src/stm32h7xx_hal_dma2d.c ****     {
 2117              		.loc 1 1390 16 is_stmt 0 view .LVU603
 2118 0028 0368     		ldr	r3, [r0]
1390:Drivers/STM32H7xx_HAL_Driver/Src/stm32h7xx_hal_dma2d.c ****     {
 2119              		.loc 1 1390 26 view .LVU604
 2120 002a 1A68     		ldr	r2, [r3]
1390:Drivers/STM32H7xx_HAL_Driver/Src/stm32h7xx_hal_dma2d.c ****     {
 2121              		.loc 1 1390 8 view .LVU605
 2122 002c 12F0020F 		tst	r2, #2
 2123 0030 F3D0     		beq	.L152
ARM GAS  C:\msys64\tmp\ccU8cwaS.s 			page 86


1392:Drivers/STM32H7xx_HAL_Driver/Src/stm32h7xx_hal_dma2d.c ****       {
 2124              		.loc 1 1392 7 is_stmt 1 view .LVU606
1392:Drivers/STM32H7xx_HAL_Driver/Src/stm32h7xx_hal_dma2d.c ****       {
 2125              		.loc 1 1392 28 is_stmt 0 view .LVU607
 2126 0032 DB69     		ldr	r3, [r3, #28]
1392:Drivers/STM32H7xx_HAL_Driver/Src/stm32h7xx_hal_dma2d.c ****       {
 2127              		.loc 1 1392 10 view .LVU608
 2128 0034 13F0200F 		tst	r3, #32
 2129 0038 EFD0     		beq	.L152
1395:Drivers/STM32H7xx_HAL_Driver/Src/stm32h7xx_hal_dma2d.c ****       }
 2130              		.loc 1 1395 9 is_stmt 1 view .LVU609
1395:Drivers/STM32H7xx_HAL_Driver/Src/stm32h7xx_hal_dma2d.c ****       }
 2131              		.loc 1 1395 23 is_stmt 0 view .LVU610
 2132 003a 0223     		movs	r3, #2
 2133 003c 80F86130 		strb	r3, [r0, #97]
 2134 0040 EBE7     		b	.L152
 2135              		.cfi_endproc
 2136              	.LFE162:
 2138              		.section	.text.HAL_DMA2D_PollForTransfer,"ax",%progbits
 2139              		.align	1
 2140              		.global	HAL_DMA2D_PollForTransfer
 2141              		.syntax unified
 2142              		.thumb
 2143              		.thumb_func
 2145              	HAL_DMA2D_PollForTransfer:
 2146              	.LVL162:
 2147              	.LFB163:
1416:Drivers/STM32H7xx_HAL_Driver/Src/stm32h7xx_hal_dma2d.c ****   uint32_t tickstart;
 2148              		.loc 1 1416 1 is_stmt 1 view -0
 2149              		.cfi_startproc
 2150              		@ args = 0, pretend = 0, frame = 8
 2151              		@ frame_needed = 0, uses_anonymous_args = 0
1416:Drivers/STM32H7xx_HAL_Driver/Src/stm32h7xx_hal_dma2d.c ****   uint32_t tickstart;
 2152              		.loc 1 1416 1 is_stmt 0 view .LVU612
 2153 0000 70B5     		push	{r4, r5, r6, lr}
 2154              	.LCFI43:
 2155              		.cfi_def_cfa_offset 16
 2156              		.cfi_offset 4, -16
 2157              		.cfi_offset 5, -12
 2158              		.cfi_offset 6, -8
 2159              		.cfi_offset 14, -4
 2160 0002 82B0     		sub	sp, sp, #8
 2161              	.LCFI44:
 2162              		.cfi_def_cfa_offset 24
 2163 0004 0446     		mov	r4, r0
 2164 0006 0D46     		mov	r5, r1
1417:Drivers/STM32H7xx_HAL_Driver/Src/stm32h7xx_hal_dma2d.c ****   uint32_t layer_start;
 2165              		.loc 1 1417 3 is_stmt 1 view .LVU613
1418:Drivers/STM32H7xx_HAL_Driver/Src/stm32h7xx_hal_dma2d.c ****   __IO uint32_t isrflags = 0x0U;
 2166              		.loc 1 1418 3 view .LVU614
1419:Drivers/STM32H7xx_HAL_Driver/Src/stm32h7xx_hal_dma2d.c **** 
 2167              		.loc 1 1419 3 view .LVU615
1419:Drivers/STM32H7xx_HAL_Driver/Src/stm32h7xx_hal_dma2d.c **** 
 2168              		.loc 1 1419 17 is_stmt 0 view .LVU616
 2169 0008 0023     		movs	r3, #0
 2170 000a 0193     		str	r3, [sp, #4]
1422:Drivers/STM32H7xx_HAL_Driver/Src/stm32h7xx_hal_dma2d.c ****   {
ARM GAS  C:\msys64\tmp\ccU8cwaS.s 			page 87


 2171              		.loc 1 1422 3 is_stmt 1 view .LVU617
1422:Drivers/STM32H7xx_HAL_Driver/Src/stm32h7xx_hal_dma2d.c ****   {
 2172              		.loc 1 1422 14 is_stmt 0 view .LVU618
 2173 000c 0368     		ldr	r3, [r0]
1422:Drivers/STM32H7xx_HAL_Driver/Src/stm32h7xx_hal_dma2d.c ****   {
 2174              		.loc 1 1422 24 view .LVU619
 2175 000e 1B68     		ldr	r3, [r3]
1422:Drivers/STM32H7xx_HAL_Driver/Src/stm32h7xx_hal_dma2d.c ****   {
 2176              		.loc 1 1422 6 view .LVU620
 2177 0010 13F0010F 		tst	r3, #1
 2178 0014 11D1     		bne	.L173
 2179              	.LVL163:
 2180              	.L154:
1471:Drivers/STM32H7xx_HAL_Driver/Src/stm32h7xx_hal_dma2d.c ****   layer_start |= hdma2d->Instance->BGPFCCR & DMA2D_BGPFCCR_START;
 2181              		.loc 1 1471 3 is_stmt 1 view .LVU621
1471:Drivers/STM32H7xx_HAL_Driver/Src/stm32h7xx_hal_dma2d.c ****   layer_start |= hdma2d->Instance->BGPFCCR & DMA2D_BGPFCCR_START;
 2182              		.loc 1 1471 23 is_stmt 0 view .LVU622
 2183 0016 2268     		ldr	r2, [r4]
1471:Drivers/STM32H7xx_HAL_Driver/Src/stm32h7xx_hal_dma2d.c ****   layer_start |= hdma2d->Instance->BGPFCCR & DMA2D_BGPFCCR_START;
 2184              		.loc 1 1471 33 view .LVU623
 2185 0018 D369     		ldr	r3, [r2, #28]
 2186              	.LVL164:
1472:Drivers/STM32H7xx_HAL_Driver/Src/stm32h7xx_hal_dma2d.c ****   if (layer_start != 0U)
 2187              		.loc 1 1472 3 is_stmt 1 view .LVU624
1472:Drivers/STM32H7xx_HAL_Driver/Src/stm32h7xx_hal_dma2d.c ****   if (layer_start != 0U)
 2188              		.loc 1 1472 34 is_stmt 0 view .LVU625
 2189 001a 526A     		ldr	r2, [r2, #36]
1472:Drivers/STM32H7xx_HAL_Driver/Src/stm32h7xx_hal_dma2d.c ****   if (layer_start != 0U)
 2190              		.loc 1 1472 15 view .LVU626
 2191 001c 1343     		orrs	r3, r3, r2
 2192              	.LVL165:
1473:Drivers/STM32H7xx_HAL_Driver/Src/stm32h7xx_hal_dma2d.c ****   {
 2193              		.loc 1 1473 3 is_stmt 1 view .LVU627
1473:Drivers/STM32H7xx_HAL_Driver/Src/stm32h7xx_hal_dma2d.c ****   {
 2194              		.loc 1 1473 6 is_stmt 0 view .LVU628
 2195 001e 13F0200F 		tst	r3, #32
 2196 0022 47D1     		bne	.L174
 2197              	.LVL166:
 2198              	.L163:
1527:Drivers/STM32H7xx_HAL_Driver/Src/stm32h7xx_hal_dma2d.c **** 
 2199              		.loc 1 1527 3 is_stmt 1 view .LVU629
 2200 0024 2368     		ldr	r3, [r4]
 2201 0026 1222     		movs	r2, #18
 2202 0028 9A60     		str	r2, [r3, #8]
1530:Drivers/STM32H7xx_HAL_Driver/Src/stm32h7xx_hal_dma2d.c **** 
 2203              		.loc 1 1530 3 view .LVU630
1530:Drivers/STM32H7xx_HAL_Driver/Src/stm32h7xx_hal_dma2d.c **** 
 2204              		.loc 1 1530 17 is_stmt 0 view .LVU631
 2205 002a 0123     		movs	r3, #1
 2206 002c 84F86130 		strb	r3, [r4, #97]
1533:Drivers/STM32H7xx_HAL_Driver/Src/stm32h7xx_hal_dma2d.c **** 
 2207              		.loc 1 1533 3 is_stmt 1 view .LVU632
1533:Drivers/STM32H7xx_HAL_Driver/Src/stm32h7xx_hal_dma2d.c **** 
 2208              		.loc 1 1533 3 view .LVU633
 2209 0030 0020     		movs	r0, #0
 2210 0032 84F86000 		strb	r0, [r4, #96]
1533:Drivers/STM32H7xx_HAL_Driver/Src/stm32h7xx_hal_dma2d.c **** 
ARM GAS  C:\msys64\tmp\ccU8cwaS.s 			page 88


 2211              		.loc 1 1533 3 view .LVU634
1535:Drivers/STM32H7xx_HAL_Driver/Src/stm32h7xx_hal_dma2d.c **** }
 2212              		.loc 1 1535 3 view .LVU635
 2213              	.LVL167:
 2214              	.L159:
1536:Drivers/STM32H7xx_HAL_Driver/Src/stm32h7xx_hal_dma2d.c **** /**
 2215              		.loc 1 1536 1 is_stmt 0 view .LVU636
 2216 0036 02B0     		add	sp, sp, #8
 2217              	.LCFI45:
 2218              		.cfi_remember_state
 2219              		.cfi_def_cfa_offset 16
 2220              		@ sp needed
 2221 0038 70BD     		pop	{r4, r5, r6, pc}
 2222              	.LVL168:
 2223              	.L173:
 2224              	.LCFI46:
 2225              		.cfi_restore_state
1425:Drivers/STM32H7xx_HAL_Driver/Src/stm32h7xx_hal_dma2d.c **** 
 2226              		.loc 1 1425 5 is_stmt 1 view .LVU637
1425:Drivers/STM32H7xx_HAL_Driver/Src/stm32h7xx_hal_dma2d.c **** 
 2227              		.loc 1 1425 17 is_stmt 0 view .LVU638
 2228 003a FFF7FEFF 		bl	HAL_GetTick
 2229              	.LVL169:
1425:Drivers/STM32H7xx_HAL_Driver/Src/stm32h7xx_hal_dma2d.c **** 
 2230              		.loc 1 1425 17 view .LVU639
 2231 003e 0646     		mov	r6, r0
 2232              	.LVL170:
1427:Drivers/STM32H7xx_HAL_Driver/Src/stm32h7xx_hal_dma2d.c ****     {
 2233              		.loc 1 1427 5 is_stmt 1 view .LVU640
 2234              	.L160:
1427:Drivers/STM32H7xx_HAL_Driver/Src/stm32h7xx_hal_dma2d.c ****     {
 2235              		.loc 1 1427 56 view .LVU641
1427:Drivers/STM32H7xx_HAL_Driver/Src/stm32h7xx_hal_dma2d.c ****     {
 2236              		.loc 1 1427 12 is_stmt 0 view .LVU642
 2237 0040 2368     		ldr	r3, [r4]
 2238 0042 5A68     		ldr	r2, [r3, #4]
1427:Drivers/STM32H7xx_HAL_Driver/Src/stm32h7xx_hal_dma2d.c ****     {
 2239              		.loc 1 1427 56 view .LVU643
 2240 0044 12F0020F 		tst	r2, #2
 2241 0048 E5D1     		bne	.L154
1429:Drivers/STM32H7xx_HAL_Driver/Src/stm32h7xx_hal_dma2d.c ****       if ((isrflags & (DMA2D_FLAG_CE | DMA2D_FLAG_TE)) != 0U)
 2242              		.loc 1 1429 7 is_stmt 1 view .LVU644
1429:Drivers/STM32H7xx_HAL_Driver/Src/stm32h7xx_hal_dma2d.c ****       if ((isrflags & (DMA2D_FLAG_CE | DMA2D_FLAG_TE)) != 0U)
 2243              		.loc 1 1429 18 is_stmt 0 view .LVU645
 2244 004a 5A68     		ldr	r2, [r3, #4]
1429:Drivers/STM32H7xx_HAL_Driver/Src/stm32h7xx_hal_dma2d.c ****       if ((isrflags & (DMA2D_FLAG_CE | DMA2D_FLAG_TE)) != 0U)
 2245              		.loc 1 1429 16 view .LVU646
 2246 004c 0192     		str	r2, [sp, #4]
1430:Drivers/STM32H7xx_HAL_Driver/Src/stm32h7xx_hal_dma2d.c ****       {
 2247              		.loc 1 1430 7 is_stmt 1 view .LVU647
1430:Drivers/STM32H7xx_HAL_Driver/Src/stm32h7xx_hal_dma2d.c ****       {
 2248              		.loc 1 1430 21 is_stmt 0 view .LVU648
 2249 004e 019A     		ldr	r2, [sp, #4]
1430:Drivers/STM32H7xx_HAL_Driver/Src/stm32h7xx_hal_dma2d.c ****       {
 2250              		.loc 1 1430 10 view .LVU649
 2251 0050 12F0210F 		tst	r2, #33
 2252 0054 14D1     		bne	.L175
ARM GAS  C:\msys64\tmp\ccU8cwaS.s 			page 89


1452:Drivers/STM32H7xx_HAL_Driver/Src/stm32h7xx_hal_dma2d.c ****       {
 2253              		.loc 1 1452 7 is_stmt 1 view .LVU650
1452:Drivers/STM32H7xx_HAL_Driver/Src/stm32h7xx_hal_dma2d.c ****       {
 2254              		.loc 1 1452 10 is_stmt 0 view .LVU651
 2255 0056 B5F1FF3F 		cmp	r5, #-1
 2256 005a F1D0     		beq	.L160
1454:Drivers/STM32H7xx_HAL_Driver/Src/stm32h7xx_hal_dma2d.c ****         {
 2257              		.loc 1 1454 9 is_stmt 1 view .LVU652
1454:Drivers/STM32H7xx_HAL_Driver/Src/stm32h7xx_hal_dma2d.c ****         {
 2258              		.loc 1 1454 15 is_stmt 0 view .LVU653
 2259 005c FFF7FEFF 		bl	HAL_GetTick
 2260              	.LVL171:
1454:Drivers/STM32H7xx_HAL_Driver/Src/stm32h7xx_hal_dma2d.c ****         {
 2261              		.loc 1 1454 29 discriminator 1 view .LVU654
 2262 0060 801B     		subs	r0, r0, r6
1454:Drivers/STM32H7xx_HAL_Driver/Src/stm32h7xx_hal_dma2d.c ****         {
 2263              		.loc 1 1454 12 discriminator 1 view .LVU655
 2264 0062 A842     		cmp	r0, r5
 2265 0064 01D8     		bhi	.L161
1454:Drivers/STM32H7xx_HAL_Driver/Src/stm32h7xx_hal_dma2d.c ****         {
 2266              		.loc 1 1454 53 discriminator 1 view .LVU656
 2267 0066 002D     		cmp	r5, #0
 2268 0068 EAD1     		bne	.L160
 2269              	.L161:
1457:Drivers/STM32H7xx_HAL_Driver/Src/stm32h7xx_hal_dma2d.c **** 
 2270              		.loc 1 1457 11 is_stmt 1 view .LVU657
1457:Drivers/STM32H7xx_HAL_Driver/Src/stm32h7xx_hal_dma2d.c **** 
 2271              		.loc 1 1457 17 is_stmt 0 view .LVU658
 2272 006a 636E     		ldr	r3, [r4, #100]
1457:Drivers/STM32H7xx_HAL_Driver/Src/stm32h7xx_hal_dma2d.c **** 
 2273              		.loc 1 1457 29 view .LVU659
 2274 006c 43F02003 		orr	r3, r3, #32
 2275 0070 6366     		str	r3, [r4, #100]
1460:Drivers/STM32H7xx_HAL_Driver/Src/stm32h7xx_hal_dma2d.c **** 
 2276              		.loc 1 1460 11 is_stmt 1 view .LVU660
1460:Drivers/STM32H7xx_HAL_Driver/Src/stm32h7xx_hal_dma2d.c **** 
 2277              		.loc 1 1460 25 is_stmt 0 view .LVU661
 2278 0072 0320     		movs	r0, #3
 2279 0074 84F86100 		strb	r0, [r4, #97]
1463:Drivers/STM32H7xx_HAL_Driver/Src/stm32h7xx_hal_dma2d.c **** 
 2280              		.loc 1 1463 11 is_stmt 1 view .LVU662
1463:Drivers/STM32H7xx_HAL_Driver/Src/stm32h7xx_hal_dma2d.c **** 
 2281              		.loc 1 1463 11 view .LVU663
 2282 0078 0023     		movs	r3, #0
 2283 007a 84F86030 		strb	r3, [r4, #96]
1463:Drivers/STM32H7xx_HAL_Driver/Src/stm32h7xx_hal_dma2d.c **** 
 2284              		.loc 1 1463 11 view .LVU664
1465:Drivers/STM32H7xx_HAL_Driver/Src/stm32h7xx_hal_dma2d.c ****         }
 2285              		.loc 1 1465 11 view .LVU665
1465:Drivers/STM32H7xx_HAL_Driver/Src/stm32h7xx_hal_dma2d.c ****         }
 2286              		.loc 1 1465 18 is_stmt 0 view .LVU666
 2287 007e DAE7     		b	.L159
 2288              	.L175:
1432:Drivers/STM32H7xx_HAL_Driver/Src/stm32h7xx_hal_dma2d.c ****         {
 2289              		.loc 1 1432 9 is_stmt 1 view .LVU667
1432:Drivers/STM32H7xx_HAL_Driver/Src/stm32h7xx_hal_dma2d.c ****         {
 2290              		.loc 1 1432 23 is_stmt 0 view .LVU668
ARM GAS  C:\msys64\tmp\ccU8cwaS.s 			page 90


 2291 0080 019A     		ldr	r2, [sp, #4]
1432:Drivers/STM32H7xx_HAL_Driver/Src/stm32h7xx_hal_dma2d.c ****         {
 2292              		.loc 1 1432 12 view .LVU669
 2293 0082 12F0200F 		tst	r2, #32
 2294 0086 03D0     		beq	.L157
1434:Drivers/STM32H7xx_HAL_Driver/Src/stm32h7xx_hal_dma2d.c ****         }
 2295              		.loc 1 1434 11 is_stmt 1 view .LVU670
1434:Drivers/STM32H7xx_HAL_Driver/Src/stm32h7xx_hal_dma2d.c ****         }
 2296              		.loc 1 1434 17 is_stmt 0 view .LVU671
 2297 0088 626E     		ldr	r2, [r4, #100]
1434:Drivers/STM32H7xx_HAL_Driver/Src/stm32h7xx_hal_dma2d.c ****         }
 2298              		.loc 1 1434 29 view .LVU672
 2299 008a 42F00202 		orr	r2, r2, #2
 2300 008e 6266     		str	r2, [r4, #100]
 2301              	.L157:
1436:Drivers/STM32H7xx_HAL_Driver/Src/stm32h7xx_hal_dma2d.c ****         {
 2302              		.loc 1 1436 9 is_stmt 1 view .LVU673
1436:Drivers/STM32H7xx_HAL_Driver/Src/stm32h7xx_hal_dma2d.c ****         {
 2303              		.loc 1 1436 23 is_stmt 0 view .LVU674
 2304 0090 019A     		ldr	r2, [sp, #4]
1436:Drivers/STM32H7xx_HAL_Driver/Src/stm32h7xx_hal_dma2d.c ****         {
 2305              		.loc 1 1436 12 view .LVU675
 2306 0092 12F0010F 		tst	r2, #1
 2307 0096 03D0     		beq	.L158
1438:Drivers/STM32H7xx_HAL_Driver/Src/stm32h7xx_hal_dma2d.c ****         }
 2308              		.loc 1 1438 11 is_stmt 1 view .LVU676
1438:Drivers/STM32H7xx_HAL_Driver/Src/stm32h7xx_hal_dma2d.c ****         }
 2309              		.loc 1 1438 17 is_stmt 0 view .LVU677
 2310 0098 626E     		ldr	r2, [r4, #100]
1438:Drivers/STM32H7xx_HAL_Driver/Src/stm32h7xx_hal_dma2d.c ****         }
 2311              		.loc 1 1438 29 view .LVU678
 2312 009a 42F00102 		orr	r2, r2, #1
 2313 009e 6266     		str	r2, [r4, #100]
 2314              	.L158:
1441:Drivers/STM32H7xx_HAL_Driver/Src/stm32h7xx_hal_dma2d.c **** 
 2315              		.loc 1 1441 9 is_stmt 1 view .LVU679
 2316 00a0 2122     		movs	r2, #33
 2317 00a2 9A60     		str	r2, [r3, #8]
1444:Drivers/STM32H7xx_HAL_Driver/Src/stm32h7xx_hal_dma2d.c **** 
 2318              		.loc 1 1444 9 view .LVU680
1444:Drivers/STM32H7xx_HAL_Driver/Src/stm32h7xx_hal_dma2d.c **** 
 2319              		.loc 1 1444 23 is_stmt 0 view .LVU681
 2320 00a4 0423     		movs	r3, #4
 2321 00a6 84F86130 		strb	r3, [r4, #97]
1447:Drivers/STM32H7xx_HAL_Driver/Src/stm32h7xx_hal_dma2d.c **** 
 2322              		.loc 1 1447 9 is_stmt 1 view .LVU682
1447:Drivers/STM32H7xx_HAL_Driver/Src/stm32h7xx_hal_dma2d.c **** 
 2323              		.loc 1 1447 9 view .LVU683
 2324 00aa 0023     		movs	r3, #0
 2325 00ac 84F86030 		strb	r3, [r4, #96]
1447:Drivers/STM32H7xx_HAL_Driver/Src/stm32h7xx_hal_dma2d.c **** 
 2326              		.loc 1 1447 9 view .LVU684
1449:Drivers/STM32H7xx_HAL_Driver/Src/stm32h7xx_hal_dma2d.c ****       }
 2327              		.loc 1 1449 9 view .LVU685
1449:Drivers/STM32H7xx_HAL_Driver/Src/stm32h7xx_hal_dma2d.c ****       }
 2328              		.loc 1 1449 16 is_stmt 0 view .LVU686
 2329 00b0 0120     		movs	r0, #1
ARM GAS  C:\msys64\tmp\ccU8cwaS.s 			page 91


 2330 00b2 C0E7     		b	.L159
 2331              	.LVL172:
 2332              	.L174:
1476:Drivers/STM32H7xx_HAL_Driver/Src/stm32h7xx_hal_dma2d.c **** 
 2333              		.loc 1 1476 5 is_stmt 1 view .LVU687
1476:Drivers/STM32H7xx_HAL_Driver/Src/stm32h7xx_hal_dma2d.c **** 
 2334              		.loc 1 1476 17 is_stmt 0 view .LVU688
 2335 00b4 FFF7FEFF 		bl	HAL_GetTick
 2336              	.LVL173:
1476:Drivers/STM32H7xx_HAL_Driver/Src/stm32h7xx_hal_dma2d.c **** 
 2337              		.loc 1 1476 17 view .LVU689
 2338 00b8 0646     		mov	r6, r0
 2339              	.LVL174:
1478:Drivers/STM32H7xx_HAL_Driver/Src/stm32h7xx_hal_dma2d.c ****     {
 2340              		.loc 1 1478 5 is_stmt 1 view .LVU690
 2341              	.L169:
1478:Drivers/STM32H7xx_HAL_Driver/Src/stm32h7xx_hal_dma2d.c ****     {
 2342              		.loc 1 1478 57 view .LVU691
1478:Drivers/STM32H7xx_HAL_Driver/Src/stm32h7xx_hal_dma2d.c ****     {
 2343              		.loc 1 1478 12 is_stmt 0 view .LVU692
 2344 00ba 2368     		ldr	r3, [r4]
 2345 00bc 5A68     		ldr	r2, [r3, #4]
1478:Drivers/STM32H7xx_HAL_Driver/Src/stm32h7xx_hal_dma2d.c ****     {
 2346              		.loc 1 1478 57 view .LVU693
 2347 00be 12F0100F 		tst	r2, #16
 2348 00c2 AFD1     		bne	.L163
1480:Drivers/STM32H7xx_HAL_Driver/Src/stm32h7xx_hal_dma2d.c ****       if ((isrflags & (DMA2D_FLAG_CAE | DMA2D_FLAG_CE | DMA2D_FLAG_TE)) != 0U)
 2349              		.loc 1 1480 7 is_stmt 1 view .LVU694
1480:Drivers/STM32H7xx_HAL_Driver/Src/stm32h7xx_hal_dma2d.c ****       if ((isrflags & (DMA2D_FLAG_CAE | DMA2D_FLAG_CE | DMA2D_FLAG_TE)) != 0U)
 2350              		.loc 1 1480 18 is_stmt 0 view .LVU695
 2351 00c4 5A68     		ldr	r2, [r3, #4]
1480:Drivers/STM32H7xx_HAL_Driver/Src/stm32h7xx_hal_dma2d.c ****       if ((isrflags & (DMA2D_FLAG_CAE | DMA2D_FLAG_CE | DMA2D_FLAG_TE)) != 0U)
 2352              		.loc 1 1480 16 view .LVU696
 2353 00c6 0192     		str	r2, [sp, #4]
1481:Drivers/STM32H7xx_HAL_Driver/Src/stm32h7xx_hal_dma2d.c ****       {
 2354              		.loc 1 1481 7 is_stmt 1 view .LVU697
1481:Drivers/STM32H7xx_HAL_Driver/Src/stm32h7xx_hal_dma2d.c ****       {
 2355              		.loc 1 1481 21 is_stmt 0 view .LVU698
 2356 00c8 019A     		ldr	r2, [sp, #4]
1481:Drivers/STM32H7xx_HAL_Driver/Src/stm32h7xx_hal_dma2d.c ****       {
 2357              		.loc 1 1481 10 view .LVU699
 2358 00ca 12F0290F 		tst	r2, #41
 2359 00ce 14D1     		bne	.L176
1507:Drivers/STM32H7xx_HAL_Driver/Src/stm32h7xx_hal_dma2d.c ****       {
 2360              		.loc 1 1507 7 is_stmt 1 view .LVU700
1507:Drivers/STM32H7xx_HAL_Driver/Src/stm32h7xx_hal_dma2d.c ****       {
 2361              		.loc 1 1507 10 is_stmt 0 view .LVU701
 2362 00d0 B5F1FF3F 		cmp	r5, #-1
 2363 00d4 F1D0     		beq	.L169
1509:Drivers/STM32H7xx_HAL_Driver/Src/stm32h7xx_hal_dma2d.c ****         {
 2364              		.loc 1 1509 9 is_stmt 1 view .LVU702
1509:Drivers/STM32H7xx_HAL_Driver/Src/stm32h7xx_hal_dma2d.c ****         {
 2365              		.loc 1 1509 15 is_stmt 0 view .LVU703
 2366 00d6 FFF7FEFF 		bl	HAL_GetTick
 2367              	.LVL175:
1509:Drivers/STM32H7xx_HAL_Driver/Src/stm32h7xx_hal_dma2d.c ****         {
 2368              		.loc 1 1509 29 discriminator 1 view .LVU704
ARM GAS  C:\msys64\tmp\ccU8cwaS.s 			page 92


 2369 00da 801B     		subs	r0, r0, r6
1509:Drivers/STM32H7xx_HAL_Driver/Src/stm32h7xx_hal_dma2d.c ****         {
 2370              		.loc 1 1509 12 discriminator 1 view .LVU705
 2371 00dc A842     		cmp	r0, r5
 2372 00de 01D8     		bhi	.L170
1509:Drivers/STM32H7xx_HAL_Driver/Src/stm32h7xx_hal_dma2d.c ****         {
 2373              		.loc 1 1509 53 discriminator 1 view .LVU706
 2374 00e0 002D     		cmp	r5, #0
 2375 00e2 EAD1     		bne	.L169
 2376              	.L170:
1512:Drivers/STM32H7xx_HAL_Driver/Src/stm32h7xx_hal_dma2d.c **** 
 2377              		.loc 1 1512 11 is_stmt 1 view .LVU707
1512:Drivers/STM32H7xx_HAL_Driver/Src/stm32h7xx_hal_dma2d.c **** 
 2378              		.loc 1 1512 17 is_stmt 0 view .LVU708
 2379 00e4 636E     		ldr	r3, [r4, #100]
1512:Drivers/STM32H7xx_HAL_Driver/Src/stm32h7xx_hal_dma2d.c **** 
 2380              		.loc 1 1512 29 view .LVU709
 2381 00e6 43F02003 		orr	r3, r3, #32
 2382 00ea 6366     		str	r3, [r4, #100]
1515:Drivers/STM32H7xx_HAL_Driver/Src/stm32h7xx_hal_dma2d.c **** 
 2383              		.loc 1 1515 11 is_stmt 1 view .LVU710
1515:Drivers/STM32H7xx_HAL_Driver/Src/stm32h7xx_hal_dma2d.c **** 
 2384              		.loc 1 1515 25 is_stmt 0 view .LVU711
 2385 00ec 0320     		movs	r0, #3
 2386 00ee 84F86100 		strb	r0, [r4, #97]
1518:Drivers/STM32H7xx_HAL_Driver/Src/stm32h7xx_hal_dma2d.c **** 
 2387              		.loc 1 1518 11 is_stmt 1 view .LVU712
1518:Drivers/STM32H7xx_HAL_Driver/Src/stm32h7xx_hal_dma2d.c **** 
 2388              		.loc 1 1518 11 view .LVU713
 2389 00f2 0023     		movs	r3, #0
 2390 00f4 84F86030 		strb	r3, [r4, #96]
1518:Drivers/STM32H7xx_HAL_Driver/Src/stm32h7xx_hal_dma2d.c **** 
 2391              		.loc 1 1518 11 view .LVU714
1520:Drivers/STM32H7xx_HAL_Driver/Src/stm32h7xx_hal_dma2d.c ****         }
 2392              		.loc 1 1520 11 view .LVU715
1520:Drivers/STM32H7xx_HAL_Driver/Src/stm32h7xx_hal_dma2d.c ****         }
 2393              		.loc 1 1520 18 is_stmt 0 view .LVU716
 2394 00f8 9DE7     		b	.L159
 2395              	.L176:
1483:Drivers/STM32H7xx_HAL_Driver/Src/stm32h7xx_hal_dma2d.c ****         {
 2396              		.loc 1 1483 9 is_stmt 1 view .LVU717
1483:Drivers/STM32H7xx_HAL_Driver/Src/stm32h7xx_hal_dma2d.c ****         {
 2397              		.loc 1 1483 23 is_stmt 0 view .LVU718
 2398 00fa 019A     		ldr	r2, [sp, #4]
1483:Drivers/STM32H7xx_HAL_Driver/Src/stm32h7xx_hal_dma2d.c ****         {
 2399              		.loc 1 1483 12 view .LVU719
 2400 00fc 12F0080F 		tst	r2, #8
 2401 0100 03D0     		beq	.L166
1485:Drivers/STM32H7xx_HAL_Driver/Src/stm32h7xx_hal_dma2d.c ****         }
 2402              		.loc 1 1485 11 is_stmt 1 view .LVU720
1485:Drivers/STM32H7xx_HAL_Driver/Src/stm32h7xx_hal_dma2d.c ****         }
 2403              		.loc 1 1485 17 is_stmt 0 view .LVU721
 2404 0102 626E     		ldr	r2, [r4, #100]
1485:Drivers/STM32H7xx_HAL_Driver/Src/stm32h7xx_hal_dma2d.c ****         }
 2405              		.loc 1 1485 29 view .LVU722
 2406 0104 42F00402 		orr	r2, r2, #4
 2407 0108 6266     		str	r2, [r4, #100]
ARM GAS  C:\msys64\tmp\ccU8cwaS.s 			page 93


 2408              	.L166:
1487:Drivers/STM32H7xx_HAL_Driver/Src/stm32h7xx_hal_dma2d.c ****         {
 2409              		.loc 1 1487 9 is_stmt 1 view .LVU723
1487:Drivers/STM32H7xx_HAL_Driver/Src/stm32h7xx_hal_dma2d.c ****         {
 2410              		.loc 1 1487 23 is_stmt 0 view .LVU724
 2411 010a 019A     		ldr	r2, [sp, #4]
1487:Drivers/STM32H7xx_HAL_Driver/Src/stm32h7xx_hal_dma2d.c ****         {
 2412              		.loc 1 1487 12 view .LVU725
 2413 010c 12F0200F 		tst	r2, #32
 2414 0110 03D0     		beq	.L167
1489:Drivers/STM32H7xx_HAL_Driver/Src/stm32h7xx_hal_dma2d.c ****         }
 2415              		.loc 1 1489 11 is_stmt 1 view .LVU726
1489:Drivers/STM32H7xx_HAL_Driver/Src/stm32h7xx_hal_dma2d.c ****         }
 2416              		.loc 1 1489 17 is_stmt 0 view .LVU727
 2417 0112 626E     		ldr	r2, [r4, #100]
1489:Drivers/STM32H7xx_HAL_Driver/Src/stm32h7xx_hal_dma2d.c ****         }
 2418              		.loc 1 1489 29 view .LVU728
 2419 0114 42F00202 		orr	r2, r2, #2
 2420 0118 6266     		str	r2, [r4, #100]
 2421              	.L167:
1491:Drivers/STM32H7xx_HAL_Driver/Src/stm32h7xx_hal_dma2d.c ****         {
 2422              		.loc 1 1491 9 is_stmt 1 view .LVU729
1491:Drivers/STM32H7xx_HAL_Driver/Src/stm32h7xx_hal_dma2d.c ****         {
 2423              		.loc 1 1491 23 is_stmt 0 view .LVU730
 2424 011a 019A     		ldr	r2, [sp, #4]
1491:Drivers/STM32H7xx_HAL_Driver/Src/stm32h7xx_hal_dma2d.c ****         {
 2425              		.loc 1 1491 12 view .LVU731
 2426 011c 12F0010F 		tst	r2, #1
 2427 0120 03D0     		beq	.L168
1493:Drivers/STM32H7xx_HAL_Driver/Src/stm32h7xx_hal_dma2d.c ****         }
 2428              		.loc 1 1493 11 is_stmt 1 view .LVU732
1493:Drivers/STM32H7xx_HAL_Driver/Src/stm32h7xx_hal_dma2d.c ****         }
 2429              		.loc 1 1493 17 is_stmt 0 view .LVU733
 2430 0122 626E     		ldr	r2, [r4, #100]
1493:Drivers/STM32H7xx_HAL_Driver/Src/stm32h7xx_hal_dma2d.c ****         }
 2431              		.loc 1 1493 29 view .LVU734
 2432 0124 42F00102 		orr	r2, r2, #1
 2433 0128 6266     		str	r2, [r4, #100]
 2434              	.L168:
1496:Drivers/STM32H7xx_HAL_Driver/Src/stm32h7xx_hal_dma2d.c **** 
 2435              		.loc 1 1496 9 is_stmt 1 view .LVU735
 2436 012a 2922     		movs	r2, #41
 2437 012c 9A60     		str	r2, [r3, #8]
1499:Drivers/STM32H7xx_HAL_Driver/Src/stm32h7xx_hal_dma2d.c **** 
 2438              		.loc 1 1499 9 view .LVU736
1499:Drivers/STM32H7xx_HAL_Driver/Src/stm32h7xx_hal_dma2d.c **** 
 2439              		.loc 1 1499 23 is_stmt 0 view .LVU737
 2440 012e 0423     		movs	r3, #4
 2441 0130 84F86130 		strb	r3, [r4, #97]
1502:Drivers/STM32H7xx_HAL_Driver/Src/stm32h7xx_hal_dma2d.c **** 
 2442              		.loc 1 1502 9 is_stmt 1 view .LVU738
1502:Drivers/STM32H7xx_HAL_Driver/Src/stm32h7xx_hal_dma2d.c **** 
 2443              		.loc 1 1502 9 view .LVU739
 2444 0134 0023     		movs	r3, #0
 2445 0136 84F86030 		strb	r3, [r4, #96]
1502:Drivers/STM32H7xx_HAL_Driver/Src/stm32h7xx_hal_dma2d.c **** 
 2446              		.loc 1 1502 9 view .LVU740
ARM GAS  C:\msys64\tmp\ccU8cwaS.s 			page 94


1504:Drivers/STM32H7xx_HAL_Driver/Src/stm32h7xx_hal_dma2d.c ****       }
 2447              		.loc 1 1504 9 view .LVU741
1504:Drivers/STM32H7xx_HAL_Driver/Src/stm32h7xx_hal_dma2d.c ****       }
 2448              		.loc 1 1504 16 is_stmt 0 view .LVU742
 2449 013a 0120     		movs	r0, #1
 2450 013c 7BE7     		b	.L159
 2451              		.cfi_endproc
 2452              	.LFE163:
 2454              		.section	.text.HAL_DMA2D_LineEventCallback,"ax",%progbits
 2455              		.align	1
 2456              		.weak	HAL_DMA2D_LineEventCallback
 2457              		.syntax unified
 2458              		.thumb
 2459              		.thumb_func
 2461              	HAL_DMA2D_LineEventCallback:
 2462              	.LVL176:
 2463              	.LFB165:
1714:Drivers/STM32H7xx_HAL_Driver/Src/stm32h7xx_hal_dma2d.c ****   /* Prevent unused argument(s) compilation warning */
 2464              		.loc 1 1714 1 is_stmt 1 view -0
 2465              		.cfi_startproc
 2466              		@ args = 0, pretend = 0, frame = 0
 2467              		@ frame_needed = 0, uses_anonymous_args = 0
 2468              		@ link register save eliminated.
1716:Drivers/STM32H7xx_HAL_Driver/Src/stm32h7xx_hal_dma2d.c **** 
 2469              		.loc 1 1716 3 view .LVU744
1721:Drivers/STM32H7xx_HAL_Driver/Src/stm32h7xx_hal_dma2d.c **** 
 2470              		.loc 1 1721 1 is_stmt 0 view .LVU745
 2471 0000 7047     		bx	lr
 2472              		.cfi_endproc
 2473              	.LFE165:
 2475              		.section	.text.HAL_DMA2D_CLUTLoadingCpltCallback,"ax",%progbits
 2476              		.align	1
 2477              		.weak	HAL_DMA2D_CLUTLoadingCpltCallback
 2478              		.syntax unified
 2479              		.thumb
 2480              		.thumb_func
 2482              	HAL_DMA2D_CLUTLoadingCpltCallback:
 2483              	.LVL177:
 2484              	.LFB166:
1730:Drivers/STM32H7xx_HAL_Driver/Src/stm32h7xx_hal_dma2d.c ****   /* Prevent unused argument(s) compilation warning */
 2485              		.loc 1 1730 1 is_stmt 1 view -0
 2486              		.cfi_startproc
 2487              		@ args = 0, pretend = 0, frame = 0
 2488              		@ frame_needed = 0, uses_anonymous_args = 0
 2489              		@ link register save eliminated.
1732:Drivers/STM32H7xx_HAL_Driver/Src/stm32h7xx_hal_dma2d.c **** 
 2490              		.loc 1 1732 3 view .LVU747
1737:Drivers/STM32H7xx_HAL_Driver/Src/stm32h7xx_hal_dma2d.c **** 
 2491              		.loc 1 1737 1 is_stmt 0 view .LVU748
 2492 0000 7047     		bx	lr
 2493              		.cfi_endproc
 2494              	.LFE166:
 2496              		.section	.text.HAL_DMA2D_IRQHandler,"ax",%progbits
 2497              		.align	1
 2498              		.global	HAL_DMA2D_IRQHandler
 2499              		.syntax unified
 2500              		.thumb
ARM GAS  C:\msys64\tmp\ccU8cwaS.s 			page 95


 2501              		.thumb_func
 2503              	HAL_DMA2D_IRQHandler:
 2504              	.LVL178:
 2505              	.LFB164:
1544:Drivers/STM32H7xx_HAL_Driver/Src/stm32h7xx_hal_dma2d.c ****   uint32_t isrflags = READ_REG(hdma2d->Instance->ISR);
 2506              		.loc 1 1544 1 is_stmt 1 view -0
 2507              		.cfi_startproc
 2508              		@ args = 0, pretend = 0, frame = 0
 2509              		@ frame_needed = 0, uses_anonymous_args = 0
1544:Drivers/STM32H7xx_HAL_Driver/Src/stm32h7xx_hal_dma2d.c ****   uint32_t isrflags = READ_REG(hdma2d->Instance->ISR);
 2510              		.loc 1 1544 1 is_stmt 0 view .LVU750
 2511 0000 70B5     		push	{r4, r5, r6, lr}
 2512              	.LCFI47:
 2513              		.cfi_def_cfa_offset 16
 2514              		.cfi_offset 4, -16
 2515              		.cfi_offset 5, -12
 2516              		.cfi_offset 6, -8
 2517              		.cfi_offset 14, -4
 2518 0002 0446     		mov	r4, r0
1545:Drivers/STM32H7xx_HAL_Driver/Src/stm32h7xx_hal_dma2d.c ****   uint32_t crflags = READ_REG(hdma2d->Instance->CR);
 2519              		.loc 1 1545 3 is_stmt 1 view .LVU751
1545:Drivers/STM32H7xx_HAL_Driver/Src/stm32h7xx_hal_dma2d.c ****   uint32_t crflags = READ_REG(hdma2d->Instance->CR);
 2520              		.loc 1 1545 23 is_stmt 0 view .LVU752
 2521 0004 0368     		ldr	r3, [r0]
1545:Drivers/STM32H7xx_HAL_Driver/Src/stm32h7xx_hal_dma2d.c ****   uint32_t crflags = READ_REG(hdma2d->Instance->CR);
 2522              		.loc 1 1545 12 view .LVU753
 2523 0006 5D68     		ldr	r5, [r3, #4]
 2524              	.LVL179:
1546:Drivers/STM32H7xx_HAL_Driver/Src/stm32h7xx_hal_dma2d.c **** 
 2525              		.loc 1 1546 3 is_stmt 1 view .LVU754
1546:Drivers/STM32H7xx_HAL_Driver/Src/stm32h7xx_hal_dma2d.c **** 
 2526              		.loc 1 1546 12 is_stmt 0 view .LVU755
 2527 0008 1E68     		ldr	r6, [r3]
 2528              	.LVL180:
1549:Drivers/STM32H7xx_HAL_Driver/Src/stm32h7xx_hal_dma2d.c ****   {
 2529              		.loc 1 1549 3 is_stmt 1 view .LVU756
1549:Drivers/STM32H7xx_HAL_Driver/Src/stm32h7xx_hal_dma2d.c ****   {
 2530              		.loc 1 1549 6 is_stmt 0 view .LVU757
 2531 000a 15F0010F 		tst	r5, #1
 2532 000e 16D0     		beq	.L180
1551:Drivers/STM32H7xx_HAL_Driver/Src/stm32h7xx_hal_dma2d.c ****     {
 2533              		.loc 1 1551 5 is_stmt 1 view .LVU758
1551:Drivers/STM32H7xx_HAL_Driver/Src/stm32h7xx_hal_dma2d.c ****     {
 2534              		.loc 1 1551 8 is_stmt 0 view .LVU759
 2535 0010 16F4807F 		tst	r6, #256
 2536 0014 13D0     		beq	.L180
1554:Drivers/STM32H7xx_HAL_Driver/Src/stm32h7xx_hal_dma2d.c **** 
 2537              		.loc 1 1554 7 is_stmt 1 view .LVU760
 2538 0016 1A68     		ldr	r2, [r3]
 2539 0018 22F48072 		bic	r2, r2, #256
 2540 001c 1A60     		str	r2, [r3]
1557:Drivers/STM32H7xx_HAL_Driver/Src/stm32h7xx_hal_dma2d.c **** 
 2541              		.loc 1 1557 7 view .LVU761
1557:Drivers/STM32H7xx_HAL_Driver/Src/stm32h7xx_hal_dma2d.c **** 
 2542              		.loc 1 1557 13 is_stmt 0 view .LVU762
 2543 001e 436E     		ldr	r3, [r0, #100]
1557:Drivers/STM32H7xx_HAL_Driver/Src/stm32h7xx_hal_dma2d.c **** 
ARM GAS  C:\msys64\tmp\ccU8cwaS.s 			page 96


 2544              		.loc 1 1557 25 view .LVU763
 2545 0020 43F00103 		orr	r3, r3, #1
 2546 0024 4366     		str	r3, [r0, #100]
1560:Drivers/STM32H7xx_HAL_Driver/Src/stm32h7xx_hal_dma2d.c **** 
 2547              		.loc 1 1560 7 is_stmt 1 view .LVU764
 2548 0026 0368     		ldr	r3, [r0]
 2549 0028 0122     		movs	r2, #1
 2550 002a 9A60     		str	r2, [r3, #8]
1563:Drivers/STM32H7xx_HAL_Driver/Src/stm32h7xx_hal_dma2d.c **** 
 2551              		.loc 1 1563 7 view .LVU765
1563:Drivers/STM32H7xx_HAL_Driver/Src/stm32h7xx_hal_dma2d.c **** 
 2552              		.loc 1 1563 21 is_stmt 0 view .LVU766
 2553 002c 0423     		movs	r3, #4
 2554 002e 80F86130 		strb	r3, [r0, #97]
1566:Drivers/STM32H7xx_HAL_Driver/Src/stm32h7xx_hal_dma2d.c **** 
 2555              		.loc 1 1566 7 is_stmt 1 view .LVU767
1566:Drivers/STM32H7xx_HAL_Driver/Src/stm32h7xx_hal_dma2d.c **** 
 2556              		.loc 1 1566 7 view .LVU768
 2557 0032 0023     		movs	r3, #0
 2558 0034 80F86030 		strb	r3, [r0, #96]
1566:Drivers/STM32H7xx_HAL_Driver/Src/stm32h7xx_hal_dma2d.c **** 
 2559              		.loc 1 1566 7 view .LVU769
1568:Drivers/STM32H7xx_HAL_Driver/Src/stm32h7xx_hal_dma2d.c ****       {
 2560              		.loc 1 1568 7 view .LVU770
1568:Drivers/STM32H7xx_HAL_Driver/Src/stm32h7xx_hal_dma2d.c ****       {
 2561              		.loc 1 1568 17 is_stmt 0 view .LVU771
 2562 0038 436A     		ldr	r3, [r0, #36]
1568:Drivers/STM32H7xx_HAL_Driver/Src/stm32h7xx_hal_dma2d.c ****       {
 2563              		.loc 1 1568 10 view .LVU772
 2564 003a 03B1     		cbz	r3, .L180
1571:Drivers/STM32H7xx_HAL_Driver/Src/stm32h7xx_hal_dma2d.c ****       }
 2565              		.loc 1 1571 9 is_stmt 1 view .LVU773
 2566 003c 9847     		blx	r3
 2567              	.LVL181:
 2568              	.L180:
1576:Drivers/STM32H7xx_HAL_Driver/Src/stm32h7xx_hal_dma2d.c ****   {
 2569              		.loc 1 1576 3 view .LVU774
1576:Drivers/STM32H7xx_HAL_Driver/Src/stm32h7xx_hal_dma2d.c ****   {
 2570              		.loc 1 1576 6 is_stmt 0 view .LVU775
 2571 003e 15F0200F 		tst	r5, #32
 2572 0042 18D0     		beq	.L181
1578:Drivers/STM32H7xx_HAL_Driver/Src/stm32h7xx_hal_dma2d.c ****     {
 2573              		.loc 1 1578 5 is_stmt 1 view .LVU776
1578:Drivers/STM32H7xx_HAL_Driver/Src/stm32h7xx_hal_dma2d.c ****     {
 2574              		.loc 1 1578 8 is_stmt 0 view .LVU777
 2575 0044 16F4005F 		tst	r6, #8192
 2576 0048 15D0     		beq	.L181
1581:Drivers/STM32H7xx_HAL_Driver/Src/stm32h7xx_hal_dma2d.c **** 
 2577              		.loc 1 1581 7 is_stmt 1 view .LVU778
 2578 004a 2268     		ldr	r2, [r4]
 2579 004c 1368     		ldr	r3, [r2]
 2580 004e 23F40053 		bic	r3, r3, #8192
 2581 0052 1360     		str	r3, [r2]
1584:Drivers/STM32H7xx_HAL_Driver/Src/stm32h7xx_hal_dma2d.c **** 
 2582              		.loc 1 1584 7 view .LVU779
 2583 0054 2368     		ldr	r3, [r4]
 2584 0056 2022     		movs	r2, #32
ARM GAS  C:\msys64\tmp\ccU8cwaS.s 			page 97


 2585 0058 9A60     		str	r2, [r3, #8]
1587:Drivers/STM32H7xx_HAL_Driver/Src/stm32h7xx_hal_dma2d.c **** 
 2586              		.loc 1 1587 7 view .LVU780
1587:Drivers/STM32H7xx_HAL_Driver/Src/stm32h7xx_hal_dma2d.c **** 
 2587              		.loc 1 1587 13 is_stmt 0 view .LVU781
 2588 005a 636E     		ldr	r3, [r4, #100]
1587:Drivers/STM32H7xx_HAL_Driver/Src/stm32h7xx_hal_dma2d.c **** 
 2589              		.loc 1 1587 25 view .LVU782
 2590 005c 43F00203 		orr	r3, r3, #2
 2591 0060 6366     		str	r3, [r4, #100]
1590:Drivers/STM32H7xx_HAL_Driver/Src/stm32h7xx_hal_dma2d.c **** 
 2592              		.loc 1 1590 7 is_stmt 1 view .LVU783
1590:Drivers/STM32H7xx_HAL_Driver/Src/stm32h7xx_hal_dma2d.c **** 
 2593              		.loc 1 1590 21 is_stmt 0 view .LVU784
 2594 0062 0423     		movs	r3, #4
 2595 0064 84F86130 		strb	r3, [r4, #97]
1593:Drivers/STM32H7xx_HAL_Driver/Src/stm32h7xx_hal_dma2d.c **** 
 2596              		.loc 1 1593 7 is_stmt 1 view .LVU785
1593:Drivers/STM32H7xx_HAL_Driver/Src/stm32h7xx_hal_dma2d.c **** 
 2597              		.loc 1 1593 7 view .LVU786
 2598 0068 0023     		movs	r3, #0
 2599 006a 84F86030 		strb	r3, [r4, #96]
1593:Drivers/STM32H7xx_HAL_Driver/Src/stm32h7xx_hal_dma2d.c **** 
 2600              		.loc 1 1593 7 view .LVU787
1595:Drivers/STM32H7xx_HAL_Driver/Src/stm32h7xx_hal_dma2d.c ****       {
 2601              		.loc 1 1595 7 view .LVU788
1595:Drivers/STM32H7xx_HAL_Driver/Src/stm32h7xx_hal_dma2d.c ****       {
 2602              		.loc 1 1595 17 is_stmt 0 view .LVU789
 2603 006e 636A     		ldr	r3, [r4, #36]
1595:Drivers/STM32H7xx_HAL_Driver/Src/stm32h7xx_hal_dma2d.c ****       {
 2604              		.loc 1 1595 10 view .LVU790
 2605 0070 0BB1     		cbz	r3, .L181
1598:Drivers/STM32H7xx_HAL_Driver/Src/stm32h7xx_hal_dma2d.c ****       }
 2606              		.loc 1 1598 9 is_stmt 1 view .LVU791
 2607 0072 2046     		mov	r0, r4
 2608 0074 9847     		blx	r3
 2609              	.LVL182:
 2610              	.L181:
1603:Drivers/STM32H7xx_HAL_Driver/Src/stm32h7xx_hal_dma2d.c ****   {
 2611              		.loc 1 1603 3 view .LVU792
1603:Drivers/STM32H7xx_HAL_Driver/Src/stm32h7xx_hal_dma2d.c ****   {
 2612              		.loc 1 1603 6 is_stmt 0 view .LVU793
 2613 0076 15F0080F 		tst	r5, #8
 2614 007a 18D0     		beq	.L182
1605:Drivers/STM32H7xx_HAL_Driver/Src/stm32h7xx_hal_dma2d.c ****     {
 2615              		.loc 1 1605 5 is_stmt 1 view .LVU794
1605:Drivers/STM32H7xx_HAL_Driver/Src/stm32h7xx_hal_dma2d.c ****     {
 2616              		.loc 1 1605 8 is_stmt 0 view .LVU795
 2617 007c 16F4006F 		tst	r6, #2048
 2618 0080 15D0     		beq	.L182
1608:Drivers/STM32H7xx_HAL_Driver/Src/stm32h7xx_hal_dma2d.c **** 
 2619              		.loc 1 1608 7 is_stmt 1 view .LVU796
 2620 0082 2268     		ldr	r2, [r4]
 2621 0084 1368     		ldr	r3, [r2]
 2622 0086 23F40063 		bic	r3, r3, #2048
 2623 008a 1360     		str	r3, [r2]
1611:Drivers/STM32H7xx_HAL_Driver/Src/stm32h7xx_hal_dma2d.c **** 
ARM GAS  C:\msys64\tmp\ccU8cwaS.s 			page 98


 2624              		.loc 1 1611 7 view .LVU797
 2625 008c 2368     		ldr	r3, [r4]
 2626 008e 0822     		movs	r2, #8
 2627 0090 9A60     		str	r2, [r3, #8]
1614:Drivers/STM32H7xx_HAL_Driver/Src/stm32h7xx_hal_dma2d.c **** 
 2628              		.loc 1 1614 7 view .LVU798
1614:Drivers/STM32H7xx_HAL_Driver/Src/stm32h7xx_hal_dma2d.c **** 
 2629              		.loc 1 1614 13 is_stmt 0 view .LVU799
 2630 0092 636E     		ldr	r3, [r4, #100]
1614:Drivers/STM32H7xx_HAL_Driver/Src/stm32h7xx_hal_dma2d.c **** 
 2631              		.loc 1 1614 25 view .LVU800
 2632 0094 43F00403 		orr	r3, r3, #4
 2633 0098 6366     		str	r3, [r4, #100]
1617:Drivers/STM32H7xx_HAL_Driver/Src/stm32h7xx_hal_dma2d.c **** 
 2634              		.loc 1 1617 7 is_stmt 1 view .LVU801
1617:Drivers/STM32H7xx_HAL_Driver/Src/stm32h7xx_hal_dma2d.c **** 
 2635              		.loc 1 1617 21 is_stmt 0 view .LVU802
 2636 009a 0423     		movs	r3, #4
 2637 009c 84F86130 		strb	r3, [r4, #97]
1620:Drivers/STM32H7xx_HAL_Driver/Src/stm32h7xx_hal_dma2d.c **** 
 2638              		.loc 1 1620 7 is_stmt 1 view .LVU803
1620:Drivers/STM32H7xx_HAL_Driver/Src/stm32h7xx_hal_dma2d.c **** 
 2639              		.loc 1 1620 7 view .LVU804
 2640 00a0 0023     		movs	r3, #0
 2641 00a2 84F86030 		strb	r3, [r4, #96]
1620:Drivers/STM32H7xx_HAL_Driver/Src/stm32h7xx_hal_dma2d.c **** 
 2642              		.loc 1 1620 7 view .LVU805
1622:Drivers/STM32H7xx_HAL_Driver/Src/stm32h7xx_hal_dma2d.c ****       {
 2643              		.loc 1 1622 7 view .LVU806
1622:Drivers/STM32H7xx_HAL_Driver/Src/stm32h7xx_hal_dma2d.c ****       {
 2644              		.loc 1 1622 17 is_stmt 0 view .LVU807
 2645 00a6 636A     		ldr	r3, [r4, #36]
1622:Drivers/STM32H7xx_HAL_Driver/Src/stm32h7xx_hal_dma2d.c ****       {
 2646              		.loc 1 1622 10 view .LVU808
 2647 00a8 0BB1     		cbz	r3, .L182
1625:Drivers/STM32H7xx_HAL_Driver/Src/stm32h7xx_hal_dma2d.c ****       }
 2648              		.loc 1 1625 9 is_stmt 1 view .LVU809
 2649 00aa 2046     		mov	r0, r4
 2650 00ac 9847     		blx	r3
 2651              	.LVL183:
 2652              	.L182:
1630:Drivers/STM32H7xx_HAL_Driver/Src/stm32h7xx_hal_dma2d.c ****   {
 2653              		.loc 1 1630 3 view .LVU810
1630:Drivers/STM32H7xx_HAL_Driver/Src/stm32h7xx_hal_dma2d.c ****   {
 2654              		.loc 1 1630 6 is_stmt 0 view .LVU811
 2655 00ae 15F0040F 		tst	r5, #4
 2656 00b2 02D0     		beq	.L183
1632:Drivers/STM32H7xx_HAL_Driver/Src/stm32h7xx_hal_dma2d.c ****     {
 2657              		.loc 1 1632 5 is_stmt 1 view .LVU812
1632:Drivers/STM32H7xx_HAL_Driver/Src/stm32h7xx_hal_dma2d.c ****     {
 2658              		.loc 1 1632 8 is_stmt 0 view .LVU813
 2659 00b4 16F4806F 		tst	r6, #1024
 2660 00b8 20D1     		bne	.L187
 2661              	.L183:
1650:Drivers/STM32H7xx_HAL_Driver/Src/stm32h7xx_hal_dma2d.c ****   {
 2662              		.loc 1 1650 3 is_stmt 1 view .LVU814
1650:Drivers/STM32H7xx_HAL_Driver/Src/stm32h7xx_hal_dma2d.c ****   {
ARM GAS  C:\msys64\tmp\ccU8cwaS.s 			page 99


 2663              		.loc 1 1650 6 is_stmt 0 view .LVU815
 2664 00ba 15F0020F 		tst	r5, #2
 2665 00be 16D0     		beq	.L184
1652:Drivers/STM32H7xx_HAL_Driver/Src/stm32h7xx_hal_dma2d.c ****     {
 2666              		.loc 1 1652 5 is_stmt 1 view .LVU816
1652:Drivers/STM32H7xx_HAL_Driver/Src/stm32h7xx_hal_dma2d.c ****     {
 2667              		.loc 1 1652 8 is_stmt 0 view .LVU817
 2668 00c0 16F4007F 		tst	r6, #512
 2669 00c4 13D0     		beq	.L184
1655:Drivers/STM32H7xx_HAL_Driver/Src/stm32h7xx_hal_dma2d.c **** 
 2670              		.loc 1 1655 7 is_stmt 1 view .LVU818
 2671 00c6 2268     		ldr	r2, [r4]
 2672 00c8 1368     		ldr	r3, [r2]
 2673 00ca 23F40073 		bic	r3, r3, #512
 2674 00ce 1360     		str	r3, [r2]
1658:Drivers/STM32H7xx_HAL_Driver/Src/stm32h7xx_hal_dma2d.c **** 
 2675              		.loc 1 1658 7 view .LVU819
 2676 00d0 2368     		ldr	r3, [r4]
 2677 00d2 0222     		movs	r2, #2
 2678 00d4 9A60     		str	r2, [r3, #8]
1661:Drivers/STM32H7xx_HAL_Driver/Src/stm32h7xx_hal_dma2d.c **** 
 2679              		.loc 1 1661 7 view .LVU820
1661:Drivers/STM32H7xx_HAL_Driver/Src/stm32h7xx_hal_dma2d.c **** 
 2680              		.loc 1 1661 13 is_stmt 0 view .LVU821
 2681 00d6 636E     		ldr	r3, [r4, #100]
1661:Drivers/STM32H7xx_HAL_Driver/Src/stm32h7xx_hal_dma2d.c **** 
 2682              		.loc 1 1661 25 view .LVU822
 2683 00d8 6366     		str	r3, [r4, #100]
1664:Drivers/STM32H7xx_HAL_Driver/Src/stm32h7xx_hal_dma2d.c **** 
 2684              		.loc 1 1664 7 is_stmt 1 view .LVU823
1664:Drivers/STM32H7xx_HAL_Driver/Src/stm32h7xx_hal_dma2d.c **** 
 2685              		.loc 1 1664 21 is_stmt 0 view .LVU824
 2686 00da 0123     		movs	r3, #1
 2687 00dc 84F86130 		strb	r3, [r4, #97]
1667:Drivers/STM32H7xx_HAL_Driver/Src/stm32h7xx_hal_dma2d.c **** 
 2688              		.loc 1 1667 7 is_stmt 1 view .LVU825
1667:Drivers/STM32H7xx_HAL_Driver/Src/stm32h7xx_hal_dma2d.c **** 
 2689              		.loc 1 1667 7 view .LVU826
 2690 00e0 0023     		movs	r3, #0
 2691 00e2 84F86030 		strb	r3, [r4, #96]
1667:Drivers/STM32H7xx_HAL_Driver/Src/stm32h7xx_hal_dma2d.c **** 
 2692              		.loc 1 1667 7 view .LVU827
1669:Drivers/STM32H7xx_HAL_Driver/Src/stm32h7xx_hal_dma2d.c ****       {
 2693              		.loc 1 1669 7 view .LVU828
1669:Drivers/STM32H7xx_HAL_Driver/Src/stm32h7xx_hal_dma2d.c ****       {
 2694              		.loc 1 1669 17 is_stmt 0 view .LVU829
 2695 00e6 236A     		ldr	r3, [r4, #32]
1669:Drivers/STM32H7xx_HAL_Driver/Src/stm32h7xx_hal_dma2d.c ****       {
 2696              		.loc 1 1669 10 view .LVU830
 2697 00e8 0BB1     		cbz	r3, .L184
1672:Drivers/STM32H7xx_HAL_Driver/Src/stm32h7xx_hal_dma2d.c ****       }
 2698              		.loc 1 1672 9 is_stmt 1 view .LVU831
 2699 00ea 2046     		mov	r0, r4
 2700 00ec 9847     		blx	r3
 2701              	.LVL184:
 2702              	.L184:
1677:Drivers/STM32H7xx_HAL_Driver/Src/stm32h7xx_hal_dma2d.c ****   {
ARM GAS  C:\msys64\tmp\ccU8cwaS.s 			page 100


 2703              		.loc 1 1677 3 view .LVU832
1677:Drivers/STM32H7xx_HAL_Driver/Src/stm32h7xx_hal_dma2d.c ****   {
 2704              		.loc 1 1677 6 is_stmt 0 view .LVU833
 2705 00ee 15F0100F 		tst	r5, #16
 2706 00f2 02D0     		beq	.L179
1679:Drivers/STM32H7xx_HAL_Driver/Src/stm32h7xx_hal_dma2d.c ****     {
 2707              		.loc 1 1679 5 is_stmt 1 view .LVU834
1679:Drivers/STM32H7xx_HAL_Driver/Src/stm32h7xx_hal_dma2d.c ****     {
 2708              		.loc 1 1679 8 is_stmt 0 view .LVU835
 2709 00f4 16F4805F 		tst	r6, #4096
 2710 00f8 0CD1     		bne	.L188
 2711              	.L179:
1705:Drivers/STM32H7xx_HAL_Driver/Src/stm32h7xx_hal_dma2d.c **** 
 2712              		.loc 1 1705 1 view .LVU836
 2713 00fa 70BD     		pop	{r4, r5, r6, pc}
 2714              	.LVL185:
 2715              	.L187:
1635:Drivers/STM32H7xx_HAL_Driver/Src/stm32h7xx_hal_dma2d.c **** 
 2716              		.loc 1 1635 7 is_stmt 1 view .LVU837
 2717 00fc 2268     		ldr	r2, [r4]
 2718 00fe 1368     		ldr	r3, [r2]
 2719 0100 23F48063 		bic	r3, r3, #1024
 2720 0104 1360     		str	r3, [r2]
1638:Drivers/STM32H7xx_HAL_Driver/Src/stm32h7xx_hal_dma2d.c **** 
 2721              		.loc 1 1638 7 view .LVU838
 2722 0106 2368     		ldr	r3, [r4]
 2723 0108 0422     		movs	r2, #4
 2724 010a 9A60     		str	r2, [r3, #8]
1644:Drivers/STM32H7xx_HAL_Driver/Src/stm32h7xx_hal_dma2d.c **** #endif /* USE_HAL_DMA2D_REGISTER_CALLBACKS */
 2725              		.loc 1 1644 7 view .LVU839
 2726 010c 2046     		mov	r0, r4
 2727 010e FFF7FEFF 		bl	HAL_DMA2D_LineEventCallback
 2728              	.LVL186:
 2729 0112 D2E7     		b	.L183
 2730              	.L188:
1682:Drivers/STM32H7xx_HAL_Driver/Src/stm32h7xx_hal_dma2d.c **** 
 2731              		.loc 1 1682 7 view .LVU840
 2732 0114 2268     		ldr	r2, [r4]
 2733 0116 1368     		ldr	r3, [r2]
 2734 0118 23F48053 		bic	r3, r3, #4096
 2735 011c 1360     		str	r3, [r2]
1685:Drivers/STM32H7xx_HAL_Driver/Src/stm32h7xx_hal_dma2d.c **** 
 2736              		.loc 1 1685 7 view .LVU841
 2737 011e 2368     		ldr	r3, [r4]
 2738 0120 1022     		movs	r2, #16
 2739 0122 9A60     		str	r2, [r3, #8]
1688:Drivers/STM32H7xx_HAL_Driver/Src/stm32h7xx_hal_dma2d.c **** 
 2740              		.loc 1 1688 7 view .LVU842
1688:Drivers/STM32H7xx_HAL_Driver/Src/stm32h7xx_hal_dma2d.c **** 
 2741              		.loc 1 1688 13 is_stmt 0 view .LVU843
 2742 0124 636E     		ldr	r3, [r4, #100]
1688:Drivers/STM32H7xx_HAL_Driver/Src/stm32h7xx_hal_dma2d.c **** 
 2743              		.loc 1 1688 25 view .LVU844
 2744 0126 6366     		str	r3, [r4, #100]
1691:Drivers/STM32H7xx_HAL_Driver/Src/stm32h7xx_hal_dma2d.c **** 
 2745              		.loc 1 1691 7 is_stmt 1 view .LVU845
1691:Drivers/STM32H7xx_HAL_Driver/Src/stm32h7xx_hal_dma2d.c **** 
ARM GAS  C:\msys64\tmp\ccU8cwaS.s 			page 101


 2746              		.loc 1 1691 21 is_stmt 0 view .LVU846
 2747 0128 0123     		movs	r3, #1
 2748 012a 84F86130 		strb	r3, [r4, #97]
1694:Drivers/STM32H7xx_HAL_Driver/Src/stm32h7xx_hal_dma2d.c **** 
 2749              		.loc 1 1694 7 is_stmt 1 view .LVU847
1694:Drivers/STM32H7xx_HAL_Driver/Src/stm32h7xx_hal_dma2d.c **** 
 2750              		.loc 1 1694 7 view .LVU848
 2751 012e 0023     		movs	r3, #0
 2752 0130 84F86030 		strb	r3, [r4, #96]
1694:Drivers/STM32H7xx_HAL_Driver/Src/stm32h7xx_hal_dma2d.c **** 
 2753              		.loc 1 1694 7 view .LVU849
1700:Drivers/STM32H7xx_HAL_Driver/Src/stm32h7xx_hal_dma2d.c **** #endif /* USE_HAL_DMA2D_REGISTER_CALLBACKS */
 2754              		.loc 1 1700 7 view .LVU850
 2755 0134 2046     		mov	r0, r4
 2756 0136 FFF7FEFF 		bl	HAL_DMA2D_CLUTLoadingCpltCallback
 2757              	.LVL187:
1705:Drivers/STM32H7xx_HAL_Driver/Src/stm32h7xx_hal_dma2d.c **** 
 2758              		.loc 1 1705 1 is_stmt 0 view .LVU851
 2759 013a DEE7     		b	.L179
 2760              		.cfi_endproc
 2761              	.LFE164:
 2763              		.section	.text.HAL_DMA2D_ConfigLayer,"ax",%progbits
 2764              		.align	1
 2765              		.global	HAL_DMA2D_ConfigLayer
 2766              		.syntax unified
 2767              		.thumb
 2768              		.thumb_func
 2770              	HAL_DMA2D_ConfigLayer:
 2771              	.LVL188:
 2772              	.LFB167:
1773:Drivers/STM32H7xx_HAL_Driver/Src/stm32h7xx_hal_dma2d.c ****   const DMA2D_LayerCfgTypeDef *pLayerCfg;
 2773              		.loc 1 1773 1 is_stmt 1 view -0
 2774              		.cfi_startproc
 2775              		@ args = 0, pretend = 0, frame = 0
 2776              		@ frame_needed = 0, uses_anonymous_args = 0
 2777              		@ link register save eliminated.
1774:Drivers/STM32H7xx_HAL_Driver/Src/stm32h7xx_hal_dma2d.c ****   uint32_t regMask;
 2778              		.loc 1 1774 3 view .LVU853
1775:Drivers/STM32H7xx_HAL_Driver/Src/stm32h7xx_hal_dma2d.c ****   uint32_t regValue;
 2779              		.loc 1 1775 3 view .LVU854
1776:Drivers/STM32H7xx_HAL_Driver/Src/stm32h7xx_hal_dma2d.c **** 
 2780              		.loc 1 1776 3 view .LVU855
1779:Drivers/STM32H7xx_HAL_Driver/Src/stm32h7xx_hal_dma2d.c ****   assert_param(IS_DMA2D_OFFSET(hdma2d->LayerCfg[LayerIdx].InputOffset));
 2781              		.loc 1 1779 3 view .LVU856
1780:Drivers/STM32H7xx_HAL_Driver/Src/stm32h7xx_hal_dma2d.c ****   if (hdma2d->Init.Mode != DMA2D_R2M)
 2782              		.loc 1 1780 3 view .LVU857
1781:Drivers/STM32H7xx_HAL_Driver/Src/stm32h7xx_hal_dma2d.c ****   {
 2783              		.loc 1 1781 3 view .LVU858
1783:Drivers/STM32H7xx_HAL_Driver/Src/stm32h7xx_hal_dma2d.c ****     if (hdma2d->Init.Mode != DMA2D_M2M)
 2784              		.loc 1 1783 5 view .LVU859
1784:Drivers/STM32H7xx_HAL_Driver/Src/stm32h7xx_hal_dma2d.c ****     {
 2785              		.loc 1 1784 5 view .LVU860
1786:Drivers/STM32H7xx_HAL_Driver/Src/stm32h7xx_hal_dma2d.c ****     }
 2786              		.loc 1 1786 7 view .LVU861
1789:Drivers/STM32H7xx_HAL_Driver/Src/stm32h7xx_hal_dma2d.c ****   assert_param(IS_DMA2D_RB_SWAP(hdma2d->LayerCfg[LayerIdx].RedBlueSwap));
 2787              		.loc 1 1789 3 view .LVU862
1790:Drivers/STM32H7xx_HAL_Driver/Src/stm32h7xx_hal_dma2d.c **** 
ARM GAS  C:\msys64\tmp\ccU8cwaS.s 			page 102


 2788              		.loc 1 1790 3 view .LVU863
1792:Drivers/STM32H7xx_HAL_Driver/Src/stm32h7xx_hal_dma2d.c ****   {
 2789              		.loc 1 1792 3 view .LVU864
1794:Drivers/STM32H7xx_HAL_Driver/Src/stm32h7xx_hal_dma2d.c ****   }
 2790              		.loc 1 1794 5 view .LVU865
1798:Drivers/STM32H7xx_HAL_Driver/Src/stm32h7xx_hal_dma2d.c **** 
 2791              		.loc 1 1798 3 view .LVU866
1798:Drivers/STM32H7xx_HAL_Driver/Src/stm32h7xx_hal_dma2d.c **** 
 2792              		.loc 1 1798 3 view .LVU867
 2793 0000 90F86020 		ldrb	r2, [r0, #96]	@ zero_extendqisi2
 2794 0004 012A     		cmp	r2, #1
 2795 0006 74D0     		beq	.L196
1773:Drivers/STM32H7xx_HAL_Driver/Src/stm32h7xx_hal_dma2d.c ****   const DMA2D_LayerCfgTypeDef *pLayerCfg;
 2796              		.loc 1 1773 1 is_stmt 0 view .LVU868
 2797 0008 30B4     		push	{r4, r5}
 2798              	.LCFI48:
 2799              		.cfi_def_cfa_offset 8
 2800              		.cfi_offset 4, -8
 2801              		.cfi_offset 5, -4
 2802 000a 0346     		mov	r3, r0
1798:Drivers/STM32H7xx_HAL_Driver/Src/stm32h7xx_hal_dma2d.c **** 
 2803              		.loc 1 1798 3 is_stmt 1 discriminator 2 view .LVU869
 2804 000c 0122     		movs	r2, #1
 2805 000e 80F86020 		strb	r2, [r0, #96]
1798:Drivers/STM32H7xx_HAL_Driver/Src/stm32h7xx_hal_dma2d.c **** 
 2806              		.loc 1 1798 3 view .LVU870
1801:Drivers/STM32H7xx_HAL_Driver/Src/stm32h7xx_hal_dma2d.c **** 
 2807              		.loc 1 1801 3 view .LVU871
1801:Drivers/STM32H7xx_HAL_Driver/Src/stm32h7xx_hal_dma2d.c **** 
 2808              		.loc 1 1801 17 is_stmt 0 view .LVU872
 2809 0012 0222     		movs	r2, #2
 2810 0014 80F86120 		strb	r2, [r0, #97]
1803:Drivers/STM32H7xx_HAL_Driver/Src/stm32h7xx_hal_dma2d.c **** 
 2811              		.loc 1 1803 3 is_stmt 1 view .LVU873
 2812              	.LVL189:
1806:Drivers/STM32H7xx_HAL_Driver/Src/stm32h7xx_hal_dma2d.c ****              (pLayerCfg->AlphaInverted << DMA2D_BGPFCCR_AI_Pos) | (pLayerCfg->RedBlueSwap << DMA2D_
 2813              		.loc 1 1806 3 view .LVU874
1806:Drivers/STM32H7xx_HAL_Driver/Src/stm32h7xx_hal_dma2d.c ****              (pLayerCfg->AlphaInverted << DMA2D_BGPFCCR_AI_Pos) | (pLayerCfg->RedBlueSwap << DMA2D_
 2814              		.loc 1 1806 23 is_stmt 0 view .LVU875
 2815 0018 C1EBC100 		rsb	r0, r1, r1, lsl #3
 2816              	.LVL190:
1806:Drivers/STM32H7xx_HAL_Driver/Src/stm32h7xx_hal_dma2d.c ****              (pLayerCfg->AlphaInverted << DMA2D_BGPFCCR_AI_Pos) | (pLayerCfg->RedBlueSwap << DMA2D_
 2817              		.loc 1 1806 23 view .LVU876
 2818 001c 03EB8000 		add	r0, r3, r0, lsl #2
 2819 0020 C46A     		ldr	r4, [r0, #44]
1806:Drivers/STM32H7xx_HAL_Driver/Src/stm32h7xx_hal_dma2d.c ****              (pLayerCfg->AlphaInverted << DMA2D_BGPFCCR_AI_Pos) | (pLayerCfg->RedBlueSwap << DMA2D_
 2820              		.loc 1 1806 52 view .LVU877
 2821 0022 026B     		ldr	r2, [r0, #48]
1806:Drivers/STM32H7xx_HAL_Driver/Src/stm32h7xx_hal_dma2d.c ****              (pLayerCfg->AlphaInverted << DMA2D_BGPFCCR_AI_Pos) | (pLayerCfg->RedBlueSwap << DMA2D_
 2822              		.loc 1 1806 40 view .LVU878
 2823 0024 44EA0242 		orr	r2, r4, r2, lsl #16
1806:Drivers/STM32H7xx_HAL_Driver/Src/stm32h7xx_hal_dma2d.c ****              (pLayerCfg->AlphaInverted << DMA2D_BGPFCCR_AI_Pos) | (pLayerCfg->RedBlueSwap << DMA2D_
 2824              		.loc 1 1806 89 view .LVU879
 2825 0028 856B     		ldr	r5, [r0, #56]
 2826 002a 42EA0552 		orr	r2, r2, r5, lsl #20
1807:Drivers/STM32H7xx_HAL_Driver/Src/stm32h7xx_hal_dma2d.c ****   regMask  = (DMA2D_BGPFCCR_CM | DMA2D_BGPFCCR_AM | DMA2D_BGPFCCR_ALPHA | DMA2D_BGPFCCR_AI | DMA2D_
 2827              		.loc 1 1807 77 view .LVU880
ARM GAS  C:\msys64\tmp\ccU8cwaS.s 			page 103


 2828 002e C06B     		ldr	r0, [r0, #60]
1806:Drivers/STM32H7xx_HAL_Driver/Src/stm32h7xx_hal_dma2d.c ****              (pLayerCfg->AlphaInverted << DMA2D_BGPFCCR_AI_Pos) | (pLayerCfg->RedBlueSwap << DMA2D_
 2829              		.loc 1 1806 12 view .LVU881
 2830 0030 42EA4052 		orr	r2, r2, r0, lsl #21
 2831              	.LVL191:
1808:Drivers/STM32H7xx_HAL_Driver/Src/stm32h7xx_hal_dma2d.c **** 
 2832              		.loc 1 1808 3 is_stmt 1 view .LVU882
1811:Drivers/STM32H7xx_HAL_Driver/Src/stm32h7xx_hal_dma2d.c ****   {
 2833              		.loc 1 1811 3 view .LVU883
1811:Drivers/STM32H7xx_HAL_Driver/Src/stm32h7xx_hal_dma2d.c ****   {
 2834              		.loc 1 1811 53 is_stmt 0 view .LVU884
 2835 0034 A4F10900 		sub	r0, r4, #9
1811:Drivers/STM32H7xx_HAL_Driver/Src/stm32h7xx_hal_dma2d.c ****   {
 2836              		.loc 1 1811 6 view .LVU885
 2837 0038 0128     		cmp	r0, #1
 2838 003a 20D9     		bls	.L202
1817:Drivers/STM32H7xx_HAL_Driver/Src/stm32h7xx_hal_dma2d.c ****   }
 2839              		.loc 1 1817 5 is_stmt 1 view .LVU886
1817:Drivers/STM32H7xx_HAL_Driver/Src/stm32h7xx_hal_dma2d.c ****   }
 2840              		.loc 1 1817 27 is_stmt 0 view .LVU887
 2841 003c C1EBC100 		rsb	r0, r1, r1, lsl #3
 2842 0040 03EB8000 		add	r0, r3, r0, lsl #2
 2843 0044 406B     		ldr	r0, [r0, #52]
1817:Drivers/STM32H7xx_HAL_Driver/Src/stm32h7xx_hal_dma2d.c ****   }
 2844              		.loc 1 1817 14 view .LVU888
 2845 0046 42EA0062 		orr	r2, r2, r0, lsl #24
 2846              	.LVL192:
 2847              	.L192:
1821:Drivers/STM32H7xx_HAL_Driver/Src/stm32h7xx_hal_dma2d.c ****   {
 2848              		.loc 1 1821 3 is_stmt 1 view .LVU889
1821:Drivers/STM32H7xx_HAL_Driver/Src/stm32h7xx_hal_dma2d.c ****   {
 2849              		.loc 1 1821 6 is_stmt 0 view .LVU890
 2850 004a 59BB     		cbnz	r1, .L193
1824:Drivers/STM32H7xx_HAL_Driver/Src/stm32h7xx_hal_dma2d.c **** 
 2851              		.loc 1 1824 5 is_stmt 1 view .LVU891
 2852 004c 1C68     		ldr	r4, [r3]
 2853 004e 656A     		ldr	r5, [r4, #36]
 2854 0050 2948     		ldr	r0, .L205
 2855 0052 2840     		ands	r0, r0, r5
 2856 0054 1043     		orrs	r0, r0, r2
 2857 0056 6062     		str	r0, [r4, #36]
1827:Drivers/STM32H7xx_HAL_Driver/Src/stm32h7xx_hal_dma2d.c **** 
 2858              		.loc 1 1827 5 view .LVU892
 2859 0058 1868     		ldr	r0, [r3]
 2860 005a C1EBC102 		rsb	r2, r1, r1, lsl #3
 2861              	.LVL193:
1827:Drivers/STM32H7xx_HAL_Driver/Src/stm32h7xx_hal_dma2d.c **** 
 2862              		.loc 1 1827 5 is_stmt 0 view .LVU893
 2863 005e 03EB8202 		add	r2, r3, r2, lsl #2
 2864 0062 946A     		ldr	r4, [r2, #40]
 2865 0064 8461     		str	r4, [r0, #24]
1830:Drivers/STM32H7xx_HAL_Driver/Src/stm32h7xx_hal_dma2d.c ****     {
 2866              		.loc 1 1830 5 is_stmt 1 view .LVU894
1830:Drivers/STM32H7xx_HAL_Driver/Src/stm32h7xx_hal_dma2d.c ****     {
 2867              		.loc 1 1830 19 is_stmt 0 view .LVU895
 2868 0066 D26A     		ldr	r2, [r2, #44]
1830:Drivers/STM32H7xx_HAL_Driver/Src/stm32h7xx_hal_dma2d.c ****     {
ARM GAS  C:\msys64\tmp\ccU8cwaS.s 			page 104


 2869              		.loc 1 1830 55 view .LVU896
 2870 0068 093A     		subs	r2, r2, #9
1830:Drivers/STM32H7xx_HAL_Driver/Src/stm32h7xx_hal_dma2d.c ****     {
 2871              		.loc 1 1830 8 view .LVU897
 2872 006a 012A     		cmp	r2, #1
 2873 006c 10D9     		bls	.L203
 2874              	.LVL194:
 2875              	.L194:
1860:Drivers/STM32H7xx_HAL_Driver/Src/stm32h7xx_hal_dma2d.c **** 
 2876              		.loc 1 1860 3 is_stmt 1 view .LVU898
1860:Drivers/STM32H7xx_HAL_Driver/Src/stm32h7xx_hal_dma2d.c **** 
 2877              		.loc 1 1860 17 is_stmt 0 view .LVU899
 2878 006e 0122     		movs	r2, #1
 2879 0070 83F86120 		strb	r2, [r3, #97]
1863:Drivers/STM32H7xx_HAL_Driver/Src/stm32h7xx_hal_dma2d.c **** 
 2880              		.loc 1 1863 3 is_stmt 1 view .LVU900
1863:Drivers/STM32H7xx_HAL_Driver/Src/stm32h7xx_hal_dma2d.c **** 
 2881              		.loc 1 1863 3 view .LVU901
 2882 0074 0020     		movs	r0, #0
 2883 0076 83F86000 		strb	r0, [r3, #96]
1863:Drivers/STM32H7xx_HAL_Driver/Src/stm32h7xx_hal_dma2d.c **** 
 2884              		.loc 1 1863 3 view .LVU902
1865:Drivers/STM32H7xx_HAL_Driver/Src/stm32h7xx_hal_dma2d.c **** }
 2885              		.loc 1 1865 3 view .LVU903
1866:Drivers/STM32H7xx_HAL_Driver/Src/stm32h7xx_hal_dma2d.c **** 
 2886              		.loc 1 1866 1 is_stmt 0 view .LVU904
 2887 007a 30BC     		pop	{r4, r5}
 2888              	.LCFI49:
 2889              		.cfi_remember_state
 2890              		.cfi_restore 5
 2891              		.cfi_restore 4
 2892              		.cfi_def_cfa_offset 0
 2893 007c 7047     		bx	lr
 2894              	.LVL195:
 2895              	.L202:
 2896              	.LCFI50:
 2897              		.cfi_restore_state
1813:Drivers/STM32H7xx_HAL_Driver/Src/stm32h7xx_hal_dma2d.c ****   }
 2898              		.loc 1 1813 5 is_stmt 1 view .LVU905
1813:Drivers/STM32H7xx_HAL_Driver/Src/stm32h7xx_hal_dma2d.c ****   }
 2899              		.loc 1 1813 27 is_stmt 0 view .LVU906
 2900 007e C1EBC100 		rsb	r0, r1, r1, lsl #3
 2901 0082 03EB8000 		add	r0, r3, r0, lsl #2
 2902 0086 406B     		ldr	r0, [r0, #52]
1813:Drivers/STM32H7xx_HAL_Driver/Src/stm32h7xx_hal_dma2d.c ****   }
 2903              		.loc 1 1813 40 view .LVU907
 2904 0088 00F07F40 		and	r0, r0, #-16777216
1813:Drivers/STM32H7xx_HAL_Driver/Src/stm32h7xx_hal_dma2d.c ****   }
 2905              		.loc 1 1813 14 view .LVU908
 2906 008c 0243     		orrs	r2, r2, r0
 2907              	.LVL196:
1813:Drivers/STM32H7xx_HAL_Driver/Src/stm32h7xx_hal_dma2d.c ****   }
 2908              		.loc 1 1813 14 view .LVU909
 2909 008e DCE7     		b	.L192
 2910              	.LVL197:
 2911              	.L203:
1832:Drivers/STM32H7xx_HAL_Driver/Src/stm32h7xx_hal_dma2d.c ****                                                                    DMA2D_BGCOLR_RED));
ARM GAS  C:\msys64\tmp\ccU8cwaS.s 			page 105


 2912              		.loc 1 1832 7 is_stmt 1 view .LVU910
 2913 0090 C1EBC101 		rsb	r1, r1, r1, lsl #3
 2914              	.LVL198:
1832:Drivers/STM32H7xx_HAL_Driver/Src/stm32h7xx_hal_dma2d.c ****                                                                    DMA2D_BGCOLR_RED));
 2915              		.loc 1 1832 7 is_stmt 0 view .LVU911
 2916 0094 03EB8101 		add	r1, r3, r1, lsl #2
 2917 0098 4A6B     		ldr	r2, [r1, #52]
 2918 009a 1968     		ldr	r1, [r3]
 2919 009c 22F07F42 		bic	r2, r2, #-16777216
 2920 00a0 8A62     		str	r2, [r1, #40]
 2921 00a2 E4E7     		b	.L194
 2922              	.LVL199:
 2923              	.L193:
1840:Drivers/STM32H7xx_HAL_Driver/Src/stm32h7xx_hal_dma2d.c ****     {
 2924              		.loc 1 1840 5 is_stmt 1 view .LVU912
1840:Drivers/STM32H7xx_HAL_Driver/Src/stm32h7xx_hal_dma2d.c ****     {
 2925              		.loc 1 1840 8 is_stmt 0 view .LVU913
 2926 00a4 0B2C     		cmp	r4, #11
 2927 00a6 1BD0     		beq	.L204
1808:Drivers/STM32H7xx_HAL_Driver/Src/stm32h7xx_hal_dma2d.c **** 
 2928              		.loc 1 1808 12 view .LVU914
 2929 00a8 144D     		ldr	r5, .L205+4
 2930              	.LVL200:
 2931              	.L195:
1847:Drivers/STM32H7xx_HAL_Driver/Src/stm32h7xx_hal_dma2d.c **** 
 2932              		.loc 1 1847 5 is_stmt 1 view .LVU915
 2933 00aa 1C68     		ldr	r4, [r3]
 2934 00ac E069     		ldr	r0, [r4, #28]
 2935 00ae 20EA0500 		bic	r0, r0, r5
 2936 00b2 0243     		orrs	r2, r2, r0
 2937              	.LVL201:
1847:Drivers/STM32H7xx_HAL_Driver/Src/stm32h7xx_hal_dma2d.c **** 
 2938              		.loc 1 1847 5 is_stmt 0 view .LVU916
 2939 00b4 E261     		str	r2, [r4, #28]
1850:Drivers/STM32H7xx_HAL_Driver/Src/stm32h7xx_hal_dma2d.c **** 
 2940              		.loc 1 1850 5 is_stmt 1 view .LVU917
 2941 00b6 1868     		ldr	r0, [r3]
 2942 00b8 C1EBC102 		rsb	r2, r1, r1, lsl #3
 2943 00bc 03EB8202 		add	r2, r3, r2, lsl #2
 2944 00c0 946A     		ldr	r4, [r2, #40]
 2945 00c2 0461     		str	r4, [r0, #16]
1853:Drivers/STM32H7xx_HAL_Driver/Src/stm32h7xx_hal_dma2d.c ****     {
 2946              		.loc 1 1853 5 view .LVU918
1853:Drivers/STM32H7xx_HAL_Driver/Src/stm32h7xx_hal_dma2d.c ****     {
 2947              		.loc 1 1853 19 is_stmt 0 view .LVU919
 2948 00c4 D26A     		ldr	r2, [r2, #44]
1853:Drivers/STM32H7xx_HAL_Driver/Src/stm32h7xx_hal_dma2d.c ****     {
 2949              		.loc 1 1853 55 view .LVU920
 2950 00c6 093A     		subs	r2, r2, #9
1853:Drivers/STM32H7xx_HAL_Driver/Src/stm32h7xx_hal_dma2d.c ****     {
 2951              		.loc 1 1853 8 view .LVU921
 2952 00c8 012A     		cmp	r2, #1
 2953 00ca D0D8     		bhi	.L194
1855:Drivers/STM32H7xx_HAL_Driver/Src/stm32h7xx_hal_dma2d.c ****                                                                    DMA2D_FGCOLR_RED));
 2954              		.loc 1 1855 7 is_stmt 1 view .LVU922
 2955 00cc C1EBC101 		rsb	r1, r1, r1, lsl #3
 2956              	.LVL202:
ARM GAS  C:\msys64\tmp\ccU8cwaS.s 			page 106


1855:Drivers/STM32H7xx_HAL_Driver/Src/stm32h7xx_hal_dma2d.c ****                                                                    DMA2D_FGCOLR_RED));
 2957              		.loc 1 1855 7 is_stmt 0 view .LVU923
 2958 00d0 03EB8101 		add	r1, r3, r1, lsl #2
 2959 00d4 4A6B     		ldr	r2, [r1, #52]
 2960 00d6 1968     		ldr	r1, [r3]
 2961 00d8 22F07F42 		bic	r2, r2, #-16777216
 2962 00dc 0A62     		str	r2, [r1, #32]
 2963 00de C6E7     		b	.L194
 2964              	.LVL203:
 2965              	.L204:
1842:Drivers/STM32H7xx_HAL_Driver/Src/stm32h7xx_hal_dma2d.c ****       regMask  |= DMA2D_FGPFCCR_CSS;
 2966              		.loc 1 1842 7 is_stmt 1 view .LVU924
1842:Drivers/STM32H7xx_HAL_Driver/Src/stm32h7xx_hal_dma2d.c ****       regMask  |= DMA2D_FGPFCCR_CSS;
 2967              		.loc 1 1842 29 is_stmt 0 view .LVU925
 2968 00e0 C1EBC100 		rsb	r0, r1, r1, lsl #3
 2969 00e4 03EB8000 		add	r0, r3, r0, lsl #2
 2970 00e8 006C     		ldr	r0, [r0, #64]
1842:Drivers/STM32H7xx_HAL_Driver/Src/stm32h7xx_hal_dma2d.c ****       regMask  |= DMA2D_FGPFCCR_CSS;
 2971              		.loc 1 1842 16 view .LVU926
 2972 00ea 42EA8042 		orr	r2, r2, r0, lsl #18
 2973              	.LVL204:
1843:Drivers/STM32H7xx_HAL_Driver/Src/stm32h7xx_hal_dma2d.c ****     }
 2974              		.loc 1 1843 7 is_stmt 1 view .LVU927
1843:Drivers/STM32H7xx_HAL_Driver/Src/stm32h7xx_hal_dma2d.c ****     }
 2975              		.loc 1 1843 16 is_stmt 0 view .LVU928
 2976 00ee 044D     		ldr	r5, .L205+8
 2977 00f0 DBE7     		b	.L195
 2978              	.LVL205:
 2979              	.L196:
 2980              	.LCFI51:
 2981              		.cfi_def_cfa_offset 0
 2982              		.cfi_restore 4
 2983              		.cfi_restore 5
1798:Drivers/STM32H7xx_HAL_Driver/Src/stm32h7xx_hal_dma2d.c **** 
 2984              		.loc 1 1798 3 discriminator 1 view .LVU929
 2985 00f2 0220     		movs	r0, #2
 2986              	.LVL206:
1866:Drivers/STM32H7xx_HAL_Driver/Src/stm32h7xx_hal_dma2d.c **** 
 2987              		.loc 1 1866 1 view .LVU930
 2988 00f4 7047     		bx	lr
 2989              	.L206:
 2990 00f6 00BF     		.align	2
 2991              	.L205:
 2992 00f8 F0FFCC00 		.word	13434864
 2993 00fc 0F0033FF 		.word	-13434865
 2994 0100 0F003FFF 		.word	-12648433
 2995              		.cfi_endproc
 2996              	.LFE167:
 2998              		.section	.text.HAL_DMA2D_ConfigCLUT,"ax",%progbits
 2999              		.align	1
 3000              		.global	HAL_DMA2D_ConfigCLUT
 3001              		.syntax unified
 3002              		.thumb
 3003              		.thumb_func
 3005              	HAL_DMA2D_ConfigCLUT:
 3006              	.LVL207:
 3007              	.LFB168:
ARM GAS  C:\msys64\tmp\ccU8cwaS.s 			page 107


1883:Drivers/STM32H7xx_HAL_Driver/Src/stm32h7xx_hal_dma2d.c ****   /* Check the parameters */
 3008              		.loc 1 1883 1 is_stmt 1 view -0
 3009              		.cfi_startproc
 3010              		@ args = 4, pretend = 0, frame = 16
 3011              		@ frame_needed = 0, uses_anonymous_args = 0
 3012              		@ link register save eliminated.
1883:Drivers/STM32H7xx_HAL_Driver/Src/stm32h7xx_hal_dma2d.c ****   /* Check the parameters */
 3013              		.loc 1 1883 1 is_stmt 0 view .LVU932
 3014 0000 84B0     		sub	sp, sp, #16
 3015              	.LCFI52:
 3016              		.cfi_def_cfa_offset 16
 3017 0002 8446     		mov	ip, r0
 3018 0004 04A8     		add	r0, sp, #16
 3019              	.LVL208:
1883:Drivers/STM32H7xx_HAL_Driver/Src/stm32h7xx_hal_dma2d.c ****   /* Check the parameters */
 3020              		.loc 1 1883 1 view .LVU933
 3021 0006 00E90E00 		stmdb	r0, {r1, r2, r3}
1885:Drivers/STM32H7xx_HAL_Driver/Src/stm32h7xx_hal_dma2d.c ****   assert_param(IS_DMA2D_CLUT_CM(CLUTCfg.CLUTColorMode));
 3022              		.loc 1 1885 3 is_stmt 1 view .LVU934
1886:Drivers/STM32H7xx_HAL_Driver/Src/stm32h7xx_hal_dma2d.c ****   assert_param(IS_DMA2D_CLUT_SIZE(CLUTCfg.Size));
 3023              		.loc 1 1886 3 view .LVU935
1887:Drivers/STM32H7xx_HAL_Driver/Src/stm32h7xx_hal_dma2d.c **** 
 3024              		.loc 1 1887 3 view .LVU936
1890:Drivers/STM32H7xx_HAL_Driver/Src/stm32h7xx_hal_dma2d.c **** 
 3025              		.loc 1 1890 3 view .LVU937
1890:Drivers/STM32H7xx_HAL_Driver/Src/stm32h7xx_hal_dma2d.c **** 
 3026              		.loc 1 1890 3 view .LVU938
 3027 000a 9CF86030 		ldrb	r3, [ip, #96]	@ zero_extendqisi2
 3028 000e 012B     		cmp	r3, #1
 3029 0010 2FD0     		beq	.L211
1890:Drivers/STM32H7xx_HAL_Driver/Src/stm32h7xx_hal_dma2d.c **** 
 3030              		.loc 1 1890 3 discriminator 2 view .LVU939
 3031 0012 0123     		movs	r3, #1
 3032 0014 8CF86030 		strb	r3, [ip, #96]
1890:Drivers/STM32H7xx_HAL_Driver/Src/stm32h7xx_hal_dma2d.c **** 
 3033              		.loc 1 1890 3 view .LVU940
1893:Drivers/STM32H7xx_HAL_Driver/Src/stm32h7xx_hal_dma2d.c **** 
 3034              		.loc 1 1893 3 view .LVU941
1893:Drivers/STM32H7xx_HAL_Driver/Src/stm32h7xx_hal_dma2d.c **** 
 3035              		.loc 1 1893 17 is_stmt 0 view .LVU942
 3036 0018 0223     		movs	r3, #2
 3037 001a 8CF86130 		strb	r3, [ip, #97]
1896:Drivers/STM32H7xx_HAL_Driver/Src/stm32h7xx_hal_dma2d.c ****   {
 3038              		.loc 1 1896 3 is_stmt 1 view .LVU943
1896:Drivers/STM32H7xx_HAL_Driver/Src/stm32h7xx_hal_dma2d.c ****   {
 3039              		.loc 1 1896 6 is_stmt 0 view .LVU944
 3040 001e 049B     		ldr	r3, [sp, #16]
 3041 0020 B3B9     		cbnz	r3, .L209
1899:Drivers/STM32H7xx_HAL_Driver/Src/stm32h7xx_hal_dma2d.c **** 
 3042              		.loc 1 1899 5 is_stmt 1 view .LVU945
 3043 0022 DCF80030 		ldr	r3, [ip]
 3044 0026 1963     		str	r1, [r3, #48]
1902:Drivers/STM32H7xx_HAL_Driver/Src/stm32h7xx_hal_dma2d.c ****                ((CLUTCfg.Size << DMA2D_BGPFCCR_CS_Pos) | (CLUTCfg.CLUTColorMode << DMA2D_BGPFCCR_CC
 3045              		.loc 1 1902 5 view .LVU946
 3046 0028 DCF80010 		ldr	r1, [ip]
 3047 002c 4A6A     		ldr	r2, [r1, #36]
 3048 002e 124B     		ldr	r3, .L213
ARM GAS  C:\msys64\tmp\ccU8cwaS.s 			page 108


 3049 0030 1340     		ands	r3, r3, r2
 3050 0032 029A     		ldr	r2, [sp, #8]
 3051 0034 1201     		lsls	r2, r2, #4
 3052 0036 0398     		ldr	r0, [sp, #12]
 3053              	.LVL209:
1902:Drivers/STM32H7xx_HAL_Driver/Src/stm32h7xx_hal_dma2d.c ****                ((CLUTCfg.Size << DMA2D_BGPFCCR_CS_Pos) | (CLUTCfg.CLUTColorMode << DMA2D_BGPFCCR_CC
 3054              		.loc 1 1902 5 is_stmt 0 view .LVU947
 3055 0038 42EA0022 		orr	r2, r2, r0, lsl #8
 3056 003c 1343     		orrs	r3, r3, r2
 3057 003e 4B62     		str	r3, [r1, #36]
 3058              	.L210:
1917:Drivers/STM32H7xx_HAL_Driver/Src/stm32h7xx_hal_dma2d.c **** 
 3059              		.loc 1 1917 3 is_stmt 1 view .LVU948
1917:Drivers/STM32H7xx_HAL_Driver/Src/stm32h7xx_hal_dma2d.c **** 
 3060              		.loc 1 1917 17 is_stmt 0 view .LVU949
 3061 0040 0123     		movs	r3, #1
 3062 0042 8CF86130 		strb	r3, [ip, #97]
1920:Drivers/STM32H7xx_HAL_Driver/Src/stm32h7xx_hal_dma2d.c **** 
 3063              		.loc 1 1920 3 is_stmt 1 view .LVU950
1920:Drivers/STM32H7xx_HAL_Driver/Src/stm32h7xx_hal_dma2d.c **** 
 3064              		.loc 1 1920 3 view .LVU951
 3065 0046 0020     		movs	r0, #0
 3066 0048 8CF86000 		strb	r0, [ip, #96]
1920:Drivers/STM32H7xx_HAL_Driver/Src/stm32h7xx_hal_dma2d.c **** 
 3067              		.loc 1 1920 3 view .LVU952
1922:Drivers/STM32H7xx_HAL_Driver/Src/stm32h7xx_hal_dma2d.c **** }
 3068              		.loc 1 1922 3 view .LVU953
 3069              	.L208:
1923:Drivers/STM32H7xx_HAL_Driver/Src/stm32h7xx_hal_dma2d.c **** 
 3070              		.loc 1 1923 1 is_stmt 0 view .LVU954
 3071 004c 04B0     		add	sp, sp, #16
 3072              	.LCFI53:
 3073              		.cfi_remember_state
 3074              		.cfi_def_cfa_offset 0
 3075              	.LVL210:
1923:Drivers/STM32H7xx_HAL_Driver/Src/stm32h7xx_hal_dma2d.c **** 
 3076              		.loc 1 1923 1 view .LVU955
 3077              		@ sp needed
 3078 004e 7047     		bx	lr
 3079              	.LVL211:
 3080              	.L209:
 3081              	.LCFI54:
 3082              		.cfi_restore_state
1909:Drivers/STM32H7xx_HAL_Driver/Src/stm32h7xx_hal_dma2d.c **** 
 3083              		.loc 1 1909 5 is_stmt 1 view .LVU956
 3084 0050 DCF80030 		ldr	r3, [ip]
 3085              	.LVL212:
1909:Drivers/STM32H7xx_HAL_Driver/Src/stm32h7xx_hal_dma2d.c **** 
 3086              		.loc 1 1909 5 is_stmt 0 view .LVU957
 3087 0054 019A     		ldr	r2, [sp, #4]
 3088 0056 DA62     		str	r2, [r3, #44]
1912:Drivers/STM32H7xx_HAL_Driver/Src/stm32h7xx_hal_dma2d.c ****                ((CLUTCfg.Size << DMA2D_FGPFCCR_CS_Pos) | (CLUTCfg.CLUTColorMode << DMA2D_FGPFCCR_CC
 3089              		.loc 1 1912 5 is_stmt 1 view .LVU958
 3090 0058 DCF80010 		ldr	r1, [ip]
 3091 005c CA69     		ldr	r2, [r1, #28]
 3092 005e 064B     		ldr	r3, .L213
 3093 0060 1340     		ands	r3, r3, r2
ARM GAS  C:\msys64\tmp\ccU8cwaS.s 			page 109


 3094 0062 029A     		ldr	r2, [sp, #8]
 3095 0064 1201     		lsls	r2, r2, #4
 3096 0066 0398     		ldr	r0, [sp, #12]
 3097              	.LVL213:
1912:Drivers/STM32H7xx_HAL_Driver/Src/stm32h7xx_hal_dma2d.c ****                ((CLUTCfg.Size << DMA2D_FGPFCCR_CS_Pos) | (CLUTCfg.CLUTColorMode << DMA2D_FGPFCCR_CC
 3098              		.loc 1 1912 5 is_stmt 0 view .LVU959
 3099 0068 42EA0022 		orr	r2, r2, r0, lsl #8
 3100 006c 1343     		orrs	r3, r3, r2
 3101 006e CB61     		str	r3, [r1, #28]
 3102 0070 E6E7     		b	.L210
 3103              	.LVL214:
 3104              	.L211:
1890:Drivers/STM32H7xx_HAL_Driver/Src/stm32h7xx_hal_dma2d.c **** 
 3105              		.loc 1 1890 3 discriminator 1 view .LVU960
 3106 0072 0220     		movs	r0, #2
 3107              	.LVL215:
1890:Drivers/STM32H7xx_HAL_Driver/Src/stm32h7xx_hal_dma2d.c **** 
 3108              		.loc 1 1890 3 discriminator 1 view .LVU961
 3109 0074 EAE7     		b	.L208
 3110              	.L214:
 3111 0076 00BF     		.align	2
 3112              	.L213:
 3113 0078 EF00FFFF 		.word	-65297
 3114              		.cfi_endproc
 3115              	.LFE168:
 3117              		.section	.text.HAL_DMA2D_ProgramLineEvent,"ax",%progbits
 3118              		.align	1
 3119              		.global	HAL_DMA2D_ProgramLineEvent
 3120              		.syntax unified
 3121              		.thumb
 3122              		.thumb_func
 3124              	HAL_DMA2D_ProgramLineEvent:
 3125              	.LVL216:
 3126              	.LFB169:
1937:Drivers/STM32H7xx_HAL_Driver/Src/stm32h7xx_hal_dma2d.c ****   /* Check the parameters */
 3127              		.loc 1 1937 1 is_stmt 1 view -0
 3128              		.cfi_startproc
 3129              		@ args = 0, pretend = 0, frame = 0
 3130              		@ frame_needed = 0, uses_anonymous_args = 0
 3131              		@ link register save eliminated.
1939:Drivers/STM32H7xx_HAL_Driver/Src/stm32h7xx_hal_dma2d.c ****   {
 3132              		.loc 1 1939 3 view .LVU963
1939:Drivers/STM32H7xx_HAL_Driver/Src/stm32h7xx_hal_dma2d.c ****   {
 3133              		.loc 1 1939 6 is_stmt 0 view .LVU964
 3134 0000 B1F5803F 		cmp	r1, #65536
 3135 0004 17D2     		bcs	.L217
1946:Drivers/STM32H7xx_HAL_Driver/Src/stm32h7xx_hal_dma2d.c **** 
 3136              		.loc 1 1946 5 is_stmt 1 view .LVU965
1946:Drivers/STM32H7xx_HAL_Driver/Src/stm32h7xx_hal_dma2d.c **** 
 3137              		.loc 1 1946 5 view .LVU966
 3138 0006 90F86030 		ldrb	r3, [r0, #96]	@ zero_extendqisi2
 3139 000a 012B     		cmp	r3, #1
 3140 000c 15D0     		beq	.L218
1946:Drivers/STM32H7xx_HAL_Driver/Src/stm32h7xx_hal_dma2d.c **** 
 3141              		.loc 1 1946 5 discriminator 2 view .LVU967
 3142 000e 0122     		movs	r2, #1
 3143 0010 80F86020 		strb	r2, [r0, #96]
ARM GAS  C:\msys64\tmp\ccU8cwaS.s 			page 110


1946:Drivers/STM32H7xx_HAL_Driver/Src/stm32h7xx_hal_dma2d.c **** 
 3144              		.loc 1 1946 5 view .LVU968
1949:Drivers/STM32H7xx_HAL_Driver/Src/stm32h7xx_hal_dma2d.c **** 
 3145              		.loc 1 1949 5 view .LVU969
1949:Drivers/STM32H7xx_HAL_Driver/Src/stm32h7xx_hal_dma2d.c **** 
 3146              		.loc 1 1949 19 is_stmt 0 view .LVU970
 3147 0014 0223     		movs	r3, #2
 3148 0016 80F86130 		strb	r3, [r0, #97]
1952:Drivers/STM32H7xx_HAL_Driver/Src/stm32h7xx_hal_dma2d.c **** 
 3149              		.loc 1 1952 5 is_stmt 1 view .LVU971
 3150 001a 0368     		ldr	r3, [r0]
 3151 001c 9964     		str	r1, [r3, #72]
1955:Drivers/STM32H7xx_HAL_Driver/Src/stm32h7xx_hal_dma2d.c **** 
 3152              		.loc 1 1955 5 view .LVU972
 3153 001e 0168     		ldr	r1, [r0]
 3154              	.LVL217:
1955:Drivers/STM32H7xx_HAL_Driver/Src/stm32h7xx_hal_dma2d.c **** 
 3155              		.loc 1 1955 5 is_stmt 0 view .LVU973
 3156 0020 0B68     		ldr	r3, [r1]
 3157              	.LVL218:
1955:Drivers/STM32H7xx_HAL_Driver/Src/stm32h7xx_hal_dma2d.c **** 
 3158              		.loc 1 1955 5 view .LVU974
 3159 0022 43F48063 		orr	r3, r3, #1024
 3160 0026 0B60     		str	r3, [r1]
1958:Drivers/STM32H7xx_HAL_Driver/Src/stm32h7xx_hal_dma2d.c **** 
 3161              		.loc 1 1958 5 is_stmt 1 view .LVU975
1958:Drivers/STM32H7xx_HAL_Driver/Src/stm32h7xx_hal_dma2d.c **** 
 3162              		.loc 1 1958 19 is_stmt 0 view .LVU976
 3163 0028 80F86120 		strb	r2, [r0, #97]
1961:Drivers/STM32H7xx_HAL_Driver/Src/stm32h7xx_hal_dma2d.c **** 
 3164              		.loc 1 1961 5 is_stmt 1 view .LVU977
1961:Drivers/STM32H7xx_HAL_Driver/Src/stm32h7xx_hal_dma2d.c **** 
 3165              		.loc 1 1961 5 view .LVU978
 3166 002c 0023     		movs	r3, #0
 3167 002e 80F86030 		strb	r3, [r0, #96]
1961:Drivers/STM32H7xx_HAL_Driver/Src/stm32h7xx_hal_dma2d.c **** 
 3168              		.loc 1 1961 5 view .LVU979
1963:Drivers/STM32H7xx_HAL_Driver/Src/stm32h7xx_hal_dma2d.c ****   }
 3169              		.loc 1 1963 5 view .LVU980
1963:Drivers/STM32H7xx_HAL_Driver/Src/stm32h7xx_hal_dma2d.c ****   }
 3170              		.loc 1 1963 12 is_stmt 0 view .LVU981
 3171 0032 1846     		mov	r0, r3
 3172              	.LVL219:
1963:Drivers/STM32H7xx_HAL_Driver/Src/stm32h7xx_hal_dma2d.c ****   }
 3173              		.loc 1 1963 12 view .LVU982
 3174 0034 7047     		bx	lr
 3175              	.LVL220:
 3176              	.L217:
1941:Drivers/STM32H7xx_HAL_Driver/Src/stm32h7xx_hal_dma2d.c ****   }
 3177              		.loc 1 1941 12 view .LVU983
 3178 0036 0120     		movs	r0, #1
 3179              	.LVL221:
1941:Drivers/STM32H7xx_HAL_Driver/Src/stm32h7xx_hal_dma2d.c ****   }
 3180              		.loc 1 1941 12 view .LVU984
 3181 0038 7047     		bx	lr
 3182              	.LVL222:
 3183              	.L218:
ARM GAS  C:\msys64\tmp\ccU8cwaS.s 			page 111


1946:Drivers/STM32H7xx_HAL_Driver/Src/stm32h7xx_hal_dma2d.c **** 
 3184              		.loc 1 1946 5 discriminator 1 view .LVU985
 3185 003a 0220     		movs	r0, #2
 3186              	.LVL223:
1965:Drivers/STM32H7xx_HAL_Driver/Src/stm32h7xx_hal_dma2d.c **** 
 3187              		.loc 1 1965 1 view .LVU986
 3188 003c 7047     		bx	lr
 3189              		.cfi_endproc
 3190              	.LFE169:
 3192              		.section	.text.HAL_DMA2D_EnableDeadTime,"ax",%progbits
 3193              		.align	1
 3194              		.global	HAL_DMA2D_EnableDeadTime
 3195              		.syntax unified
 3196              		.thumb
 3197              		.thumb_func
 3199              	HAL_DMA2D_EnableDeadTime:
 3200              	.LVL224:
 3201              	.LFB170:
1973:Drivers/STM32H7xx_HAL_Driver/Src/stm32h7xx_hal_dma2d.c ****   /* Process Locked */
 3202              		.loc 1 1973 1 is_stmt 1 view -0
 3203              		.cfi_startproc
 3204              		@ args = 0, pretend = 0, frame = 0
 3205              		@ frame_needed = 0, uses_anonymous_args = 0
 3206              		@ link register save eliminated.
1975:Drivers/STM32H7xx_HAL_Driver/Src/stm32h7xx_hal_dma2d.c **** 
 3207              		.loc 1 1975 3 view .LVU988
1975:Drivers/STM32H7xx_HAL_Driver/Src/stm32h7xx_hal_dma2d.c **** 
 3208              		.loc 1 1975 3 view .LVU989
 3209 0000 90F86030 		ldrb	r3, [r0, #96]	@ zero_extendqisi2
 3210 0004 012B     		cmp	r3, #1
 3211 0006 10D0     		beq	.L221
1975:Drivers/STM32H7xx_HAL_Driver/Src/stm32h7xx_hal_dma2d.c **** 
 3212              		.loc 1 1975 3 discriminator 2 view .LVU990
 3213 0008 0122     		movs	r2, #1
 3214 000a 80F86020 		strb	r2, [r0, #96]
1975:Drivers/STM32H7xx_HAL_Driver/Src/stm32h7xx_hal_dma2d.c **** 
 3215              		.loc 1 1975 3 view .LVU991
1977:Drivers/STM32H7xx_HAL_Driver/Src/stm32h7xx_hal_dma2d.c **** 
 3216              		.loc 1 1977 3 view .LVU992
1977:Drivers/STM32H7xx_HAL_Driver/Src/stm32h7xx_hal_dma2d.c **** 
 3217              		.loc 1 1977 17 is_stmt 0 view .LVU993
 3218 000e 0223     		movs	r3, #2
 3219 0010 80F86130 		strb	r3, [r0, #97]
1980:Drivers/STM32H7xx_HAL_Driver/Src/stm32h7xx_hal_dma2d.c **** 
 3220              		.loc 1 1980 3 is_stmt 1 view .LVU994
 3221 0014 0168     		ldr	r1, [r0]
 3222 0016 CB6C     		ldr	r3, [r1, #76]
 3223 0018 1343     		orrs	r3, r3, r2
 3224 001a CB64     		str	r3, [r1, #76]
1982:Drivers/STM32H7xx_HAL_Driver/Src/stm32h7xx_hal_dma2d.c **** 
 3225              		.loc 1 1982 3 view .LVU995
1982:Drivers/STM32H7xx_HAL_Driver/Src/stm32h7xx_hal_dma2d.c **** 
 3226              		.loc 1 1982 17 is_stmt 0 view .LVU996
 3227 001c 80F86120 		strb	r2, [r0, #97]
1985:Drivers/STM32H7xx_HAL_Driver/Src/stm32h7xx_hal_dma2d.c **** 
 3228              		.loc 1 1985 3 is_stmt 1 view .LVU997
1985:Drivers/STM32H7xx_HAL_Driver/Src/stm32h7xx_hal_dma2d.c **** 
ARM GAS  C:\msys64\tmp\ccU8cwaS.s 			page 112


 3229              		.loc 1 1985 3 view .LVU998
 3230 0020 0023     		movs	r3, #0
 3231 0022 80F86030 		strb	r3, [r0, #96]
1985:Drivers/STM32H7xx_HAL_Driver/Src/stm32h7xx_hal_dma2d.c **** 
 3232              		.loc 1 1985 3 view .LVU999
1987:Drivers/STM32H7xx_HAL_Driver/Src/stm32h7xx_hal_dma2d.c **** }
 3233              		.loc 1 1987 3 view .LVU1000
1987:Drivers/STM32H7xx_HAL_Driver/Src/stm32h7xx_hal_dma2d.c **** }
 3234              		.loc 1 1987 10 is_stmt 0 view .LVU1001
 3235 0026 1846     		mov	r0, r3
 3236              	.LVL225:
1987:Drivers/STM32H7xx_HAL_Driver/Src/stm32h7xx_hal_dma2d.c **** }
 3237              		.loc 1 1987 10 view .LVU1002
 3238 0028 7047     		bx	lr
 3239              	.LVL226:
 3240              	.L221:
1975:Drivers/STM32H7xx_HAL_Driver/Src/stm32h7xx_hal_dma2d.c **** 
 3241              		.loc 1 1975 3 discriminator 1 view .LVU1003
 3242 002a 0220     		movs	r0, #2
 3243              	.LVL227:
1988:Drivers/STM32H7xx_HAL_Driver/Src/stm32h7xx_hal_dma2d.c **** 
 3244              		.loc 1 1988 1 view .LVU1004
 3245 002c 7047     		bx	lr
 3246              		.cfi_endproc
 3247              	.LFE170:
 3249              		.section	.text.HAL_DMA2D_DisableDeadTime,"ax",%progbits
 3250              		.align	1
 3251              		.global	HAL_DMA2D_DisableDeadTime
 3252              		.syntax unified
 3253              		.thumb
 3254              		.thumb_func
 3256              	HAL_DMA2D_DisableDeadTime:
 3257              	.LVL228:
 3258              	.LFB171:
1996:Drivers/STM32H7xx_HAL_Driver/Src/stm32h7xx_hal_dma2d.c ****   /* Process Locked */
 3259              		.loc 1 1996 1 is_stmt 1 view -0
 3260              		.cfi_startproc
 3261              		@ args = 0, pretend = 0, frame = 0
 3262              		@ frame_needed = 0, uses_anonymous_args = 0
 3263              		@ link register save eliminated.
1998:Drivers/STM32H7xx_HAL_Driver/Src/stm32h7xx_hal_dma2d.c **** 
 3264              		.loc 1 1998 3 view .LVU1006
1998:Drivers/STM32H7xx_HAL_Driver/Src/stm32h7xx_hal_dma2d.c **** 
 3265              		.loc 1 1998 3 view .LVU1007
 3266 0000 90F86030 		ldrb	r3, [r0, #96]	@ zero_extendqisi2
 3267 0004 012B     		cmp	r3, #1
 3268 0006 11D0     		beq	.L224
1998:Drivers/STM32H7xx_HAL_Driver/Src/stm32h7xx_hal_dma2d.c **** 
 3269              		.loc 1 1998 3 discriminator 2 view .LVU1008
 3270 0008 0122     		movs	r2, #1
 3271 000a 80F86020 		strb	r2, [r0, #96]
1998:Drivers/STM32H7xx_HAL_Driver/Src/stm32h7xx_hal_dma2d.c **** 
 3272              		.loc 1 1998 3 view .LVU1009
2000:Drivers/STM32H7xx_HAL_Driver/Src/stm32h7xx_hal_dma2d.c **** 
 3273              		.loc 1 2000 3 view .LVU1010
2000:Drivers/STM32H7xx_HAL_Driver/Src/stm32h7xx_hal_dma2d.c **** 
 3274              		.loc 1 2000 17 is_stmt 0 view .LVU1011
ARM GAS  C:\msys64\tmp\ccU8cwaS.s 			page 113


 3275 000e 0223     		movs	r3, #2
 3276 0010 80F86130 		strb	r3, [r0, #97]
2003:Drivers/STM32H7xx_HAL_Driver/Src/stm32h7xx_hal_dma2d.c **** 
 3277              		.loc 1 2003 3 is_stmt 1 view .LVU1012
 3278 0014 0168     		ldr	r1, [r0]
 3279 0016 CB6C     		ldr	r3, [r1, #76]
 3280 0018 23F00103 		bic	r3, r3, #1
 3281 001c CB64     		str	r3, [r1, #76]
2005:Drivers/STM32H7xx_HAL_Driver/Src/stm32h7xx_hal_dma2d.c **** 
 3282              		.loc 1 2005 3 view .LVU1013
2005:Drivers/STM32H7xx_HAL_Driver/Src/stm32h7xx_hal_dma2d.c **** 
 3283              		.loc 1 2005 17 is_stmt 0 view .LVU1014
 3284 001e 80F86120 		strb	r2, [r0, #97]
2008:Drivers/STM32H7xx_HAL_Driver/Src/stm32h7xx_hal_dma2d.c **** 
 3285              		.loc 1 2008 3 is_stmt 1 view .LVU1015
2008:Drivers/STM32H7xx_HAL_Driver/Src/stm32h7xx_hal_dma2d.c **** 
 3286              		.loc 1 2008 3 view .LVU1016
 3287 0022 0023     		movs	r3, #0
 3288 0024 80F86030 		strb	r3, [r0, #96]
2008:Drivers/STM32H7xx_HAL_Driver/Src/stm32h7xx_hal_dma2d.c **** 
 3289              		.loc 1 2008 3 view .LVU1017
2010:Drivers/STM32H7xx_HAL_Driver/Src/stm32h7xx_hal_dma2d.c **** }
 3290              		.loc 1 2010 3 view .LVU1018
2010:Drivers/STM32H7xx_HAL_Driver/Src/stm32h7xx_hal_dma2d.c **** }
 3291              		.loc 1 2010 10 is_stmt 0 view .LVU1019
 3292 0028 1846     		mov	r0, r3
 3293              	.LVL229:
2010:Drivers/STM32H7xx_HAL_Driver/Src/stm32h7xx_hal_dma2d.c **** }
 3294              		.loc 1 2010 10 view .LVU1020
 3295 002a 7047     		bx	lr
 3296              	.LVL230:
 3297              	.L224:
1998:Drivers/STM32H7xx_HAL_Driver/Src/stm32h7xx_hal_dma2d.c **** 
 3298              		.loc 1 1998 3 discriminator 1 view .LVU1021
 3299 002c 0220     		movs	r0, #2
 3300              	.LVL231:
2011:Drivers/STM32H7xx_HAL_Driver/Src/stm32h7xx_hal_dma2d.c **** 
 3301              		.loc 1 2011 1 view .LVU1022
 3302 002e 7047     		bx	lr
 3303              		.cfi_endproc
 3304              	.LFE171:
 3306              		.section	.text.HAL_DMA2D_ConfigDeadTime,"ax",%progbits
 3307              		.align	1
 3308              		.global	HAL_DMA2D_ConfigDeadTime
 3309              		.syntax unified
 3310              		.thumb
 3311              		.thumb_func
 3313              	HAL_DMA2D_ConfigDeadTime:
 3314              	.LVL232:
 3315              	.LFB172:
2022:Drivers/STM32H7xx_HAL_Driver/Src/stm32h7xx_hal_dma2d.c ****   /* Process Locked */
 3316              		.loc 1 2022 1 is_stmt 1 view -0
 3317              		.cfi_startproc
 3318              		@ args = 0, pretend = 0, frame = 0
 3319              		@ frame_needed = 0, uses_anonymous_args = 0
 3320              		@ link register save eliminated.
2024:Drivers/STM32H7xx_HAL_Driver/Src/stm32h7xx_hal_dma2d.c **** 
ARM GAS  C:\msys64\tmp\ccU8cwaS.s 			page 114


 3321              		.loc 1 2024 3 view .LVU1024
2024:Drivers/STM32H7xx_HAL_Driver/Src/stm32h7xx_hal_dma2d.c **** 
 3322              		.loc 1 2024 3 view .LVU1025
 3323 0000 90F86030 		ldrb	r3, [r0, #96]	@ zero_extendqisi2
 3324 0004 012B     		cmp	r3, #1
 3325 0006 16D0     		beq	.L227
2022:Drivers/STM32H7xx_HAL_Driver/Src/stm32h7xx_hal_dma2d.c ****   /* Process Locked */
 3326              		.loc 1 2022 1 is_stmt 0 view .LVU1026
 3327 0008 10B4     		push	{r4}
 3328              	.LCFI55:
 3329              		.cfi_def_cfa_offset 4
 3330              		.cfi_offset 4, -4
2024:Drivers/STM32H7xx_HAL_Driver/Src/stm32h7xx_hal_dma2d.c **** 
 3331              		.loc 1 2024 3 is_stmt 1 discriminator 2 view .LVU1027
 3332 000a 0122     		movs	r2, #1
 3333 000c 80F86020 		strb	r2, [r0, #96]
2024:Drivers/STM32H7xx_HAL_Driver/Src/stm32h7xx_hal_dma2d.c **** 
 3334              		.loc 1 2024 3 view .LVU1028
2026:Drivers/STM32H7xx_HAL_Driver/Src/stm32h7xx_hal_dma2d.c **** 
 3335              		.loc 1 2026 3 view .LVU1029
2026:Drivers/STM32H7xx_HAL_Driver/Src/stm32h7xx_hal_dma2d.c **** 
 3336              		.loc 1 2026 17 is_stmt 0 view .LVU1030
 3337 0010 0223     		movs	r3, #2
 3338 0012 80F86130 		strb	r3, [r0, #97]
2029:Drivers/STM32H7xx_HAL_Driver/Src/stm32h7xx_hal_dma2d.c **** 
 3339              		.loc 1 2029 3 is_stmt 1 view .LVU1031
 3340 0016 0468     		ldr	r4, [r0]
 3341 0018 E36C     		ldr	r3, [r4, #76]
 3342 001a 23F47F43 		bic	r3, r3, #65280
 3343 001e 43EA0121 		orr	r1, r3, r1, lsl #8
 3344              	.LVL233:
2029:Drivers/STM32H7xx_HAL_Driver/Src/stm32h7xx_hal_dma2d.c **** 
 3345              		.loc 1 2029 3 is_stmt 0 view .LVU1032
 3346 0022 E164     		str	r1, [r4, #76]
2031:Drivers/STM32H7xx_HAL_Driver/Src/stm32h7xx_hal_dma2d.c **** 
 3347              		.loc 1 2031 3 is_stmt 1 view .LVU1033
2031:Drivers/STM32H7xx_HAL_Driver/Src/stm32h7xx_hal_dma2d.c **** 
 3348              		.loc 1 2031 17 is_stmt 0 view .LVU1034
 3349 0024 80F86120 		strb	r2, [r0, #97]
2034:Drivers/STM32H7xx_HAL_Driver/Src/stm32h7xx_hal_dma2d.c **** 
 3350              		.loc 1 2034 3 is_stmt 1 view .LVU1035
2034:Drivers/STM32H7xx_HAL_Driver/Src/stm32h7xx_hal_dma2d.c **** 
 3351              		.loc 1 2034 3 view .LVU1036
 3352 0028 0023     		movs	r3, #0
 3353 002a 80F86030 		strb	r3, [r0, #96]
2034:Drivers/STM32H7xx_HAL_Driver/Src/stm32h7xx_hal_dma2d.c **** 
 3354              		.loc 1 2034 3 view .LVU1037
2036:Drivers/STM32H7xx_HAL_Driver/Src/stm32h7xx_hal_dma2d.c **** }
 3355              		.loc 1 2036 3 view .LVU1038
2036:Drivers/STM32H7xx_HAL_Driver/Src/stm32h7xx_hal_dma2d.c **** }
 3356              		.loc 1 2036 10 is_stmt 0 view .LVU1039
 3357 002e 1846     		mov	r0, r3
 3358              	.LVL234:
2037:Drivers/STM32H7xx_HAL_Driver/Src/stm32h7xx_hal_dma2d.c **** 
 3359              		.loc 1 2037 1 view .LVU1040
 3360 0030 5DF8044B 		ldr	r4, [sp], #4
 3361              	.LCFI56:
ARM GAS  C:\msys64\tmp\ccU8cwaS.s 			page 115


 3362              		.cfi_restore 4
 3363              		.cfi_def_cfa_offset 0
 3364 0034 7047     		bx	lr
 3365              	.LVL235:
 3366              	.L227:
2024:Drivers/STM32H7xx_HAL_Driver/Src/stm32h7xx_hal_dma2d.c **** 
 3367              		.loc 1 2024 3 discriminator 1 view .LVU1041
 3368 0036 0220     		movs	r0, #2
 3369              	.LVL236:
2037:Drivers/STM32H7xx_HAL_Driver/Src/stm32h7xx_hal_dma2d.c **** 
 3370              		.loc 1 2037 1 view .LVU1042
 3371 0038 7047     		bx	lr
 3372              		.cfi_endproc
 3373              	.LFE172:
 3375              		.section	.text.HAL_DMA2D_GetState,"ax",%progbits
 3376              		.align	1
 3377              		.global	HAL_DMA2D_GetState
 3378              		.syntax unified
 3379              		.thumb
 3380              		.thumb_func
 3382              	HAL_DMA2D_GetState:
 3383              	.LVL237:
 3384              	.LFB173:
2067:Drivers/STM32H7xx_HAL_Driver/Src/stm32h7xx_hal_dma2d.c ****   return hdma2d->State;
 3385              		.loc 1 2067 1 is_stmt 1 view -0
 3386              		.cfi_startproc
 3387              		@ args = 0, pretend = 0, frame = 0
 3388              		@ frame_needed = 0, uses_anonymous_args = 0
 3389              		@ link register save eliminated.
2068:Drivers/STM32H7xx_HAL_Driver/Src/stm32h7xx_hal_dma2d.c **** }
 3390              		.loc 1 2068 3 view .LVU1044
2068:Drivers/STM32H7xx_HAL_Driver/Src/stm32h7xx_hal_dma2d.c **** }
 3391              		.loc 1 2068 16 is_stmt 0 view .LVU1045
 3392 0000 90F86100 		ldrb	r0, [r0, #97]	@ zero_extendqisi2
 3393              	.LVL238:
2069:Drivers/STM32H7xx_HAL_Driver/Src/stm32h7xx_hal_dma2d.c **** 
 3394              		.loc 1 2069 1 view .LVU1046
 3395 0004 7047     		bx	lr
 3396              		.cfi_endproc
 3397              	.LFE173:
 3399              		.section	.text.HAL_DMA2D_GetError,"ax",%progbits
 3400              		.align	1
 3401              		.global	HAL_DMA2D_GetError
 3402              		.syntax unified
 3403              		.thumb
 3404              		.thumb_func
 3406              	HAL_DMA2D_GetError:
 3407              	.LVL239:
 3408              	.LFB174:
2078:Drivers/STM32H7xx_HAL_Driver/Src/stm32h7xx_hal_dma2d.c ****   return hdma2d->ErrorCode;
 3409              		.loc 1 2078 1 is_stmt 1 view -0
 3410              		.cfi_startproc
 3411              		@ args = 0, pretend = 0, frame = 0
 3412              		@ frame_needed = 0, uses_anonymous_args = 0
 3413              		@ link register save eliminated.
2079:Drivers/STM32H7xx_HAL_Driver/Src/stm32h7xx_hal_dma2d.c **** }
 3414              		.loc 1 2079 3 view .LVU1048
ARM GAS  C:\msys64\tmp\ccU8cwaS.s 			page 116


2079:Drivers/STM32H7xx_HAL_Driver/Src/stm32h7xx_hal_dma2d.c **** }
 3415              		.loc 1 2079 16 is_stmt 0 view .LVU1049
 3416 0000 406E     		ldr	r0, [r0, #100]
 3417              	.LVL240:
2080:Drivers/STM32H7xx_HAL_Driver/Src/stm32h7xx_hal_dma2d.c **** 
 3418              		.loc 1 2080 1 view .LVU1050
 3419 0002 7047     		bx	lr
 3420              		.cfi_endproc
 3421              	.LFE174:
 3423              		.text
 3424              	.Letext0:
 3425              		.file 2 "C:/Program Files (x86)/Arm GNU Toolchain arm-none-eabi/14.3 rel1/arm-none-eabi/include/ma
 3426              		.file 3 "C:/Program Files (x86)/Arm GNU Toolchain arm-none-eabi/14.3 rel1/arm-none-eabi/include/sy
 3427              		.file 4 "Drivers/CMSIS/Device/ST/STM32H7xx/Include/stm32h723xx.h"
 3428              		.file 5 "Drivers/STM32H7xx_HAL_Driver/Inc/stm32h7xx_hal_def.h"
 3429              		.file 6 "Drivers/STM32H7xx_HAL_Driver/Inc/stm32h7xx_hal_dma2d.h"
 3430              		.file 7 "Drivers/STM32H7xx_HAL_Driver/Inc/stm32h7xx_hal.h"
ARM GAS  C:\msys64\tmp\ccU8cwaS.s 			page 117


DEFINED SYMBOLS
                            *ABS*:00000000 stm32h7xx_hal_dma2d.c
C:\msys64\tmp\ccU8cwaS.s:20     .text.DMA2D_SetConfig:00000000 $t
C:\msys64\tmp\ccU8cwaS.s:25     .text.DMA2D_SetConfig:00000000 DMA2D_SetConfig
C:\msys64\tmp\ccU8cwaS.s:99     .text.DMA2D_SetConfig:00000046 $d
C:\msys64\tmp\ccU8cwaS.s:103    .text.DMA2D_SetConfig:0000004a $t
C:\msys64\tmp\ccU8cwaS.s:203    .text.HAL_DMA2D_MspInit:00000000 $t
C:\msys64\tmp\ccU8cwaS.s:209    .text.HAL_DMA2D_MspInit:00000000 HAL_DMA2D_MspInit
C:\msys64\tmp\ccU8cwaS.s:224    .text.HAL_DMA2D_Init:00000000 $t
C:\msys64\tmp\ccU8cwaS.s:230    .text.HAL_DMA2D_Init:00000000 HAL_DMA2D_Init
C:\msys64\tmp\ccU8cwaS.s:340    .text.HAL_DMA2D_Init:00000078 $d
C:\msys64\tmp\ccU8cwaS.s:346    .text.HAL_DMA2D_MspDeInit:00000000 $t
C:\msys64\tmp\ccU8cwaS.s:352    .text.HAL_DMA2D_MspDeInit:00000000 HAL_DMA2D_MspDeInit
C:\msys64\tmp\ccU8cwaS.s:367    .text.HAL_DMA2D_Start:00000000 $t
C:\msys64\tmp\ccU8cwaS.s:373    .text.HAL_DMA2D_Start:00000000 HAL_DMA2D_Start
C:\msys64\tmp\ccU8cwaS.s:440    .text.HAL_DMA2D_Start_IT:00000000 $t
C:\msys64\tmp\ccU8cwaS.s:446    .text.HAL_DMA2D_Start_IT:00000000 HAL_DMA2D_Start_IT
C:\msys64\tmp\ccU8cwaS.s:518    .text.HAL_DMA2D_BlendingStart:00000000 $t
C:\msys64\tmp\ccU8cwaS.s:524    .text.HAL_DMA2D_BlendingStart:00000000 HAL_DMA2D_BlendingStart
C:\msys64\tmp\ccU8cwaS.s:650    .text.HAL_DMA2D_BlendingStart_IT:00000000 $t
C:\msys64\tmp\ccU8cwaS.s:656    .text.HAL_DMA2D_BlendingStart_IT:00000000 HAL_DMA2D_BlendingStart_IT
C:\msys64\tmp\ccU8cwaS.s:787    .text.HAL_DMA2D_Abort:00000000 $t
C:\msys64\tmp\ccU8cwaS.s:793    .text.HAL_DMA2D_Abort:00000000 HAL_DMA2D_Abort
C:\msys64\tmp\ccU8cwaS.s:883    .text.HAL_DMA2D_Suspend:00000000 $t
C:\msys64\tmp\ccU8cwaS.s:889    .text.HAL_DMA2D_Suspend:00000000 HAL_DMA2D_Suspend
C:\msys64\tmp\ccU8cwaS.s:981    .text.HAL_DMA2D_Resume:00000000 $t
C:\msys64\tmp\ccU8cwaS.s:987    .text.HAL_DMA2D_Resume:00000000 HAL_DMA2D_Resume
C:\msys64\tmp\ccU8cwaS.s:1027   .text.HAL_DMA2D_EnableCLUT:00000000 $t
C:\msys64\tmp\ccU8cwaS.s:1033   .text.HAL_DMA2D_EnableCLUT:00000000 HAL_DMA2D_EnableCLUT
C:\msys64\tmp\ccU8cwaS.s:1091   .text.HAL_DMA2D_CLUTStartLoad:00000000 $t
C:\msys64\tmp\ccU8cwaS.s:1097   .text.HAL_DMA2D_CLUTStartLoad:00000000 HAL_DMA2D_CLUTStartLoad
C:\msys64\tmp\ccU8cwaS.s:1209   .text.HAL_DMA2D_CLUTStartLoad:00000074 $d
C:\msys64\tmp\ccU8cwaS.s:1214   .text.HAL_DMA2D_CLUTStartLoad_IT:00000000 $t
C:\msys64\tmp\ccU8cwaS.s:1220   .text.HAL_DMA2D_CLUTStartLoad_IT:00000000 HAL_DMA2D_CLUTStartLoad_IT
C:\msys64\tmp\ccU8cwaS.s:1342   .text.HAL_DMA2D_CLUTStartLoad_IT:00000088 $d
C:\msys64\tmp\ccU8cwaS.s:1347   .text.HAL_DMA2D_CLUTLoad:00000000 $t
C:\msys64\tmp\ccU8cwaS.s:1353   .text.HAL_DMA2D_CLUTLoad:00000000 HAL_DMA2D_CLUTLoad
C:\msys64\tmp\ccU8cwaS.s:1466   .text.HAL_DMA2D_CLUTLoad:00000080 $d
C:\msys64\tmp\ccU8cwaS.s:1471   .text.HAL_DMA2D_CLUTLoad_IT:00000000 $t
C:\msys64\tmp\ccU8cwaS.s:1477   .text.HAL_DMA2D_CLUTLoad_IT:00000000 HAL_DMA2D_CLUTLoad_IT
C:\msys64\tmp\ccU8cwaS.s:1600   .text.HAL_DMA2D_CLUTLoad_IT:00000094 $d
C:\msys64\tmp\ccU8cwaS.s:1605   .text.HAL_DMA2D_CLUTLoading_Abort:00000000 $t
C:\msys64\tmp\ccU8cwaS.s:1611   .text.HAL_DMA2D_CLUTLoading_Abort:00000000 HAL_DMA2D_CLUTLoading_Abort
C:\msys64\tmp\ccU8cwaS.s:1722   .text.HAL_DMA2D_DeInit:00000000 $t
C:\msys64\tmp\ccU8cwaS.s:1728   .text.HAL_DMA2D_DeInit:00000000 HAL_DMA2D_DeInit
C:\msys64\tmp\ccU8cwaS.s:1888   .text.HAL_DMA2D_DeInit:00000090 $d
C:\msys64\tmp\ccU8cwaS.s:1893   .text.HAL_DMA2D_CLUTLoading_Suspend:00000000 $t
C:\msys64\tmp\ccU8cwaS.s:1899   .text.HAL_DMA2D_CLUTLoading_Suspend:00000000 HAL_DMA2D_CLUTLoading_Suspend
C:\msys64\tmp\ccU8cwaS.s:2067   .text.HAL_DMA2D_CLUTLoading_Resume:00000000 $t
C:\msys64\tmp\ccU8cwaS.s:2073   .text.HAL_DMA2D_CLUTLoading_Resume:00000000 HAL_DMA2D_CLUTLoading_Resume
C:\msys64\tmp\ccU8cwaS.s:2139   .text.HAL_DMA2D_PollForTransfer:00000000 $t
C:\msys64\tmp\ccU8cwaS.s:2145   .text.HAL_DMA2D_PollForTransfer:00000000 HAL_DMA2D_PollForTransfer
C:\msys64\tmp\ccU8cwaS.s:2455   .text.HAL_DMA2D_LineEventCallback:00000000 $t
C:\msys64\tmp\ccU8cwaS.s:2461   .text.HAL_DMA2D_LineEventCallback:00000000 HAL_DMA2D_LineEventCallback
C:\msys64\tmp\ccU8cwaS.s:2476   .text.HAL_DMA2D_CLUTLoadingCpltCallback:00000000 $t
C:\msys64\tmp\ccU8cwaS.s:2482   .text.HAL_DMA2D_CLUTLoadingCpltCallback:00000000 HAL_DMA2D_CLUTLoadingCpltCallback
C:\msys64\tmp\ccU8cwaS.s:2497   .text.HAL_DMA2D_IRQHandler:00000000 $t
ARM GAS  C:\msys64\tmp\ccU8cwaS.s 			page 118


C:\msys64\tmp\ccU8cwaS.s:2503   .text.HAL_DMA2D_IRQHandler:00000000 HAL_DMA2D_IRQHandler
C:\msys64\tmp\ccU8cwaS.s:2764   .text.HAL_DMA2D_ConfigLayer:00000000 $t
C:\msys64\tmp\ccU8cwaS.s:2770   .text.HAL_DMA2D_ConfigLayer:00000000 HAL_DMA2D_ConfigLayer
C:\msys64\tmp\ccU8cwaS.s:2992   .text.HAL_DMA2D_ConfigLayer:000000f8 $d
C:\msys64\tmp\ccU8cwaS.s:2999   .text.HAL_DMA2D_ConfigCLUT:00000000 $t
C:\msys64\tmp\ccU8cwaS.s:3005   .text.HAL_DMA2D_ConfigCLUT:00000000 HAL_DMA2D_ConfigCLUT
C:\msys64\tmp\ccU8cwaS.s:3113   .text.HAL_DMA2D_ConfigCLUT:00000078 $d
C:\msys64\tmp\ccU8cwaS.s:3118   .text.HAL_DMA2D_ProgramLineEvent:00000000 $t
C:\msys64\tmp\ccU8cwaS.s:3124   .text.HAL_DMA2D_ProgramLineEvent:00000000 HAL_DMA2D_ProgramLineEvent
C:\msys64\tmp\ccU8cwaS.s:3193   .text.HAL_DMA2D_EnableDeadTime:00000000 $t
C:\msys64\tmp\ccU8cwaS.s:3199   .text.HAL_DMA2D_EnableDeadTime:00000000 HAL_DMA2D_EnableDeadTime
C:\msys64\tmp\ccU8cwaS.s:3250   .text.HAL_DMA2D_DisableDeadTime:00000000 $t
C:\msys64\tmp\ccU8cwaS.s:3256   .text.HAL_DMA2D_DisableDeadTime:00000000 HAL_DMA2D_DisableDeadTime
C:\msys64\tmp\ccU8cwaS.s:3307   .text.HAL_DMA2D_ConfigDeadTime:00000000 $t
C:\msys64\tmp\ccU8cwaS.s:3313   .text.HAL_DMA2D_ConfigDeadTime:00000000 HAL_DMA2D_ConfigDeadTime
C:\msys64\tmp\ccU8cwaS.s:3376   .text.HAL_DMA2D_GetState:00000000 $t
C:\msys64\tmp\ccU8cwaS.s:3382   .text.HAL_DMA2D_GetState:00000000 HAL_DMA2D_GetState
C:\msys64\tmp\ccU8cwaS.s:3400   .text.HAL_DMA2D_GetError:00000000 $t
C:\msys64\tmp\ccU8cwaS.s:3406   .text.HAL_DMA2D_GetError:00000000 HAL_DMA2D_GetError

UNDEFINED SYMBOLS
HAL_GetTick
